-- phpMyAdmin SQL Dump
-- version 4.8.4
-- https://www.phpmyadmin.net/
--
-- Host: 127.0.0.1
-- Waktu pembuatan: 16 Des 2025 pada 18.47
-- Versi server: 10.1.37-MariaDB
-- Versi PHP: 5.6.40

SET SQL_MODE = "NO_AUTO_VALUE_ON_ZERO";
SET AUTOCOMMIT = 0;
START TRANSACTION;
SET time_zone = "+00:00";


/*!40101 SET @OLD_CHARACTER_SET_CLIENT=@@CHARACTER_SET_CLIENT */;
/*!40101 SET @OLD_CHARACTER_SET_RESULTS=@@CHARACTER_SET_RESULTS */;
/*!40101 SET @OLD_COLLATION_CONNECTION=@@COLLATION_CONNECTION */;
/*!40101 SET NAMES utf8mb4 */;

--
-- Database: `lms`
--

-- --------------------------------------------------------

--
-- Struktur dari tabel `rb_absensi_guru`
--

CREATE TABLE `rb_absensi_guru` (
  `id_absensi_guru` int(5) NOT NULL,
  `kodejdwl` int(10) NOT NULL,
  `nip` varchar(20) NOT NULL,
  `kode_kehadiran` varchar(5) NOT NULL,
  `tanggal` date NOT NULL,
  `waktu_input` datetime NOT NULL
) ENGINE=MyISAM DEFAULT CHARSET=latin1;

--
-- Dumping data untuk tabel `rb_absensi_guru`
--

INSERT INTO `rb_absensi_guru` (`id_absensi_guru`, `kodejdwl`, `nip`, `kode_kehadiran`, `tanggal`, `waktu_input`) VALUES
(1, 33, '195806161984000002', 'H', '2023-08-29', '2023-08-29 11:16:58'),
(2, 13, '195704111980032004', 'H', '2023-09-18', '2023-09-18 02:40:47'),
(3, 5, '195806161984000001', 'I', '2023-09-18', '2023-09-18 02:40:47'),
(4, 14, '195806161984032002', 'H', '2023-09-18', '2023-09-18 02:40:47'),
(5, 5, '195806161984000001', 'H', '2023-09-19', '2023-09-19 07:20:01'),
(6, 13, '195704111980032004', 'H', '2023-09-19', '2023-09-19 07:20:01'),
(7, 14, '195806161984032002', 'H', '2023-09-19', '2023-09-19 07:20:01'),
(8, 34, '195704111980032004', 'H', '2023-09-19', '2023-09-19 07:20:01'),
(9, 40, '12345', 'H', '2023-10-19', '2023-10-19 00:49:50'),
(10, 37, '195806161984000003', 'S', '2023-10-19', '2023-10-19 00:49:50'),
(11, 41, '12345', 'H', '2023-10-19', '2023-10-19 00:49:50'),
(12, 67, '23', 'I', '2023-11-28', '2023-11-28 00:48:52'),
(13, 66, '30', 'H', '2023-11-28', '2023-11-28 00:48:52'),
(14, 70, '20', 'H', '2023-11-28', '2023-11-28 00:48:52'),
(15, 69, '21', 'H', '2023-11-28', '2023-11-28 00:48:52'),
(16, 71, '31', 'H', '2023-11-28', '2023-11-28 00:48:52'),
(17, 73, '30', 'H', '2023-11-28', '2023-11-28 00:48:52'),
(18, 72, '19', 'H', '2023-11-28', '2023-11-28 00:48:52'),
(19, 74, '31', 'H', '2023-11-28', '2023-11-28 00:48:52'),
(20, 77, '17', 'H', '2023-11-28', '2023-11-28 00:48:52'),
(21, 78, '15', 'H', '2023-11-28', '2023-11-28 00:48:52'),
(22, 75, '18', 'H', '2023-11-28', '2023-11-28 00:48:52'),
(23, 79, '8', 'H', '2023-11-28', '2023-11-28 00:48:52'),
(24, 190, '23', 'A', '2023-11-29', '2023-11-29 17:37:18'),
(25, 67, '23', 'H', '2023-11-29', '2023-11-29 17:37:18'),
(26, 66, '30', 'H', '2023-11-29', '2023-11-29 17:37:18'),
(27, 191, '23', 'H', '2023-11-29', '2023-11-29 17:37:18'),
(28, 69, '21', 'H', '2023-11-29', '2023-11-29 17:37:18'),
(29, 70, '20', 'H', '2023-11-29', '2023-11-29 17:37:18'),
(30, 71, '31', 'H', '2023-11-29', '2023-11-29 17:37:18'),
(31, 74, '31', 'H', '2023-11-29', '2023-11-29 17:37:18'),
(32, 72, '19', 'H', '2023-11-29', '2023-11-29 17:37:18'),
(33, 75, '18', 'H', '2023-11-29', '2023-11-29 17:37:18'),
(34, 77, '17', 'H', '2023-11-29', '2023-11-29 17:37:18'),
(35, 78, '15', 'H', '2023-11-29', '2023-11-29 17:37:18'),
(36, 79, '8', 'H', '2023-11-29', '2023-11-29 17:37:18'),
(37, 80, '11', 'H', '2023-11-29', '2023-11-29 17:37:18');

-- --------------------------------------------------------

--
-- Struktur dari tabel `rb_absensi_siswa`
--

CREATE TABLE `rb_absensi_siswa` (
  `id_absensi_siswa` int(5) NOT NULL,
  `kodejdwl` int(10) NOT NULL,
  `nisn` varchar(20) NOT NULL,
  `kode_kehadiran` varchar(5) NOT NULL,
  `tanggal` date NOT NULL,
  `waktu_input` datetime NOT NULL
) ENGINE=MyISAM DEFAULT CHARSET=latin1;

--
-- Dumping data untuk tabel `rb_absensi_siswa`
--

INSERT INTO `rb_absensi_siswa` (`id_absensi_siswa`, `kodejdwl`, `nisn`, `kode_kehadiran`, `tanggal`, `waktu_input`) VALUES
(1, 0, '9991268756', 'H', '2023-08-29', '2023-08-29 11:19:54'),
(2, 0, '0151379251', 'H', '2023-08-29', '2023-08-29 11:19:54'),
(3, 0, '0004107204', 'H', '2023-08-29', '2023-08-29 11:19:54'),
(4, 0, '9998218087', 'H', '2023-08-29', '2023-08-29 11:19:54'),
(5, 0, '0007105659', 'H', '2023-08-29', '2023-08-29 11:19:54'),
(6, 0, '0000267795', 'H', '2023-08-29', '2023-08-29 11:19:54'),
(7, 0, '0007011100', 'H', '2023-08-29', '2023-08-29 11:19:54'),
(8, 0, '0000261160', 'H', '2023-08-29', '2023-08-29 11:19:54'),
(9, 0, '9991261263', 'H', '2023-08-29', '2023-08-29 11:19:54'),
(10, 0, '9994930260', 'H', '2023-08-29', '2023-08-29 11:19:54'),
(11, 0, '9991262828', 'H', '2023-08-29', '2023-08-29 11:19:54'),
(12, 0, '9991261271', 'H', '2023-08-29', '2023-08-29 11:19:54'),
(13, 0, '9998214151', 'H', '2023-08-29', '2023-08-29 11:19:54'),
(14, 0, '0000282457', 'H', '2023-08-29', '2023-08-29 11:19:54'),
(15, 0, '0126523169', 'H', '2023-08-29', '2023-08-29 11:19:54'),
(16, 0, '9997515863', 'H', '2023-08-29', '2023-08-29 11:19:54'),
(17, 0, '9991261719', 'H', '2023-08-29', '2023-08-29 11:19:54'),
(18, 0, '0000240365', 'H', '2023-08-29', '2023-08-29 11:19:54'),
(19, 0, '9998214335', 'H', '2023-08-29', '2023-08-29 11:19:54'),
(20, 0, '9998215055', 'H', '2023-08-29', '2023-08-29 11:19:54'),
(21, 0, '0002882643', 'H', '2023-08-29', '2023-08-29 11:19:54'),
(22, 0, '0009170412', 'H', '2023-08-29', '2023-08-29 11:19:54'),
(23, 0, '0005405460', 'H', '2023-08-29', '2023-08-29 11:19:54'),
(24, 0, '0007675125', 'H', '2023-08-29', '2023-08-29 11:19:54'),
(25, 0, '9991384898', 'H', '2023-08-29', '2023-08-29 11:19:54'),
(26, 0, '9991260829', 'H', '2023-08-29', '2023-08-29 11:19:54'),
(27, 0, '0007011850', 'H', '2023-08-29', '2023-08-29 11:19:54'),
(28, 0, '9993841192', 'H', '2023-08-29', '2023-08-29 11:19:54'),
(29, 0, '0000423077', 'H', '2023-08-29', '2023-08-29 11:19:54'),
(30, 0, '0000261542', 'H', '2023-08-29', '2023-08-29 11:19:54'),
(31, 0, '0002731714', 'H', '2023-08-29', '2023-08-29 11:19:54'),
(32, 0, '0000282184', 'H', '2023-08-29', '2023-08-29 11:19:54'),
(33, 0, '9991263477', 'H', '2023-08-29', '2023-08-29 11:19:54'),
(34, 0, '9999152999', 'H', '2023-08-29', '2023-08-29 11:19:54'),
(35, 0, '0000261141', 'H', '2023-08-29', '2023-08-29 11:19:54'),
(36, 0, '9991268756', 'I', '2023-09-18', '2023-09-19 07:23:38'),
(37, 0, '0151379251', 'H', '2023-09-18', '2023-09-19 07:23:38'),
(38, 0, '0004107204', 'H', '2023-09-18', '2023-09-19 07:23:38'),
(39, 0, '9998218087', 'H', '2023-09-18', '2023-09-19 07:23:38'),
(40, 0, '0007105659', 'H', '2023-09-18', '2023-09-19 07:23:38'),
(41, 0, '0000267795', 'H', '2023-09-18', '2023-09-19 07:23:38'),
(42, 0, '0007011100', 'H', '2023-09-18', '2023-09-19 07:23:38'),
(43, 0, '0000261160', 'H', '2023-09-18', '2023-09-19 07:23:38'),
(44, 0, '9991261263', 'H', '2023-09-18', '2023-09-19 07:23:38'),
(45, 0, '9994930260', 'H', '2023-09-18', '2023-09-19 07:23:38'),
(46, 0, '9991262828', 'H', '2023-09-18', '2023-09-19 07:23:38'),
(47, 0, '9991261271', 'H', '2023-09-18', '2023-09-19 07:23:38'),
(48, 0, '9998214151', 'H', '2023-09-18', '2023-09-19 07:23:38'),
(49, 0, '0000282457', 'H', '2023-09-18', '2023-09-19 07:23:38'),
(50, 0, '0126523169', 'H', '2023-09-18', '2023-09-19 07:23:38'),
(51, 0, '9997515863', 'H', '2023-09-18', '2023-09-19 07:23:38'),
(52, 0, '9991261719', 'H', '2023-09-18', '2023-09-19 07:23:38'),
(53, 0, '0000240365', 'H', '2023-09-18', '2023-09-19 07:23:38'),
(54, 0, '9998214335', 'H', '2023-09-18', '2023-09-19 07:23:38'),
(55, 0, '9998215055', 'H', '2023-09-18', '2023-09-19 07:23:38'),
(56, 0, '0002882643', 'H', '2023-09-18', '2023-09-19 07:23:38'),
(57, 0, '0009170412', 'H', '2023-09-18', '2023-09-19 07:23:38'),
(58, 0, '0005405460', 'H', '2023-09-18', '2023-09-19 07:23:38'),
(59, 0, '0007675125', 'H', '2023-09-18', '2023-09-19 07:23:38'),
(60, 0, '9991384898', 'H', '2023-09-18', '2023-09-19 07:23:38'),
(61, 0, '9991260829', 'H', '2023-09-18', '2023-09-19 07:23:38'),
(62, 0, '0007011850', 'H', '2023-09-18', '2023-09-19 07:23:38'),
(63, 0, '9993841192', 'H', '2023-09-18', '2023-09-19 07:23:38'),
(64, 0, '0000423077', 'H', '2023-09-18', '2023-09-19 07:23:38'),
(65, 0, '0000261542', 'H', '2023-09-18', '2023-09-19 07:23:38'),
(66, 0, '0002731714', 'H', '2023-09-18', '2023-09-19 07:23:38'),
(67, 0, '0000282184', 'H', '2023-09-18', '2023-09-19 07:23:38'),
(68, 0, '9991263477', 'H', '2023-09-18', '2023-09-19 07:23:38'),
(69, 0, '9999152999', 'H', '2023-09-18', '2023-09-19 07:23:38'),
(70, 0, '0000261141', 'H', '2023-09-18', '2023-09-19 07:23:38'),
(71, 0, '0076051213', 'A', '2023-11-28', '2023-11-28 00:33:53'),
(72, 0, '0068976414', 'H', '2023-11-28', '2023-11-28 00:33:53'),
(73, 0, '0069462744', 'H', '2023-11-28', '2023-11-28 00:33:53'),
(74, 0, '0065493516', 'H', '2023-11-28', '2023-11-28 00:33:53'),
(75, 0, '0067210342', 'H', '2023-11-28', '2023-11-28 00:33:53'),
(76, 0, '0077470671', 'H', '2023-11-28', '2023-11-28 00:33:53'),
(77, 0, '0078386288', 'H', '2023-11-28', '2023-11-28 00:33:53'),
(78, 0, '0064444364', 'H', '2023-11-28', '2023-11-28 00:33:53'),
(79, 0, '0062383420', 'H', '2023-11-28', '2023-11-28 00:33:53'),
(80, 0, '0075303024', 'H', '2023-11-28', '2023-11-28 00:33:53'),
(81, 0, '0062712964', 'H', '2023-11-28', '2023-11-28 00:33:53'),
(82, 0, '0074474092', 'H', '2023-11-28', '2023-11-28 00:33:53'),
(83, 0, '0064752941', 'H', '2023-11-28', '2023-11-28 00:33:53'),
(84, 0, '3061543075', 'H', '2023-11-28', '2023-11-28 00:33:53'),
(85, 0, '3067679213', 'H', '2023-11-28', '2023-11-28 00:33:53'),
(86, 0, '0075956903', 'H', '2023-11-28', '2023-11-28 00:33:53'),
(87, 0, '0066264093', 'H', '2023-11-28', '2023-11-28 00:33:53'),
(88, 0, '0071668941', 'H', '2023-11-28', '2023-11-28 00:33:53'),
(89, 0, '0061486709', 'H', '2023-11-28', '2023-11-28 00:33:53'),
(90, 0, '0072689377', 'H', '2023-11-28', '2023-11-28 00:33:53'),
(91, 0, '0066449226', 'H', '2023-11-28', '2023-11-28 00:33:53'),
(92, 0, '345123', 'H', '2023-11-28', '2023-11-28 00:33:53'),
(93, 0, '0076051213', 'A', '2023-11-26', '2023-11-28 00:37:07'),
(94, 0, '0068976414', 'H', '2023-11-26', '2023-11-28 00:37:07'),
(95, 0, '0069462744', 'H', '2023-11-26', '2023-11-28 00:37:07'),
(96, 0, '0065493516', 'H', '2023-11-26', '2023-11-28 00:37:07'),
(97, 0, '0067210342', 'H', '2023-11-26', '2023-11-28 00:37:07'),
(98, 0, '0077470671', 'H', '2023-11-26', '2023-11-28 00:37:07'),
(99, 0, '0078386288', 'H', '2023-11-26', '2023-11-28 00:37:07'),
(100, 0, '0064444364', 'H', '2023-11-26', '2023-11-28 00:37:07'),
(101, 0, '0062383420', 'H', '2023-11-26', '2023-11-28 00:37:07'),
(102, 0, '0075303024', 'H', '2023-11-26', '2023-11-28 00:37:07'),
(103, 0, '0062712964', 'H', '2023-11-26', '2023-11-28 00:37:07'),
(104, 0, '0074474092', 'H', '2023-11-26', '2023-11-28 00:37:07'),
(105, 0, '0064752941', 'H', '2023-11-26', '2023-11-28 00:37:07'),
(106, 0, '3061543075', 'H', '2023-11-26', '2023-11-28 00:37:07'),
(107, 0, '3067679213', 'H', '2023-11-26', '2023-11-28 00:37:07'),
(108, 0, '0075956903', 'H', '2023-11-26', '2023-11-28 00:37:07'),
(109, 0, '0066264093', 'H', '2023-11-26', '2023-11-28 00:37:07'),
(110, 0, '0071668941', 'H', '2023-11-26', '2023-11-28 00:37:07'),
(111, 0, '0061486709', 'H', '2023-11-26', '2023-11-28 00:37:07'),
(112, 0, '0072689377', 'H', '2023-11-26', '2023-11-28 00:37:07'),
(113, 0, '0066449226', 'H', '2023-11-26', '2023-11-28 00:37:07'),
(114, 0, '345123', 'H', '2023-11-26', '2023-11-28 00:37:07'),
(115, 190, '0076051213', 'S', '2023-11-30', '2023-11-30 17:28:27'),
(116, 190, '0068976414', 'H', '2023-11-30', '2023-11-30 17:28:27'),
(117, 190, '0069462744', 'H', '2023-11-30', '2023-11-30 17:28:27'),
(118, 190, '0065493516', 'H', '2023-11-30', '2023-11-30 17:28:27'),
(119, 190, '0067210342', 'H', '2023-11-30', '2023-11-30 17:28:27'),
(120, 190, '0077470671', 'H', '2023-11-30', '2023-11-30 17:28:27'),
(121, 190, '0078386288', 'H', '2023-11-30', '2023-11-30 17:28:27'),
(122, 190, '0064444364', 'H', '2023-11-30', '2023-11-30 17:28:27'),
(123, 190, '0062383420', 'H', '2023-11-30', '2023-11-30 17:28:27'),
(124, 190, '0075303024', 'H', '2023-11-30', '2023-11-30 17:28:27'),
(125, 190, '0062712964', 'H', '2023-11-30', '2023-11-30 17:28:27'),
(126, 190, '0074474092', 'H', '2023-11-30', '2023-11-30 17:28:27'),
(127, 190, '0064752941', 'H', '2023-11-30', '2023-11-30 17:28:27'),
(128, 190, '3061543075', 'H', '2023-11-30', '2023-11-30 17:28:27'),
(129, 190, '3067679213', 'H', '2023-11-30', '2023-11-30 17:28:27'),
(130, 190, '0075956903', 'H', '2023-11-30', '2023-11-30 17:28:27'),
(131, 190, '0066264093', 'H', '2023-11-30', '2023-11-30 17:28:27'),
(132, 190, '0071668941', 'H', '2023-11-30', '2023-11-30 17:28:27'),
(133, 190, '0061486709', 'H', '2023-11-30', '2023-11-30 17:28:27'),
(134, 190, '0072689377', 'H', '2023-11-30', '2023-11-30 17:28:27'),
(135, 190, '0066449226', 'H', '2023-11-30', '2023-11-30 17:28:27'),
(136, 190, '345123', 'H', '2023-11-30', '2023-11-30 17:28:27'),
(137, 190, '0987', 'H', '2023-11-30', '2023-11-30 17:28:27'),
(138, 0, '0076051213', 'A', '2023-11-27', '2023-11-30 17:29:37'),
(139, 0, '0068976414', 'H', '2023-11-27', '2023-11-30 17:29:37'),
(140, 0, '0069462744', 'H', '2023-11-27', '2023-11-30 17:29:37'),
(141, 0, '0065493516', 'H', '2023-11-27', '2023-11-30 17:29:37'),
(142, 0, '0067210342', 'H', '2023-11-27', '2023-11-30 17:29:37'),
(143, 0, '0077470671', 'H', '2023-11-27', '2023-11-30 17:29:37'),
(144, 0, '0078386288', 'H', '2023-11-27', '2023-11-30 17:29:37'),
(145, 0, '0064444364', 'H', '2023-11-27', '2023-11-30 17:29:37'),
(146, 0, '0062383420', 'H', '2023-11-27', '2023-11-30 17:29:37'),
(147, 0, '0075303024', 'H', '2023-11-27', '2023-11-30 17:29:37'),
(148, 0, '0062712964', 'H', '2023-11-27', '2023-11-30 17:29:37'),
(149, 0, '0074474092', 'H', '2023-11-27', '2023-11-30 17:29:37'),
(150, 0, '0064752941', 'H', '2023-11-27', '2023-11-30 17:29:37'),
(151, 0, '3061543075', 'H', '2023-11-27', '2023-11-30 17:29:37'),
(152, 0, '3067679213', 'H', '2023-11-27', '2023-11-30 17:29:37'),
(153, 0, '0075956903', 'H', '2023-11-27', '2023-11-30 17:29:37'),
(154, 0, '0066264093', 'H', '2023-11-27', '2023-11-30 17:29:37'),
(155, 0, '0071668941', 'H', '2023-11-27', '2023-11-30 17:29:37'),
(156, 0, '0061486709', 'H', '2023-11-27', '2023-11-30 17:29:37'),
(157, 0, '0072689377', 'H', '2023-11-27', '2023-11-30 17:29:37'),
(158, 0, '0066449226', 'H', '2023-11-27', '2023-11-30 17:29:37'),
(159, 0, '345123', 'H', '2023-11-27', '2023-11-30 17:29:37'),
(160, 0, '0987', 'A', '2023-11-27', '2023-11-30 17:29:37'),
(161, 0, '0076051213', 'A', '2023-11-16', '2023-11-30 17:29:53'),
(162, 0, '0068976414', 'H', '2023-11-16', '2023-11-30 17:29:53'),
(163, 0, '0069462744', 'H', '2023-11-16', '2023-11-30 17:29:53'),
(164, 0, '0065493516', 'H', '2023-11-16', '2023-11-30 17:29:53'),
(165, 0, '0067210342', 'H', '2023-11-16', '2023-11-30 17:29:53'),
(166, 0, '0077470671', 'H', '2023-11-16', '2023-11-30 17:29:53'),
(167, 0, '0078386288', 'H', '2023-11-16', '2023-11-30 17:29:53'),
(168, 0, '0064444364', 'H', '2023-11-16', '2023-11-30 17:29:53'),
(169, 0, '0062383420', 'H', '2023-11-16', '2023-11-30 17:29:53'),
(170, 0, '0075303024', 'H', '2023-11-16', '2023-11-30 17:29:53'),
(171, 0, '0062712964', 'H', '2023-11-16', '2023-11-30 17:29:53'),
(172, 0, '0074474092', 'H', '2023-11-16', '2023-11-30 17:29:53'),
(173, 0, '0064752941', 'H', '2023-11-16', '2023-11-30 17:29:53'),
(174, 0, '3061543075', 'H', '2023-11-16', '2023-11-30 17:29:53'),
(175, 0, '3067679213', 'H', '2023-11-16', '2023-11-30 17:29:53'),
(176, 0, '0075956903', 'H', '2023-11-16', '2023-11-30 17:29:53'),
(177, 0, '0066264093', 'H', '2023-11-16', '2023-11-30 17:29:53'),
(178, 0, '0071668941', 'H', '2023-11-16', '2023-11-30 17:29:53'),
(179, 0, '0061486709', 'H', '2023-11-16', '2023-11-30 17:29:53'),
(180, 0, '0072689377', 'H', '2023-11-16', '2023-11-30 17:29:53'),
(181, 0, '0066449226', 'H', '2023-11-16', '2023-11-30 17:29:53'),
(182, 0, '345123', 'H', '2023-11-16', '2023-11-30 17:29:53'),
(183, 0, '0987', 'A', '2023-11-16', '2023-11-30 17:29:53'),
(184, 0, '0076051213', 'A', '2023-11-30', '2023-11-30 17:30:56'),
(185, 0, '0068976414', 'H', '2023-11-30', '2023-11-30 17:30:56'),
(186, 0, '0069462744', 'H', '2023-11-30', '2023-11-30 17:30:56'),
(187, 0, '0065493516', 'H', '2023-11-30', '2023-11-30 17:30:56'),
(188, 0, '0067210342', 'H', '2023-11-30', '2023-11-30 17:30:56'),
(189, 0, '0077470671', 'H', '2023-11-30', '2023-11-30 17:30:56'),
(190, 0, '0078386288', 'H', '2023-11-30', '2023-11-30 17:30:56'),
(191, 0, '0064444364', 'H', '2023-11-30', '2023-11-30 17:30:56'),
(192, 0, '0062383420', 'H', '2023-11-30', '2023-11-30 17:30:56'),
(193, 0, '0075303024', 'H', '2023-11-30', '2023-11-30 17:30:56'),
(194, 0, '0062712964', 'H', '2023-11-30', '2023-11-30 17:30:56'),
(195, 0, '0074474092', 'H', '2023-11-30', '2023-11-30 17:30:56'),
(196, 0, '0064752941', 'H', '2023-11-30', '2023-11-30 17:30:56'),
(197, 0, '3061543075', 'H', '2023-11-30', '2023-11-30 17:30:56'),
(198, 0, '3067679213', 'H', '2023-11-30', '2023-11-30 17:30:56'),
(199, 0, '0075956903', 'H', '2023-11-30', '2023-11-30 17:30:56'),
(200, 0, '0066264093', 'H', '2023-11-30', '2023-11-30 17:30:56'),
(201, 0, '0071668941', 'H', '2023-11-30', '2023-11-30 17:30:56'),
(202, 0, '0061486709', 'H', '2023-11-30', '2023-11-30 17:30:56'),
(203, 0, '0072689377', 'H', '2023-11-30', '2023-11-30 17:30:56'),
(204, 0, '0066449226', 'H', '2023-11-30', '2023-11-30 17:30:56'),
(205, 0, '345123', 'H', '2023-11-30', '2023-11-30 17:30:56'),
(206, 0, '0987', 'A', '2023-11-30', '2023-11-30 17:30:56'),
(207, 0, '0076051213', 'A', '2023-11-29', '2023-11-29 17:35:29'),
(208, 0, '0068976414', 'H', '2023-11-29', '2023-11-29 17:35:29'),
(209, 0, '0069462744', 'H', '2023-11-29', '2023-11-29 17:35:29'),
(210, 0, '0065493516', 'H', '2023-11-29', '2023-11-29 17:35:29'),
(211, 0, '0067210342', 'H', '2023-11-29', '2023-11-29 17:35:29'),
(212, 0, '0077470671', 'H', '2023-11-29', '2023-11-29 17:35:29'),
(213, 0, '0078386288', 'H', '2023-11-29', '2023-11-29 17:35:29'),
(214, 0, '0064444364', 'H', '2023-11-29', '2023-11-29 17:35:29'),
(215, 0, '0062383420', 'H', '2023-11-29', '2023-11-29 17:35:29'),
(216, 0, '0075303024', 'H', '2023-11-29', '2023-11-29 17:35:29'),
(217, 0, '0062712964', 'H', '2023-11-29', '2023-11-29 17:35:29'),
(218, 0, '0074474092', 'H', '2023-11-29', '2023-11-29 17:35:29'),
(219, 0, '0064752941', 'H', '2023-11-29', '2023-11-29 17:35:29'),
(220, 0, '3061543075', 'H', '2023-11-29', '2023-11-29 17:35:29'),
(221, 0, '3067679213', 'H', '2023-11-29', '2023-11-29 17:35:29'),
(222, 0, '0075956903', 'H', '2023-11-29', '2023-11-29 17:35:29'),
(223, 0, '0066264093', 'H', '2023-11-29', '2023-11-29 17:35:29'),
(224, 0, '0071668941', 'H', '2023-11-29', '2023-11-29 17:35:29'),
(225, 0, '0061486709', 'H', '2023-11-29', '2023-11-29 17:35:29'),
(226, 0, '0072689377', 'H', '2023-11-29', '2023-11-29 17:35:29'),
(227, 0, '0066449226', 'H', '2023-11-29', '2023-11-29 17:35:29'),
(228, 0, '345123', 'H', '2023-11-29', '2023-11-29 17:35:29'),
(229, 0, '0987', 'A', '2023-11-29', '2023-11-29 17:35:29'),
(230, 0, '20235901', 'H', '2025-10-13', '2025-10-17 02:22:33'),
(231, 0, '111', 'I', '2025-10-19', '2025-10-19 23:33:02'),
(232, 0, '111', 'I', '2025-10-17', '2025-10-19 23:33:46'),
(233, 0, '111', 'I', '2025-10-20', '2025-10-20 23:35:24'),
(234, 0, '111', 'I', '2025-10-21', '2025-10-19 23:40:41'),
(235, 250, '111', 'I', '2025-10-20', '2025-10-20 00:08:58'),
(236, 0, '111', 'I', '2025-11-05', '2025-11-05 09:38:14'),
(237, 0, '111', 'I', '2025-11-04', '2025-11-05 09:38:59'),
(238, 0, '111', 'I', '2025-11-12', '2025-11-12 23:45:51'),
(239, 0, '0079081864', 'H', '2025-11-18', '2025-11-19 10:53:24'),
(240, 0, '0074781889', 'H', '2025-11-18', '2025-11-19 10:53:24'),
(241, 0, '0075388318', 'H', '2025-11-18', '2025-11-19 10:53:24'),
(242, 0, '0078807783', 'H', '2025-11-18', '2025-11-19 10:53:24'),
(243, 0, '0082587083', 'H', '2025-11-18', '2025-11-19 10:53:24'),
(244, 0, '0089610903', 'H', '2025-11-18', '2025-11-19 10:53:24'),
(245, 0, '0086951064', 'H', '2025-11-18', '2025-11-19 10:53:24'),
(246, 0, '0061679153', 'H', '2025-11-18', '2025-11-19 10:53:24'),
(247, 0, '0083769238', 'H', '2025-11-18', '2025-11-19 10:53:24'),
(248, 0, '0078921728', 'H', '2025-11-18', '2025-11-19 10:53:24'),
(249, 0, '0074348072', 'H', '2025-11-18', '2025-11-19 10:53:24'),
(250, 0, '0098000543', 'I', '2025-11-20', '2025-11-20 15:33:13'),
(251, 0, '0102120848', 'S', '2025-11-20', '2025-11-20 15:33:13'),
(252, 0, '0099374213', 'A', '2025-11-20', '2025-11-20 15:33:13'),
(253, 0, '0099447076', 'H', '2025-11-20', '2025-11-20 15:33:13'),
(254, 0, '0098936897', 'H', '2025-11-20', '2025-11-20 15:33:13'),
(255, 0, '0106384510', 'H', '2025-11-20', '2025-11-20 15:33:13'),
(256, 0, '0093579721', 'H', '2025-11-20', '2025-11-20 15:33:13'),
(257, 0, '3096037596', 'H', '2025-11-20', '2025-11-20 15:33:13'),
(258, 0, '0099655451', 'H', '2025-11-20', '2025-11-20 15:33:13'),
(259, 0, '0095702348', 'H', '2025-11-20', '2025-11-20 15:33:13'),
(260, 0, '0093692318', 'H', '2025-11-20', '2025-11-20 15:33:13'),
(261, 0, '0108913334', 'H', '2025-11-20', '2025-11-20 15:33:13'),
(262, 0, '3107464272', 'H', '2025-11-20', '2025-11-20 15:33:13'),
(263, 0, '0103689036', 'H', '2025-11-20', '2025-11-20 15:33:13'),
(264, 0, '0108458091', 'H', '2025-11-20', '2025-11-20 15:33:13'),
(265, 0, '3094657912', 'H', '2025-11-20', '2025-11-20 15:33:13'),
(266, 0, '3091082901', 'H', '2025-11-20', '2025-11-20 15:33:13'),
(267, 0, '0106683282', 'H', '2025-11-20', '2025-11-20 15:33:13'),
(268, 0, '0104649531', 'H', '2025-11-20', '2025-11-20 15:33:13'),
(269, 0, '0107937738', 'H', '2025-11-20', '2025-11-20 15:33:13'),
(270, 0, '3109515543', 'H', '2025-11-20', '2025-11-20 15:33:13'),
(271, 0, '0098268880', 'H', '2025-11-20', '2025-11-20 15:33:13'),
(272, 0, '3102397677', 'H', '2025-11-20', '2025-11-20 15:33:13'),
(273, 0, '0102791352', 'H', '2025-11-20', '2025-11-20 15:33:13'),
(274, 0, '0093481369', 'H', '2025-11-20', '2025-11-20 15:33:13'),
(275, 0, '0098722813', 'H', '2025-11-20', '2025-11-20 15:33:13'),
(276, 0, '3101949817', 'H', '2025-11-20', '2025-11-20 15:33:13'),
(277, 0, '0101269336', 'H', '2025-11-20', '2025-11-20 15:33:13'),
(278, 0, '0092251405', 'H', '2025-11-20', '2025-11-20 15:33:13'),
(279, 0, '0094666089', 'H', '2025-11-20', '2025-11-20 15:33:13'),
(280, 0, '0108081659', 'H', '2025-11-20', '2025-11-20 15:33:13'),
(281, 0, '0094534787', 'H', '2025-11-20', '2025-11-20 15:33:13'),
(282, 0, '0094914553', 'H', '2025-11-20', '2025-11-20 15:33:13'),
(283, 0, '0083981698', 'H', '2025-11-20', '2025-11-20 15:33:13'),
(284, 0, '0094026888', 'H', '2025-11-20', '2025-11-20 15:33:13'),
(285, 0, '0098206290', 'H', '2025-11-20', '2025-11-20 15:33:13'),
(286, 0, '0099408371', 'H', '2025-11-20', '2025-11-20 15:33:13'),
(287, 0, '0095694259', 'H', '2025-11-20', '2025-11-20 15:33:13'),
(288, 0, '0094644192', 'H', '2025-11-20', '2025-11-20 15:33:13'),
(289, 0, '0093301697', 'H', '2025-11-20', '2025-11-20 15:33:13'),
(290, 0, '0096165096', 'H', '2025-11-20', '2025-11-20 15:33:13'),
(291, 0, '0108298331', 'H', '2025-11-20', '2025-11-20 15:33:13'),
(292, 0, '0098000543', 'I', '2025-11-19', '2025-11-20 15:33:41'),
(293, 0, '0102120848', 'S', '2025-11-19', '2025-11-20 15:33:41'),
(294, 0, '0099374213', 'A', '2025-11-19', '2025-11-20 15:33:41'),
(295, 0, '0099447076', 'H', '2025-11-19', '2025-11-20 15:33:41'),
(296, 0, '0098936897', 'H', '2025-11-19', '2025-11-20 15:33:41'),
(297, 0, '0106384510', 'H', '2025-11-19', '2025-11-20 15:33:41'),
(298, 0, '0093579721', 'H', '2025-11-19', '2025-11-20 15:33:41'),
(299, 0, '3096037596', 'H', '2025-11-19', '2025-11-20 15:33:41'),
(300, 0, '0099655451', 'H', '2025-11-19', '2025-11-20 15:33:41'),
(301, 0, '0095702348', 'H', '2025-11-19', '2025-11-20 15:33:41'),
(302, 0, '0093692318', 'H', '2025-11-19', '2025-11-20 15:33:41'),
(303, 0, '0108913334', 'H', '2025-11-19', '2025-11-20 15:33:41'),
(304, 0, '3107464272', 'H', '2025-11-19', '2025-11-20 15:33:41'),
(305, 0, '0103689036', 'H', '2025-11-19', '2025-11-20 15:33:41'),
(306, 0, '0108458091', 'H', '2025-11-19', '2025-11-20 15:33:41'),
(307, 0, '3094657912', 'H', '2025-11-19', '2025-11-20 15:33:41'),
(308, 0, '3091082901', 'H', '2025-11-19', '2025-11-20 15:33:41'),
(309, 0, '0106683282', 'H', '2025-11-19', '2025-11-20 15:33:41'),
(310, 0, '0104649531', 'H', '2025-11-19', '2025-11-20 15:33:41'),
(311, 0, '0107937738', 'H', '2025-11-19', '2025-11-20 15:33:41'),
(312, 0, '3109515543', 'H', '2025-11-19', '2025-11-20 15:33:41'),
(313, 0, '0098268880', 'H', '2025-11-19', '2025-11-20 15:33:41'),
(314, 0, '3102397677', 'H', '2025-11-19', '2025-11-20 15:33:41'),
(315, 0, '0102791352', 'H', '2025-11-19', '2025-11-20 15:33:41'),
(316, 0, '0093481369', 'H', '2025-11-19', '2025-11-20 15:33:41'),
(317, 0, '0098722813', 'H', '2025-11-19', '2025-11-20 15:33:41'),
(318, 0, '3101949817', 'H', '2025-11-19', '2025-11-20 15:33:41'),
(319, 0, '0101269336', 'H', '2025-11-19', '2025-11-20 15:33:41'),
(320, 0, '0092251405', 'H', '2025-11-19', '2025-11-20 15:33:41'),
(321, 0, '0094666089', 'H', '2025-11-19', '2025-11-20 15:33:41'),
(322, 0, '0108081659', 'H', '2025-11-19', '2025-11-20 15:33:41'),
(323, 0, '0094534787', 'H', '2025-11-19', '2025-11-20 15:33:41'),
(324, 0, '0094914553', 'H', '2025-11-19', '2025-11-20 15:33:41'),
(325, 0, '0083981698', 'H', '2025-11-19', '2025-11-20 15:33:41'),
(326, 0, '0094026888', 'H', '2025-11-19', '2025-11-20 15:33:41'),
(327, 0, '0098206290', 'H', '2025-11-19', '2025-11-20 15:33:41'),
(328, 0, '0099408371', 'H', '2025-11-19', '2025-11-20 15:33:41'),
(329, 0, '0095694259', 'H', '2025-11-19', '2025-11-20 15:33:41'),
(330, 0, '0094644192', 'H', '2025-11-19', '2025-11-20 15:33:41'),
(331, 0, '0093301697', 'H', '2025-11-19', '2025-11-20 15:33:41'),
(332, 0, '0096165096', 'H', '2025-11-19', '2025-11-20 15:33:41'),
(333, 0, '0108298331', 'H', '2025-11-19', '2025-11-20 15:33:41'),
(334, 0, '0098000543', 'I', '2025-11-18', '2025-11-20 18:28:51'),
(335, 0, '0102120848', 'S', '2025-11-18', '2025-11-20 18:28:51'),
(336, 0, '0099374213', 'A', '2025-11-18', '2025-11-20 18:28:51'),
(337, 0, '0099447076', 'H', '2025-11-18', '2025-11-20 18:28:51'),
(338, 0, '0098936897', 'H', '2025-11-18', '2025-11-20 18:28:51'),
(339, 0, '0106384510', 'H', '2025-11-18', '2025-11-20 18:28:51'),
(340, 0, '0093579721', 'H', '2025-11-18', '2025-11-20 18:28:51'),
(341, 0, '3096037596', 'H', '2025-11-18', '2025-11-20 18:28:51'),
(342, 0, '0099655451', 'H', '2025-11-18', '2025-11-20 18:28:51'),
(343, 0, '0095702348', 'H', '2025-11-18', '2025-11-20 18:28:51'),
(344, 0, '0093692318', 'H', '2025-11-18', '2025-11-20 18:28:51'),
(345, 0, '0108913334', 'H', '2025-11-18', '2025-11-20 18:28:51'),
(346, 0, '3107464272', 'H', '2025-11-18', '2025-11-20 18:28:51'),
(347, 0, '0103689036', 'H', '2025-11-18', '2025-11-20 18:28:51'),
(348, 0, '0108458091', 'H', '2025-11-18', '2025-11-20 18:28:51'),
(349, 0, '3094657912', 'H', '2025-11-18', '2025-11-20 18:28:51'),
(350, 0, '3091082901', 'H', '2025-11-18', '2025-11-20 18:28:51'),
(351, 0, '0106683282', 'H', '2025-11-18', '2025-11-20 18:28:51'),
(352, 0, '0104649531', 'H', '2025-11-18', '2025-11-20 18:28:51'),
(353, 0, '0107937738', 'H', '2025-11-18', '2025-11-20 18:28:51'),
(354, 0, '3109515543', 'H', '2025-11-18', '2025-11-20 18:28:51'),
(355, 0, '0098268880', 'H', '2025-11-18', '2025-11-20 18:28:51'),
(356, 0, '3102397677', 'H', '2025-11-18', '2025-11-20 18:28:51'),
(357, 0, '0102791352', 'H', '2025-11-18', '2025-11-20 18:28:51'),
(358, 0, '0093481369', 'H', '2025-11-18', '2025-11-20 18:28:51'),
(359, 0, '0098722813', 'H', '2025-11-18', '2025-11-20 18:28:51'),
(360, 0, '3101949817', 'H', '2025-11-18', '2025-11-20 18:28:51'),
(361, 0, '0101269336', 'H', '2025-11-18', '2025-11-20 18:28:51'),
(362, 0, '0092251405', 'H', '2025-11-18', '2025-11-20 18:28:51'),
(363, 0, '0094666089', 'H', '2025-11-18', '2025-11-20 18:28:51'),
(364, 0, '0108081659', 'H', '2025-11-18', '2025-11-20 18:28:51'),
(365, 0, '0094534787', 'H', '2025-11-18', '2025-11-20 18:28:51'),
(366, 0, '0094914553', 'H', '2025-11-18', '2025-11-20 18:28:51'),
(367, 0, '0083981698', 'H', '2025-11-18', '2025-11-20 18:28:51'),
(368, 0, '0094026888', 'H', '2025-11-18', '2025-11-20 18:28:51'),
(369, 0, '0098206290', 'H', '2025-11-18', '2025-11-20 18:28:51'),
(370, 0, '0099408371', 'H', '2025-11-18', '2025-11-20 18:28:51'),
(371, 0, '0095694259', 'H', '2025-11-18', '2025-11-20 18:28:51'),
(372, 0, '0094644192', 'H', '2025-11-18', '2025-11-20 18:28:51'),
(373, 0, '0093301697', 'H', '2025-11-18', '2025-11-20 18:28:51'),
(374, 0, '0096165096', 'H', '2025-11-18', '2025-11-20 18:28:51'),
(375, 0, '0108298331', 'H', '2025-11-18', '2025-11-20 18:28:51'),
(376, 314, '0098000543', 'H', '2025-11-20', '2025-11-20 18:32:23'),
(377, 314, '0102120848', 'H', '2025-11-20', '2025-11-20 18:32:23'),
(378, 314, '0099374213', 'H', '2025-11-20', '2025-11-20 18:32:23'),
(379, 314, '0099447076', 'H', '2025-11-20', '2025-11-20 18:32:23'),
(380, 314, '0098936897', 'H', '2025-11-20', '2025-11-20 18:32:23'),
(381, 314, '0106384510', 'H', '2025-11-20', '2025-11-20 18:32:23'),
(382, 314, '0093579721', 'H', '2025-11-20', '2025-11-20 18:32:23'),
(383, 314, '3096037596', 'H', '2025-11-20', '2025-11-20 18:32:23'),
(384, 314, '0099655451', 'H', '2025-11-20', '2025-11-20 18:32:23'),
(385, 314, '0095702348', 'H', '2025-11-20', '2025-11-20 18:32:23'),
(386, 314, '0093692318', 'H', '2025-11-20', '2025-11-20 18:32:23'),
(387, 314, '0108913334', 'H', '2025-11-20', '2025-11-20 18:32:23'),
(388, 314, '3107464272', 'H', '2025-11-20', '2025-11-20 18:32:23'),
(389, 314, '0103689036', 'H', '2025-11-20', '2025-11-20 18:32:23'),
(390, 314, '0108458091', 'H', '2025-11-20', '2025-11-20 18:32:23'),
(391, 314, '3094657912', 'H', '2025-11-20', '2025-11-20 18:32:23'),
(392, 314, '3091082901', 'H', '2025-11-20', '2025-11-20 18:32:23'),
(393, 314, '0106683282', 'H', '2025-11-20', '2025-11-20 18:32:23'),
(394, 314, '0104649531', 'H', '2025-11-20', '2025-11-20 18:32:23'),
(395, 314, '0107937738', 'H', '2025-11-20', '2025-11-20 18:32:23'),
(396, 314, '3109515543', 'H', '2025-11-20', '2025-11-20 18:32:23'),
(397, 314, '0098268880', 'H', '2025-11-20', '2025-11-20 18:32:23'),
(398, 314, '3102397677', 'H', '2025-11-20', '2025-11-20 18:32:23'),
(399, 314, '0102791352', 'H', '2025-11-20', '2025-11-20 18:32:23'),
(400, 314, '0093481369', 'H', '2025-11-20', '2025-11-20 18:32:23'),
(401, 314, '0098722813', 'H', '2025-11-20', '2025-11-20 18:32:23'),
(402, 314, '3101949817', 'H', '2025-11-20', '2025-11-20 18:32:23'),
(403, 314, '0101269336', 'H', '2025-11-20', '2025-11-20 18:32:23'),
(404, 314, '0092251405', 'H', '2025-11-20', '2025-11-20 18:32:23'),
(405, 314, '0094666089', 'H', '2025-11-20', '2025-11-20 18:32:23'),
(406, 314, '0108081659', 'H', '2025-11-20', '2025-11-20 18:32:23'),
(407, 314, '0094534787', 'H', '2025-11-20', '2025-11-20 18:32:23'),
(408, 314, '0094914553', 'H', '2025-11-20', '2025-11-20 18:32:23'),
(409, 314, '0083981698', 'H', '2025-11-20', '2025-11-20 18:32:23'),
(410, 314, '0094026888', 'H', '2025-11-20', '2025-11-20 18:32:23'),
(411, 314, '0098206290', 'H', '2025-11-20', '2025-11-20 18:32:23'),
(412, 314, '0099408371', 'H', '2025-11-20', '2025-11-20 18:32:23'),
(413, 314, '0095694259', 'H', '2025-11-20', '2025-11-20 18:32:23'),
(414, 314, '0094644192', 'H', '2025-11-20', '2025-11-20 18:32:23'),
(415, 314, '0093301697', 'H', '2025-11-20', '2025-11-20 18:32:23'),
(416, 314, '0096165096', 'H', '2025-11-20', '2025-11-20 18:32:23'),
(417, 314, '0108298331', 'A', '2025-11-20', '2025-11-20 18:32:23');

-- --------------------------------------------------------

--
-- Struktur dari tabel `rb_agama`
--

CREATE TABLE `rb_agama` (
  `id_agama` int(5) NOT NULL,
  `nama_agama` varchar(100) NOT NULL
) ENGINE=MyISAM DEFAULT CHARSET=latin1;

--
-- Dumping data untuk tabel `rb_agama`
--

INSERT INTO `rb_agama` (`id_agama`, `nama_agama`) VALUES
(1, 'Islam'),
(2, 'Kristen'),
(3, 'Hindu'),
(4, 'Budha');

-- --------------------------------------------------------

--
-- Struktur dari tabel `rb_elearning`
--

CREATE TABLE `rb_elearning` (
  `id_elearning` int(10) NOT NULL,
  `id_kategori_elearning` int(5) NOT NULL,
  `kodejdwl` int(5) NOT NULL,
  `nama_file` varchar(255) NOT NULL,
  `file_upload` text NOT NULL,
  `tanggal_tugas` datetime NOT NULL,
  `tanggal_selesai` datetime NOT NULL,
  `keterangan` text NOT NULL
) ENGINE=MyISAM DEFAULT CHARSET=latin1;

--
-- Dumping data untuk tabel `rb_elearning`
--

INSERT INTO `rb_elearning` (`id_elearning`, `id_kategori_elearning`, `kodejdwl`, `nama_file`, `file_upload`, `tanggal_tugas`, `tanggal_selesai`, `keterangan`) VALUES
(13, 1, 7, 'File Upload Materi 1', 'Contoh_Kasus_AHP.docx', '2015-12-09 08:07:15', '0000-00-00 00:00:00', ''),
(22, 2, 7, 'Tugas Untuk Siswa Kelompok yang Malas', 'cover_Pidana_korupsi.docx', '2015-12-09 22:37:51', '2015-12-23 13:07:09', 'Tolong Dikerjakan, Kalau Tidak Maka nilai Raport anda merah..'),
(23, 2, 7, 'Tugas Pertama ', 'Surat-Keterangan-Kepsek.docx', '2015-12-13 15:02:00', '2016-01-22 15:02:00', 'Selesaikan Secepatnya,..!'),
(24, 1, 5, 'Bahan Untuk Tugas Semester 2', 'journal_profile_matching_beasiswa.pdf', '2016-02-23 09:04:22', '2016-12-23 11:04:22', 'Bahan Untuk Tugas Semester 2 ini tolong dipelajari karena akan banyak keluar di ujian semester nanti.'),
(25, 2, 5, 'Tugas Semester 1 Tahun Ajaran 2015/2016', 'Metode-Profile-Matching.pdf', '2015-12-23 09:11:15', '2016-04-25 09:11:15', 'Silahkan Dijawab dan unutk jawaban di upload disini paling lambat sesuai tanggal selesai..'),
(26, 1, 13, 'Bahan Unutk Peljaran Besok', '20160311072304-Tugas_laura.docx', '2016-03-11 07:22:32', '2016-03-11 07:22:32', ''),
(27, 2, 13, 'Tugas Unutk Dikumpul Besok 12 Maret 2016', '20160311072502-Aturan Main Projects.docx', '2016-03-11 07:24:16', '2016-03-13 07:24:16', ''),
(28, 1, 13, 'kjbkjbkbk', '20160311143928-HITUNG NILAI RAPORT.docx', '2016-03-11 14:39:09', '2016-03-11 14:39:09', 'kjbkbk'),
(29, 1, 50, 'materi 1', '20231120180609-JADWAL SMK 23-24 (2).pdf', '2023-11-20 18:05:33', '2023-11-20 18:05:33', 'tolong di baca terlebih dahulu'),
(30, 1, 67, 'tes tugas', '20231128004144-rapot k13.pdf', '2023-11-28 00:41:15', '2023-11-28 00:41:15', 'silakan dibaca terlebih dahulu'),
(31, 1, 196, 'Semester Ganjil 2024/2025aaaaaaaaaaaaaaaa', '20251014220042-Blue Professional Annual Report Book Cover.jpg', '2025-10-14 22:00:04', '0000-00-00 00:00:00', 'zzzzzzzzzzzzzzzzzzzzzzzzzzz'),
(40, 1, 314, 'Materi Bahasa inggris', '20251120120312-akun LMS 2 Siswa.pdf', '2025-11-20 12:03:02', '2025-11-20 12:03:02', 'Materi bahasa inggris kelas XI '),
(39, 1, 313, 'Materi Bahasa inggris', '20251120091438-ATP dan CP Fase F TJKT.pdf', '2025-11-20 09:14:29', '2025-11-20 09:14:29', 'Materi bahasa inggris kelas XI '),
(38, 1, 250, 'Materi Bahasa inggris', '20251113021313-ATP dan CP Fase F TJKT.docx', '2025-11-13 02:06:00', '2025-11-14 02:06:00', 'Materi bahasa inggris kelas XI '),
(49, 1, 324, 'materi bahasa inggris ujicoba', '20251120195232-ATP dan CP Fase F TJKT.pdf', '2025-11-20 19:52:16', '2025-11-20 19:52:16', 'tolong dibaca');

-- --------------------------------------------------------

--
-- Struktur dari tabel `rb_elearning1`
--

CREATE TABLE `rb_elearning1` (
  `id_elearning` int(10) NOT NULL,
  `id_kategori_elearning` int(5) NOT NULL,
  `kodejdwl` int(5) NOT NULL,
  `nama_file` varchar(255) NOT NULL,
  `file_upload` text NOT NULL,
  `tanggal_tugas` datetime NOT NULL,
  `tanggal_selesai` datetime NOT NULL,
  `keterangan` text NOT NULL
) ENGINE=MyISAM DEFAULT CHARSET=latin1;

--
-- Dumping data untuk tabel `rb_elearning1`
--

INSERT INTO `rb_elearning1` (`id_elearning`, `id_kategori_elearning`, `kodejdwl`, `nama_file`, `file_upload`, `tanggal_tugas`, `tanggal_selesai`, `keterangan`) VALUES
(13, 1, 7, 'File Upload Materi 1', 'Contoh_Kasus_AHP.docx', '2015-12-09 08:07:15', '0000-00-00 00:00:00', ''),
(22, 2, 7, 'Tugas Untuk Siswa Kelompok yang Malas', 'cover_Pidana_korupsi.docx', '2015-12-09 22:37:51', '2015-12-23 13:07:09', 'Tolong Dikerjakan, Kalau Tidak Maka nilai Raport anda merah..'),
(23, 2, 7, 'Tugas Pertama ', 'Surat-Keterangan-Kepsek.docx', '2015-12-13 15:02:00', '2016-01-22 15:02:00', 'Selesaikan Secepatnya,..!'),
(24, 1, 5, 'Bahan Untuk Tugas Semester 2', 'journal_profile_matching_beasiswa.pdf', '2016-02-23 09:04:22', '2016-12-23 11:04:22', 'Bahan Untuk Tugas Semester 2 ini tolong dipelajari karena akan banyak keluar di ujian semester nanti.'),
(25, 2, 5, 'Tugas Semester 1 Tahun Ajaran 2015/2016', 'Metode-Profile-Matching.pdf', '2015-12-23 09:11:15', '2016-04-25 09:11:15', 'Silahkan Dijawab dan unutk jawaban di upload disini paling lambat sesuai tanggal selesai..'),
(26, 1, 13, 'Bahan Unutk Peljaran Besok', '20160311072304-Tugas_laura.docx', '2016-03-11 07:22:32', '2016-03-11 07:22:32', ''),
(27, 2, 13, 'Tugas Unutk Dikumpul Besok 12 Maret 2016', '20160311072502-Aturan Main Projects.docx', '2016-03-11 07:24:16', '2016-03-13 07:24:16', ''),
(28, 1, 13, 'kjbkjbkbk', '20160311143928-HITUNG NILAI RAPORT.docx', '2016-03-11 14:39:09', '2016-03-11 14:39:09', 'kjbkbk'),
(29, 1, 50, 'materi 1', '20231120180609-JADWAL SMK 23-24 (2).pdf', '2023-11-20 18:05:33', '2023-11-20 18:05:33', 'tolong di baca terlebih dahulu'),
(30, 1, 67, 'tes tugas', '20231128004144-rapot k13.pdf', '2023-11-28 00:41:15', '2023-11-28 00:41:15', 'silakan dibaca terlebih dahulu'),
(31, 1, 196, 'Semester Ganjil 2024/2025aaaaaaaaaaaaaaaabbbbbbbbbbbbbbbbbb', '20251014220042-Blue Professional Annual Report Book Cover.jpg', '2025-10-14 22:00:04', '0000-00-00 00:00:00', 'zzzzzzzzzzzzzzzzzzzzzzzzzzz'),
(32, 1, 196, 'aaaaaaaaaaaaa', '20251019170457-20251017022723-pdf-materi-k3lh-tkj-kelas-10_compress (3).pdf', '2025-10-19 17:04:38', '2025-10-19 17:04:38', 'aaaaaaassssssssssssssss'),
(33, 3, 196, 'RP Admin', '20251019173233-Email guru binusa (2).pdf', '0000-00-00 00:00:00', '0000-00-00 00:00:00', 'Rpp Administrasi'),
(35, 3, 250, 'RP Bahasa Inggris', '20251113015354-RP Administrasi JAringan.docx', '0000-00-00 00:00:00', '0000-00-00 00:00:00', 'RP Bahasa Inggris kelas XI '),
(36, 3, 251, 'RP Kompetensi Keahlian TJKT', '20251113024218-RP Administrasi JAringan.docx', '0000-00-00 00:00:00', '0000-00-00 00:00:00', 'RP Kompetensi Keahlian TKJ Kelas XII'),
(37, 3, 338, 'Penerapan Tahap-Tahap Produksi Desain ', '20251119104100-RPP- Penerapan Tahap-Tahap Produksi Desain - Fase F.pdf', '0000-00-00 00:00:00', '0000-00-00 00:00:00', ''),
(38, 3, 346, 'Dasar-Dasar Desain Komunikasi Visual', '20251119104315-DASAR-DASAR KEAHLIAN DKV.pdf', '0000-00-00 00:00:00', '0000-00-00 00:00:00', ''),
(39, 3, 296, '', '20251119114431-RPP PENGGALAN  Unit 3 Hortatory Exposition Netiquette -.docx', '0000-00-00 00:00:00', '0000-00-00 00:00:00', ''),
(40, 3, 299, '', '20251119115053-RPP PENGGALAN  Unit 3 Hortatory Exposition Netiquette -.docx', '0000-00-00 00:00:00', '0000-00-00 00:00:00', ''),
(41, 3, 303, '', '20251119115154-RPP PENGGALAN  Unit 3 Hortatory Exposition Netiquette -.docx', '0000-00-00 00:00:00', '0000-00-00 00:00:00', ''),
(42, 3, 329, '', '20251119115237-RPP PENGGALAN  Unit 3 Hortatory Exposition Netiquette -.docx', '0000-00-00 00:00:00', '0000-00-00 00:00:00', ''),
(43, 3, 329, '', '20251119115307-Modul Unit 2 Argumentative Text E-Money.docx', '0000-00-00 00:00:00', '0000-00-00 00:00:00', ''),
(44, 3, 329, '', '20251119115328-Modul Unit 3 Hortatory Exposition Netiquette.docx', '0000-00-00 00:00:00', '0000-00-00 00:00:00', ''),
(45, 3, 329, '', '20251119115353-Modul Unit 4 Discussion Text Carbon Footprints.docx', '0000-00-00 00:00:00', '0000-00-00 00:00:00', ''),
(46, 3, 343, 'MENYUSURI NILAI DALAM CERITA LINTAS ZAMAN', '20251119192534-Modul 3 - Menyusuri Nilai Dalam Cerita Lintas Zaman.docx', '0000-00-00 00:00:00', '0000-00-00 00:00:00', ''),
(47, 3, 348, 'MENYUSURI NILAI DALAM CERITA LINTAS ZAMAN', '20251119192634-Modul 3 - Menyusuri Nilai Dalam Cerita Lintas Zaman.docx', '0000-00-00 00:00:00', '0000-00-00 00:00:00', ''),
(50, 3, 313, 'asasas', '20251120092411-ATP dan CP Fase F TJKT.pdf', '0000-00-00 00:00:00', '0000-00-00 00:00:00', 'Silakan dibaca Materi ini'),
(65, 3, 314, 'RPP Bahasa Inggris', '20251122064535-20251120193415-20251120185406-20251120184429-20251120143151-Senin 17 nov.pdf', '0000-00-00 00:00:00', '0000-00-00 00:00:00', 'RP Bahasa Inggris'),
(66, 3, 314, 'RPPPPP Bahasa Inggris', '20251122103704-form-soal-ganda (20).xls', '0000-00-00 00:00:00', '0000-00-00 00:00:00', 'RPPPPP Bahasa Inggris'),
(64, 3, 363, 'RPP PJOK', '20251121222744-Tutorial (1).pdf', '0000-00-00 00:00:00', '0000-00-00 00:00:00', 'lagi uji coba'),
(67, 3, 349, 'Ponijah, S.Pd', '20251202065656-XII TJKT.pdf', '0000-00-00 00:00:00', '0000-00-00 00:00:00', 'RPP English Conservation'),
(68, 3, 349, 'Ponijah, S.Pd', '20251202070220-XII TJKT.pdf', '0000-00-00 00:00:00', '0000-00-00 00:00:00', 'RPP English Conservation');

-- --------------------------------------------------------

--
-- Struktur dari tabel `rb_elearning_jawab`
--

CREATE TABLE `rb_elearning_jawab` (
  `id_elearning_jawab` int(5) NOT NULL,
  `id_elearning` int(5) NOT NULL,
  `nisn` varchar(20) NOT NULL,
  `keterangan` text NOT NULL,
  `file_tugas` varchar(255) NOT NULL,
  `waktu` datetime NOT NULL
) ENGINE=MyISAM DEFAULT CHARSET=latin1;

--
-- Dumping data untuk tabel `rb_elearning_jawab`
--

INSERT INTO `rb_elearning_jawab` (`id_elearning_jawab`, `id_elearning`, `nisn`, `keterangan`, `file_tugas`, `waktu`) VALUES
(3, 25, '9991268756', 'Ini buk Guru tugas dari saya, Tolong diperiksa,..', '20160309112015-Nilai_Siswa_9982679070.pdf', '2016-03-09 11:20:15'),
(4, 27, '9991268756', 'Ini Tugas saya buk..', '20160311072733-Pengembangan Members.txt', '2016-03-11 07:27:33'),
(5, 36, '111', 'sudah mengumpulkan tugas', '20251106075223-tugas MATERI UJI COBA.docx', '2025-11-06 07:52:23'),
(6, 37, '111', 'jawaban tugas materi ', '20251106075610-jawaban tugas MATERI UJI COBA.docx', '2025-11-06 07:56:10');

-- --------------------------------------------------------

--
-- Struktur dari tabel `rb_forum_komentar`
--

CREATE TABLE `rb_forum_komentar` (
  `id_forum_komentar` int(10) NOT NULL,
  `id_forum_topic` int(10) NOT NULL,
  `nisn_nip` varchar(20) NOT NULL,
  `isi_komentar` text NOT NULL,
  `waktu_komentar` datetime NOT NULL
) ENGINE=MyISAM DEFAULT CHARSET=latin1;

--
-- Dumping data untuk tabel `rb_forum_komentar`
--

INSERT INTO `rb_forum_komentar` (`id_forum_komentar`, `id_forum_topic`, `nisn_nip`, `isi_komentar`, `waktu_komentar`) VALUES
(1, 3, '9980707189', 'Senangi dulu pelajaran yang diharapkan nilainya bagus. Tanpa menyenangi pelajaran tersebut, maka hasil yang diperoleh melalui belajar tidak akan maksimal. Paling tidak, jangan sampai membenci pelajarannya. Hal ini karena akan tidak mungkin seseorang bisa betah lama-lama belajar materi suatu mata pelajaran yang dibencinya, apalagi untuk memahaminya.', '2015-12-12 05:09:15'),
(7, 1, '9980722436', 'Hallo teman teman, Numpang share lowongan ya. lagi di butuhkan segera nih buat posisi Full Time Web Developer/ Web Programmer.', '2016-02-26 00:34:01'),
(13, 1, '9991268756', 'Kami hanya ingin berdoa, ingin beribadah dan menjalankan ibadat kami. Kami tidak pernah menggangu apalagi berusaha untuk mengganggu umat beragama lain apalagi melakukan kristenisasi. Berpikir untuk itu saja kami tidak pernah.', '2016-03-09 10:38:51'),
(12, 1, '195704111980032004', 'Kami cuma ingin memiliki rumah ibadat agar kami dapat berdoa kepada Tuhan kami dengan khusuk. Dosakah itu? apakah itu terlarang di negara yag berazaskan Pancasila ini? Dimanakah rasa damai dan keadilan itu? Masih adakah toleransi di negara ini?', '2016-03-09 10:36:22'),
(3, 3, '9980722436', 'Milikilah rasa ingin tahu yang besar, karena hanya orang-orang yang memiliki rasa ingin tahu yang besar dalam banyak hal lah yang akan selalu senang dalam belajar, dan selalu ingin mempelajari dan memahami hal-hal baru dan banyak hal yang ia temui.', '2015-12-11 17:09:55'),
(14, 7, '20235901', 'ok baik akan saya oreks', '2025-10-17 02:43:19'),
(15, 7, '1232123432112345', 'ah masa sij', '2025-10-17 02:43:59'),
(16, 8, '8', 'asdasdad', '2025-11-20 14:49:50');

-- --------------------------------------------------------

--
-- Struktur dari tabel `rb_forum_topic`
--

CREATE TABLE `rb_forum_topic` (
  `id_forum_topic` int(10) NOT NULL,
  `kodejdwl` int(10) NOT NULL,
  `judul_topic` varchar(255) NOT NULL,
  `isi_topic` text NOT NULL,
  `waktu` datetime NOT NULL
) ENGINE=MyISAM DEFAULT CHARSET=latin1;

--
-- Dumping data untuk tabel `rb_forum_topic`
--

INSERT INTO `rb_forum_topic` (`id_forum_topic`, `kodejdwl`, `judul_topic`, `isi_topic`, `waktu`) VALUES
(1, 33, 'Cara Unutk Memahami Rumus Pitagoras dengan mudah.', 'Dalam matematika, teorema Pythagoras adalah suatu keterkaitan dalam geometri Euklides antara tiga sisi sebuah segitiga siku-siku. Teorema ini dinamakan menurut nama filsuf dan matematikawan Yunani abad ke-6 SM, Pythagoras. . Pythagoras mendapat kredit karena ialah yang pertama membuktikan kebenaran universal dari teorema ini melalui pembuktian matematis.', '2015-12-11 08:08:18'),
(2, 7, 'Rumus untuk menghitung pendapatan perkapita', 'Pendapatan per kapita adalah jumlah (nilai) barang dan jasa rata-rata yang tersedia bagi setiap penduduk suatu negara pada suatu periode tertentu.\r\n\r\nPendapatan per kapita dapat digunakan untuk membandingkan kesejahteraan atau standar hidup suatu negara dari tahun ke tahun. Dengan melakukan perbandingan seperti itu, kita dapat mengamati apakah kesejahteraan masyarakat pada suatu negara secara rata-rata telah meningkat. Pendapatan per kapita yang meningkat merupakan salah satu tanda bahwa rata-rata kesejahteraan penduduk telah meningkat. Pendapatan per kapita menunjukkan pula apakah pembangunan yang telah dilaksanakan oleh pemerintah telah berhasil, berapa besar keberhasilan tersebut, dan akibat apa yang timbul oleh peningkatan tersebut.', '2015-12-12 13:13:27'),
(3, 7, 'Cara Mendapatkan Nilai Bagus Dan Menjadi Juara Kelas Di Sekolah', 'Bagaimana caranya agar nilai rapor mata pelajaran di sekolah hasilnya baik dan bagus sehingga syukur-syukur bisa menjadi juara kelas ? Ikuti tips di bawah ini yang didasarkan pada sebuah pengalaman nyata bertahun-tahun dari berbagai sumber. \r\n\r\nPerlu untuk digaris-bawahi, tak dibutuhkan otak yang pintar atau jenius untuk mendapatkan nilai yang bagus di sekolah ataupun untuk menjadi seorang juara kelas. Seseorang yang kemampuan otaknya biasa-biasa saja akan bisa memperoleh hasil yang bagus asalkan ia memiliki niat, kemauan, maupun sikap yang tepat dalam mewujudkan ambisinya.', '2015-12-11 16:20:51'),
(4, 13, 'tes', 'sdfsf', '2023-09-18 04:27:18'),
(5, 40, 'Dasar Jaringan', 'Dasar jaringan pada sebuah komputer dapat diketahui dengan menggunakan alat yang dapat mengontrol secara langsung', '2023-10-19 01:22:35'),
(6, 196, 'sadfdsaf', 'sdfsadfsadfsdf', '2025-10-14 22:58:48'),
(7, 249, 'Forum diskusi topic baru', 'Ini adalah isi topik', '2025-10-17 02:41:24'),
(8, 314, 'asdad', 'asdadasdad', '2025-11-20 14:49:44');

-- --------------------------------------------------------

--
-- Struktur dari tabel `rb_gedung`
--

CREATE TABLE `rb_gedung` (
  `kode_gedung` varchar(10) NOT NULL,
  `nama_gedung` varchar(100) NOT NULL,
  `jumlah_lantai` varchar(20) NOT NULL,
  `panjang` varchar(20) NOT NULL,
  `tinggi` varchar(20) NOT NULL,
  `lebar` varchar(20) NOT NULL,
  `keterangan` text NOT NULL,
  `aktif` enum('Y','N') NOT NULL
) ENGINE=MyISAM DEFAULT CHARSET=latin1;

--
-- Dumping data untuk tabel `rb_gedung`
--

INSERT INTO `rb_gedung` (`kode_gedung`, `nama_gedung`, `jumlah_lantai`, `panjang`, `tinggi`, `lebar`, `keterangan`, `aktif`) VALUES
('G01', 'Gedung Utama', '2', '1000 m', '500 m', '1000 m', 'gedung ruang guru dan 2 ruang kelas ', ''),
('G02', 'Gedung Barat', '2', '1000 m', '500 m', '1000 m', '8 ruang kelas, 4 bawah dan 4 atas', ''),
('G03', 'Gedung Utara ', '1', '1000 m', '500 m', '1000 m', '2 ruang, terdiri dari 1 ruang lab kimia dan 1 ruang kelas', '');

-- --------------------------------------------------------

--
-- Struktur dari tabel `rb_golongan`
--

CREATE TABLE `rb_golongan` (
  `id_golongan` int(5) NOT NULL,
  `nama_golongan` varchar(150) NOT NULL,
  `keterangan` text NOT NULL
) ENGINE=MyISAM DEFAULT CHARSET=latin1;

--
-- Dumping data untuk tabel `rb_golongan`
--

INSERT INTO `rb_golongan` (`id_golongan`, `nama_golongan`, `keterangan`) VALUES
(1, 'IV/a', 'Golongan IV/a');

-- --------------------------------------------------------

--
-- Struktur dari tabel `rb_guru`
--

CREATE TABLE `rb_guru` (
  `nip` varchar(30) NOT NULL,
  `password` varchar(255) NOT NULL,
  `nama_guru` varchar(150) NOT NULL,
  `id_jenis_kelamin` int(5) NOT NULL,
  `tempat_lahir` varchar(150) NOT NULL,
  `tanggal_lahir` date NOT NULL,
  `nik` varchar(50) NOT NULL,
  `niy_nigk` varchar(50) NOT NULL,
  `nuptk` varchar(50) NOT NULL,
  `id_status_kepegawaian` int(5) NOT NULL,
  `id_jenis_ptk` int(5) NOT NULL,
  `pengawas_bidang_studi` varchar(150) NOT NULL,
  `id_agama` int(5) NOT NULL,
  `alamat_jalan` varchar(255) NOT NULL,
  `rt` varchar(5) NOT NULL,
  `rw` varchar(5) NOT NULL,
  `nama_dusun` varchar(100) NOT NULL,
  `desa_kelurahan` varchar(100) NOT NULL,
  `kecamatan` varchar(100) NOT NULL,
  `kode_pos` int(10) NOT NULL,
  `telepon` varchar(15) NOT NULL,
  `hp` varchar(15) NOT NULL,
  `email` varchar(150) NOT NULL,
  `tugas_tambahan` varchar(100) NOT NULL,
  `id_status_keaktifan` int(5) NOT NULL,
  `sk_cpns` varchar(150) NOT NULL,
  `tanggal_cpns` date NOT NULL,
  `sk_pengangkatan` varchar(150) NOT NULL,
  `tmt_pengangkatan` date NOT NULL,
  `lembaga_pengangkatan` varchar(150) NOT NULL,
  `id_golongan` int(5) NOT NULL,
  `keahlian_laboratorium` varchar(150) NOT NULL,
  `sumber_gaji` varchar(150) NOT NULL,
  `nama_ibu_kandung` varchar(100) NOT NULL,
  `id_status_pernikahan` int(5) NOT NULL,
  `nama_suami_istri` varchar(100) NOT NULL,
  `nip_suami_istri` varchar(30) NOT NULL,
  `pekerjaan_suami_istri` varchar(100) NOT NULL,
  `tmt_pns` date NOT NULL,
  `lisensi_kepsek` varchar(20) NOT NULL,
  `jumlah_sekolah_binaan` int(5) NOT NULL,
  `diklat_kepengawasan` varchar(20) NOT NULL,
  `mampu_handle_kk` varchar(20) NOT NULL,
  `keahlian_breile` varchar(20) NOT NULL,
  `keahlian_bahasa_isyarat` varchar(20) NOT NULL,
  `npwp` varchar(50) NOT NULL,
  `kewarganegaraan` varchar(50) NOT NULL,
  `foto` varchar(255) NOT NULL
) ENGINE=MyISAM DEFAULT CHARSET=latin1;

--
-- Dumping data untuk tabel `rb_guru`
--

INSERT INTO `rb_guru` (`nip`, `password`, `nama_guru`, `id_jenis_kelamin`, `tempat_lahir`, `tanggal_lahir`, `nik`, `niy_nigk`, `nuptk`, `id_status_kepegawaian`, `id_jenis_ptk`, `pengawas_bidang_studi`, `id_agama`, `alamat_jalan`, `rt`, `rw`, `nama_dusun`, `desa_kelurahan`, `kecamatan`, `kode_pos`, `telepon`, `hp`, `email`, `tugas_tambahan`, `id_status_keaktifan`, `sk_cpns`, `tanggal_cpns`, `sk_pengangkatan`, `tmt_pengangkatan`, `lembaga_pengangkatan`, `id_golongan`, `keahlian_laboratorium`, `sumber_gaji`, `nama_ibu_kandung`, `id_status_pernikahan`, `nama_suami_istri`, `nip_suami_istri`, `pekerjaan_suami_istri`, `tmt_pns`, `lisensi_kepsek`, `jumlah_sekolah_binaan`, `diklat_kepengawasan`, `mampu_handle_kk`, `keahlian_breile`, `keahlian_bahasa_isyarat`, `npwp`, `kewarganegaraan`, `foto`) VALUES
('tenaga@gmail.com', '1', 'tenaga', 0, 'jakarta', '0000-00-00', '1212123454567111', '', '22222222222222222', 1, 1, '', 0, 'aaaaaa', '01', '10', 'ssss', 'ssss', 'sss', 222222, '2222', '2222', 'indahsuryaningsih@gmail.com', '', 1, '', '0000-00-00', '', '0000-00-00', '', 0, '', '', '', 1, '', '', '', '0000-00-00', '', 0, '', '', '', '', '', 'Indonesia', ''),
('1111222', '1', 'tenaga1', 1, 'jakarta', '0000-00-00', '1212123454567111', '', '22222222222222222', 1, 2, 'asdasd', 1, 'aaaaaa', '01', '10', 'ssss', 'ssss', 'sss', 222222, '2222', '2222', 'indahsuryaningsih@gmail.com', 'asdad', 1, '', '0000-00-00', 'sdf', '0000-00-00', 'sdf', 0, 'sdfsdf', 'ssdfsdf', 'sdfsdf', 1, 'dsfsf', '224324', 'asda', '0000-00-00', 'asd', 3, 'a', 'a', 'a', 'a', '13424234', 'Indonesia', ''),
('1', '1', 'guru1', 1, 'a', '0000-00-00', '', '', '', 4, 2, '', 1, '', '0', '0', '', '', '', 0, '', '', '', '', 1, '', '0000-00-00', '', '0000-00-00', '', 0, '', '', '', 1, '', '', '', '0000-00-00', '', 0, '', '', '', '', '', '', ''),
('2', '1', 'Rino Indra Tama. S.Pd', 1, 'a', '0000-00-00', '', '', '', 4, 2, '', 1, '', '0', '0', '', '', '', 0, '', '', '', '', 1, '', '0000-00-00', '', '0000-00-00', '', 0, '', '', '', 1, '', '', '', '0000-00-00', '', 0, '', '', '', '', '', '', ''),
('3', '1', 'Saefudi.S.Pd', 1, 'a', '0000-00-00', '', '', '', 4, 4, '', 1, '', '0', '0', '', '', '', 0, '', '', '', '', 1, '', '0000-00-00', '', '0000-00-00', '', 0, '', '', '', 1, '', '', '', '0000-00-00', '', 0, '', '', '', '', '', '', ''),
('4', '1', 'Dwi Hastusti.S.Pd', 1, 'a', '0000-00-00', '', '', '', 4, 2, '', 1, '', '0', '0', '', '', '', 0, '', '', '', '', 1, '', '0000-00-00', '', '0000-00-00', '', 0, '', '', '', 1, '', '', '', '0000-00-00', '', 0, '', '', '', '', '', '', ''),
('5', '1', 'Dessy Arisandy.S.Pd.I', 1, 'a', '0000-00-00', '', '', '', 4, 2, '', 1, '', '0', '0', '', '', '', 0, '', '', '', '', 1, '', '0000-00-00', '', '0000-00-00', '', 0, '', '', '', 1, '', '', '', '0000-00-00', '', 0, '', '', '', '', '', '', ''),
('6', '1', 'Rinda Suzena. SE', 1, 'a', '0000-00-00', '', '', '', 4, 2, '', 1, '', '0', '0', '', '', '', 0, '', '', '', '', 1, '', '0000-00-00', '', '0000-00-00', '', 0, '', '', '', 1, '', '', '', '0000-00-00', '', 0, '', '', '', '', '', '', ''),
('7', '1', 'Endri. S.Pd', 1, 'a', '0000-00-00', '', '', '', 4, 2, '', 1, '', '0', '0', '', '', '', 0, '', '', '', '', 1, '', '0000-00-00', '', '0000-00-00', '', 0, '', '', '', 1, '', '', '', '0000-00-00', '', 0, '', '', '', '', '', '', ''),
('8', '1', 'Ponijah.S.Pd', 1, 'a', '0000-00-00', '', '', '', 4, 2, '', 1, '', '0', '0', '', '', '', 0, '', '', '', '', 1, '', '0000-00-00', '', '0000-00-00', '', 0, '', '', '', 1, '', '', '', '0000-00-00', '', 0, '', '', '', '', '', '', ''),
('50', '1', 'Imas Sobariah.M.Pd', 1, 'a', '0000-00-00', '', '', '', 4, 4, 'PKK', 1, '', '0', '0', '', '', '', 0, '', '', '', '', 1, '', '0000-00-00', '', '0000-00-00', '', 0, '', '', '', 1, '', '', '', '0000-00-00', '', 0, '', '', '', '', '', '', ''),
('10', '1', 'Wahib.SH..MH', 1, 'a', '0000-00-00', '', '', '', 4, 2, '', 1, '', '0', '0', '', '', '', 0, '', '', '', '', 1, '', '0000-00-00', '', '0000-00-00', '', 0, '', '', '', 1, '', '', '', '0000-00-00', '', 0, '', '', '', '', '', '', ''),
('11', '1', 'Ela Julela. S.Pd', 1, 'a', '0000-00-00', '', '', '', 4, 2, '', 1, '', '0', '0', '', '', '', 0, '', '', '', '', 1, '', '0000-00-00', '', '0000-00-00', '', 0, '', '', '', 1, '', '', '', '0000-00-00', '', 0, '', '', '', '', '', '', ''),
('12', '1', 'Lathifah. S.Pd', 1, 'a', '0000-00-00', '', '', '', 4, 2, '', 1, '', '0', '0', '', '', '', 0, '', '', '', '', 1, '', '0000-00-00', '', '0000-00-00', '', 0, '', '', '', 1, '', '', '', '0000-00-00', '', 0, '', '', '', '', '', '', ''),
('13', '1', 'Iin Novitia. S.Pd', 1, 'a', '0000-00-00', '', '', '', 4, 2, '', 1, '', '0', '0', '', '', '', 0, '', '', '', '', 1, '', '0000-00-00', '', '0000-00-00', '', 0, '', '', '', 1, '', '', '', '0000-00-00', '', 0, '', '', '', '', '', '', ''),
('14', '1', 'Eka Nurhamdah. S.Pd', 1, 'a', '0000-00-00', '', '', '', 4, 2, '', 1, '', '0', '0', '', '', '', 0, '', '', '', '', 1, '', '0000-00-00', '', '0000-00-00', '', 0, '', '', '', 1, '', '', '', '0000-00-00', '', 0, '', '', '', '', '', '', ''),
('15', '1', 'Ridha Ramadhan. SH', 1, 'a', '0000-00-00', '', '', '', 4, 2, '', 1, '', '0', '0', '', '', '', 0, '', '', '', '', 1, '', '0000-00-00', '', '0000-00-00', '', 0, '', '', '', 1, '', '', '', '0000-00-00', '', 0, '', '', '', '', '', '', ''),
('16', '1', 'Dwi Aziz Andeska. S. Pd', 1, 'a', '0000-00-00', '', '', '', 4, 2, '', 1, '', '0', '0', '', '', '', 0, '', '', '', '', 1, '', '0000-00-00', '', '0000-00-00', '', 0, '', '', '', 1, '', '', '', '0000-00-00', '', 0, '', '', '', '', '', '', ''),
('17', '1', 'Reza Oktavian N. S. OR', 1, 'a', '0000-00-00', '', '', '', 4, 2, '', 1, '', '0', '0', '', '', '', 0, '', '', '', '', 1, '', '0000-00-00', '', '0000-00-00', '', 0, '', '', '', 1, '', '', '', '0000-00-00', '', 0, '', '', '', '', '', '', ''),
('18', '1', 'Masruroh febrianti. S. Pd', 2, 'a', '0000-00-00', '', '', '', 4, 3, 'Bahasa Indonesia', 1, '', '0', '0', '', '', '', 0, '', '', '', '', 1, '', '0000-00-00', '', '0000-00-00', '', 0, '', '', '', 1, '', '', '', '0000-00-00', '', 0, '', '', '', '', '', '', ''),
('19', '1', 'Yasrudi. S. Pd', 1, 'a', '0000-00-00', '', '', '', 4, 2, '', 1, '', '0', '0', '', '', '', 0, '', '', '', '', 1, '', '0000-00-00', '', '0000-00-00', '', 0, '', '', '', 1, '', '', '', '0000-00-00', '', 0, '', '', '', '', '', '', ''),
('20', '1', 'Anggi Yustravika. S.Pd. I', 1, 'a', '0000-00-00', '', '', '', 4, 2, '', 1, '', '0', '0', '', '', '', 0, '', '', '', '', 1, '', '0000-00-00', '', '0000-00-00', '', 0, '', '', '', 1, '', '', '', '0000-00-00', '', 0, '', '', '', '', '', '', ''),
('21', '1', 'Ali Nurhasan. S. Pd,I', 1, 'a', '0000-00-00', '', '', '', 4, 2, '', 1, '', '0', '0', '', '', '', 0, '', '', '', '', 1, '', '0000-00-00', '', '0000-00-00', '', 0, '', '', '', 1, '', '', '', '0000-00-00', '', 0, '', '', '', '', '', '', ''),
('22', '1', 'M. Fahmi Hidayat. S. Pdi', 1, 'a', '0000-00-00', '', '', '', 4, 2, '', 1, '', '0', '0', '', '', '', 0, '', '', '', '', 1, '', '0000-00-00', '', '0000-00-00', '', 0, '', '', '', 1, '', '', '', '0000-00-00', '', 0, '', '', '', '', '', '', ''),
('ade@albin.sch.id', '1', 'Ade Saputra', 1, 'a', '0000-00-00', '', '', '', 4, 2, '', 1, '', '0', '0', '', '', '', 0, '', '', '', '', 1, '', '0000-00-00', '', '0000-00-00', '', 0, '', '', '', 1, '', '', '', '0000-00-00', '', 0, '', '', '', '', '', '', ''),
('24', '1', 'Mardali. S.Pd', 1, 'a', '0000-00-00', '', '', '', 4, 2, '', 1, '', '0', '0', '', '', '', 0, '', '', '', '', 1, '', '0000-00-00', '', '0000-00-00', '', 0, '', '', '', 1, '', '', '', '0000-00-00', '', 0, '', '', '', '', '', '', ''),
('25', '1', 'Siti Rahmah. M.Pd', 1, 'a', '0000-00-00', '', '', '', 4, 2, '', 1, '', '0', '0', '', '', '', 0, '', '', '', '', 1, '', '0000-00-00', '', '0000-00-00', '', 0, '', '', '', 1, '', '', '', '0000-00-00', '', 0, '', '', '', '', '', '', ''),
('26', '1', 'Rizka Tri Nuraini. M.Pd', 1, 'a', '0000-00-00', '', '', '', 4, 2, '', 1, '', '0', '0', '', '', '', 0, '', '', '', '', 1, '', '0000-00-00', '', '0000-00-00', '', 0, '', '', '', 1, '', '', '', '0000-00-00', '', 0, '', '', '', '', '', '', ''),
('27', '1', 'Okta Irawati. M.Kom', 1, 'a', '0000-00-00', '', '', '', 4, 2, '', 1, '', '0', '0', '', '', '', 0, '', '', '', '', 1, '', '0000-00-00', '', '0000-00-00', '', 0, '', '', '', 1, '', '', '', '0000-00-00', '', 0, '', '', '', '', '', '', ''),
('28', '1', 'Zakky Mubarak. S.Ds', 1, 'a', '0000-00-00', '', '', '', 4, 2, '', 1, '', '0', '0', '', '', '', 0, '', '', '', '', 1, '', '0000-00-00', '', '0000-00-00', '', 0, '', '', '', 1, '', '', '', '0000-00-00', '', 0, '', '', '', '', '', '', ''),
('29', '1', 'Wahyu Dewantara. S.AK', 1, 'a', '0000-00-00', '', '', '', 4, 2, '', 1, '', '0', '0', '', '', '', 0, '', '', '', '', 1, '', '0000-00-00', '', '0000-00-00', '', 0, '', '', '', 1, '', '', '', '0000-00-00', '', 0, '', '', '', '', '', '', ''),
('30', '1', 'Ahmad. M.Kom', 1, 'a', '0000-00-00', '', '', '', 4, 2, '', 1, '', '0', '0', '', '', '', 0, '', '', '', '', 1, '', '0000-00-00', '', '0000-00-00', '', 0, '', '', '', 1, '', '', '', '0000-00-00', '', 0, '', '', '', '', '', '', ''),
('31', '1', 'M. Rafif M. S.Kom', 1, 'a', '0000-00-00', '', '', '', 4, 2, '', 1, '', '0', '0', '', '', '', 0, '', '', '', '', 1, '', '0000-00-00', '', '0000-00-00', '', 0, '', '', '', 1, '', '', '', '0000-00-00', '', 0, '', '', '', '', '', '', ''),
('32', '1', 'Lutfi Saleh, S.I.Kom', 1, '', '0000-00-00', '', '', '', 1, 2, '', 1, '', '01', '01', '', '', '', 0, '', '', '', '', 1, '', '0000-00-00', '', '0000-00-00', '', 0, '', '', '', 2, '', '', '', '0000-00-00', '', 0, '', '', '', '', '', '', ''),
('51', '1', 'imas', 2, '', '0000-00-00', '', '', '', 4, 2, '', 1, '', '00', '00', '', '', '', 0, '', '', '', '', 1, '', '0000-00-00', '', '0000-00-00', '', 0, '', '', '', 2, '', '', '', '0000-00-00', '', 0, '', '', '', '', '', '', ''),
('1232123432112345', 'gurubaru', 'guru baru', 1, 'jakarta', '0000-00-00', '', '', '', 4, 2, '', 1, '', '00', '00', '', '', '', 0, '', '', '', '', 1, '', '0000-00-00', '', '0000-00-00', '', 1, '', '', '', 1, '', '', '', '0000-00-00', '', 0, '', '', '', '', '', '', ''),
('52', '1', 'Muhammad Husein, M.Kom', 1, 'a', '0000-00-00', '', '', '', 4, 0, '', 1, '', '00', '00', '', '', '', 0, '', '', '', '', 1, '', '0000-00-00', '', '0000-00-00', '', 0, '', '', '', 0, '', '', '', '0000-00-00', '', 0, '', '', '', '', '', '', ''),
('53', '1', 'Rengga, S.Pd', 2, 'a', '0000-00-00', '', '', '', 4, 0, '', 1, '', '00', '00', '', '', '', 0, '', '', '', '', 1, '', '0000-00-00', '', '0000-00-00', '', 0, '', '', '', 1, '', '', '', '0000-00-00', '', 0, '', '', '', '', '', '', ''),
('54', '1', 'Eka Susanti, S.Pd', 2, 'a', '0000-00-00', '', '', '', 4, 0, '', 1, '', '00', '00', '', '', '', 0, '', '', '', '', 1, '', '0000-00-00', '', '0000-00-00', '', 0, '', '', '', 0, '', '', '', '0000-00-00', '', 0, '', '', '', '', '', '', ''),
('55', '1', 'Agus Sulaiman. S.E, CAT', 1, 'a', '0000-00-00', '', '', '', 4, 0, '', 1, '', '00', '00', '', '', '', 0, '', '', '', '', 1, '', '0000-00-00', '', '0000-00-00', '', 0, '', '', '', 0, '', '', '', '0000-00-00', '', 0, '', '', '', '', '', '', ''),
('56', '1', 'AnisaYulianti, S.Mat', 2, 'a', '0000-00-00', '', '', '', 4, 0, '', 1, '', '00', '00', '', '', '', 0, '', '', '', '', 1, '', '0000-00-00', '', '0000-00-00', '', 0, '', '', '', 0, '', '', '', '0000-00-00', '', 0, '', '', '', '', '', '', ''),
('57', '1', 'Afriyansyah', 1, '', '0000-00-00', '', '', '', 4, 0, '', 1, '', '00', '00', '', '', '', 0, '', '', '', '', 1, '', '0000-00-00', '', '0000-00-00', '', 0, '', '', '', 0, '', '', '', '0000-00-00', '', 0, '', '', '', '', '', '', ''),
('58', '1', 'Ghinaa Novianti O,S.AK', 2, '', '0000-00-00', '', '', '', 4, 0, '', 1, '', '00', '00', '', '', '', 0, '', '', '', '', 1, '', '0000-00-00', '', '0000-00-00', '', 0, '', '', '', 0, '', '', '', '0000-00-00', '', 0, '', '', '', '', '', '', ''),
('59', '1', 'Rahmat S.Pd.Or', 1, '', '0000-00-00', '', '', '', 4, 0, '', 1, '', '00', '00', '', '', '', 0, '', '', '', '', 1, '', '0000-00-00', '', '0000-00-00', '', 0, '', '', '', 0, '', '', '', '0000-00-00', '', 0, '', '', '', '', '', '', ''),
('60', '1', 'Dewi Fitri Farika, SE', 2, '', '0000-00-00', '', '', '', 4, 0, '', 1, '', '00', '00', '', '', '', 0, '', '', '', '', 1, '', '0000-00-00', '', '0000-00-00', '', 0, '', '', '', 0, '', '', '', '0000-00-00', '', 0, '', '', '', '', '', '', ''),
('61', '1', 'Nabil', 1, '', '0000-00-00', '', '', '', 0, 2, '', 1, 'JL. H. DJIRAN RT.002 / RW.001, KEL. PINANG, KEC. PINANG, KOTA TANGERANG, BANTEN', '00', '00', '', '', '', 15145, '', '', 'adebinusa@gmail.com', '', 1, '', '0000-00-00', '', '0000-00-00', '', 0, '', '', '', 1, '', '', '', '0000-00-00', '', 0, '', '', '', '', '', 'Indonesia', ''),
('demo', 'demo', 'guru demo', 1, 'jakarta', '0000-00-00', '', '', '', 3, 0, '', 1, '', '00', '00', '', '', '', 0, '', '', '', '', 1, '', '0000-00-00', '', '0000-00-00', '', 0, '', '', '', 1, '', '', '', '0000-00-00', '', 0, '', '', '', '', '', '', '');

-- --------------------------------------------------------

--
-- Struktur dari tabel `rb_halaman`
--

CREATE TABLE `rb_halaman` (
  `id_halaman` int(11) NOT NULL,
  `judul` varchar(255) NOT NULL,
  `judul_seo` varchar(255) NOT NULL,
  `isi_halaman` text NOT NULL,
  `username` varchar(50) NOT NULL,
  `status` enum('psb','journal') NOT NULL
) ENGINE=MyISAM DEFAULT CHARSET=latin1;

--
-- Dumping data untuk tabel `rb_halaman`
--

INSERT INTO `rb_halaman` (`id_halaman`, `judul`, `judul_seo`, `isi_halaman`, `username`, `status`) VALUES
(1, 'Selamat Datang di Sistem Pendaftaran Siswa Baru', 'selamat-datang-di-sistem-pendaftaran-siswa-baru', 'Sistem PSB online atau sistem informasi aplikasi penerimaan siswa baru online merupakan produk layanan aplikasi perangkat lunak  yang online real time dan 100%   berbasis web. Sistem   ini   berusaha   memenuhi kebutuhan   masyarakat khususnya  bagi orangtua  dan  calon  siswa  untuk  dapat melaksanakan  pendaftaran  ke sekolah dengan  aman  dan  tertib  dengan menyediakan  fitur  otomasi  proses penerimaan  siswa  baru secara  langsung  menggunakan  media internet,  mulai  dari proses pendaftaran, proses seleksi, hingga pengumuman hasil penerimaan siswa secara langsung nyata melalui internet.\r\n\r\nYayasan phpmu.com didirikan di Padang dengan Akte Notaris Leurentia Siti Nyoman tertanggal 6 Maret 1996.Pada tahun pertama ini dibukalah taman kanak-kanak dan plygroup dengan murid berjumlah 73 orang dan kampusnya berlokasi di jalan Thamrin No.22-25', 'admin', 'psb'),
(2, 'Prosedur Pendaftaran Siswa Baru', 'prosedur-pendaftaran-siswa-baru', 'Melakukan  pendaftaran secara online melalui website psb.dek.sch.id\nMembayar uang pendaftaran sebesar Rp 60.000,00 ke Rekening Sekolah :\nNo Rekening : xxxxxxxxxxxxxx\nAtas Nama : BPN 010 SMAK PADANG\nBRI UNIT PASAR BARU PADANG\n\n<b>Note : Bagi Bapak/Ibuk yang sudah melakukan pembayaran dan konfirmasi harap segera megirim pesan ke nomor 082384116431</b>\n\nUntuk Metode Tansfer.\ndengan format pesan : [jenis metode pembaran] [no_rekening] [nama anak/nama pesera] [nomor_konfirmasi]\nContoh Pesan Metode Transfer : Transfer 111112318923 Annisa Mardatilah QC401\n\nUntuk Metode Setoran.\nInvite/Add ID What\'sApp dengan nomor 081267771344\ndengan format pesan : Kirim foto bukti slip setoran dan nama anak/peserta serta nomor konfirmasi\nContoh Format Pesan Whatsapp : [foto bukti slip setor] Annisa Mardatillah QC401\n\nMenyerahkan berkas dan ketentuan sebagai berikut apabila calon siswa dinyatakan lulus tes online.\nFoto kopi  rapor yang sudah dilegalisasi dari semester I - IV (1 rangkap)\nMemperlihatkan rapor asli\nSehat jasmani dan rohani (diperiksa di  SMK SMAK)\nTidak Buta Warna (diperiksa di SMK SMAK Padang)\nPas foto  warna terbaru ukuran 2x3 sebanyak 2 lembar dan 3X4 sebanyak 3 lembar', 'admin', 'psb');

-- --------------------------------------------------------

--
-- Struktur dari tabel `rb_identitas_sekolah`
--

CREATE TABLE `rb_identitas_sekolah` (
  `id_identitas_sekolah` int(5) NOT NULL,
  `nama_sekolah` varchar(255) NOT NULL,
  `npsn` varchar(50) NOT NULL,
  `nss` varchar(50) NOT NULL,
  `alamat_sekolah` text NOT NULL,
  `kode_pos` int(7) NOT NULL,
  `no_telpon` varchar(15) NOT NULL,
  `kelurahan` varchar(255) NOT NULL,
  `kecamatan` varchar(255) NOT NULL,
  `kabupaten_kota` varchar(255) NOT NULL,
  `provinsi` varchar(255) NOT NULL,
  `website` varchar(100) NOT NULL,
  `email` varchar(150) NOT NULL
) ENGINE=MyISAM DEFAULT CHARSET=latin1;

--
-- Dumping data untuk tabel `rb_identitas_sekolah`
--

INSERT INTO `rb_identitas_sekolah` (`id_identitas_sekolah`, `nama_sekolah`, `npsn`, `nss`, `alamat_sekolah`, `kode_pos`, `no_telpon`, `kelurahan`, `kecamatan`, `kabupaten_kota`, `provinsi`, `website`, `email`) VALUES
(1, 'SMKN 5 KOTA TANGERANG', '20615493', '-', 'Jl. Tripraja No.1, RT.003/RW.005', 15143, '021 748 64847', 'Panunggangan Utara', 'Pinang', 'Tangerang ', 'Banten', 'https://smkn5tangerangkota.sch.id/', '');

-- --------------------------------------------------------

--
-- Struktur dari tabel `rb_jadwal_pelajaran`
--

CREATE TABLE `rb_jadwal_pelajaran` (
  `kodejdwl` int(10) NOT NULL,
  `id_tahun_akademik` int(5) NOT NULL,
  `kode_kelas` varchar(10) NOT NULL,
  `kode_pelajaran` varchar(10) NOT NULL,
  `kode_ruangan` varchar(10) NOT NULL,
  `nip` varchar(30) NOT NULL,
  `paralel` varchar(10) NOT NULL,
  `jadwal_serial` varchar(10) NOT NULL,
  `jam_mulai` time NOT NULL,
  `jam_selesai` time NOT NULL,
  `hari` varchar(20) NOT NULL,
  `aktif` enum('Ya','Tidak') NOT NULL
) ENGINE=MyISAM DEFAULT CHARSET=latin1;

--
-- Dumping data untuk tabel `rb_jadwal_pelajaran`
--

INSERT INTO `rb_jadwal_pelajaran` (`kodejdwl`, `id_tahun_akademik`, `kode_kelas`, `kode_pelajaran`, `kode_ruangan`, `nip`, `paralel`, `jadwal_serial`, `jam_mulai`, `jam_selesai`, `hari`, `aktif`) VALUES
(5, 20161, 'X.MIPA.1', 'MK02', 'R003', '195806161984000001', '', '', '23:00:00', '23:30:00', 'Senin', 'Ya'),
(13, 20161, 'X.MIPA.1', 'MK01', 'R003', '195704111980032004', '', '', '09:00:00', '11:30:00', 'Senin', 'Ya'),
(14, 20161, 'X.MIPA.1', 'MK03', 'R004', '195806161984032002', '', '', '08:00:00', '10:30:00', 'Selasa', 'Ya'),
(33, 20162, 'X.MIPA.1', 'MK15', 'R001', '195806161984000002', '00', '00', '08:00:00', '10:00:00', 'Senin', 'Ya'),
(34, 20161, 'X.MIPA.1', 'MK01', 'R004', '195704111980032004', '', '', '07:10:06', '07:10:06', 'Kamis', 'Ya'),
(35, 20231, 'X TJKT', 'MP01', 'R001', '12345', '', '', '12:45:00', '14:00:00', 'Senin', 'Ya'),
(36, 20231, 'X TJKT', 'MP01', 'R001', '12345', '', '', '00:32:12', '00:32:12', 'Senin', 'Ya'),
(37, 20231, 'X TJKT', 'MK01', 'R001', '195806161984000003', '', '', '00:34:24', '00:34:24', 'Selasa', 'Ya'),
(38, 20231, 'X TJKT', 'MP01', 'R002', '12345', '', '', '00:34:56', '00:34:56', 'Selasa', 'Ya'),
(39, 20231, 'X TJKT', 'MP01', 'R002', '12345', '', '', '00:35:29', '00:35:29', 'Kamis', 'Ya'),
(40, 20231, 'X TJKT', 'MK11', 'R001', '12345', '', '', '00:36:57', '00:36:57', 'Senin', 'Ya'),
(41, 20231, 'X TJKT', 'MK11', 'R001', '12345', '', '', '12:45:00', '17:00:00', 'Kamis', 'Ya'),
(42, 20231, 'XTJKT', 'MP01', 'KR04', '1', '', '', '21:59:24', '21:59:24', 'Rabu', 'Ya'),
(43, 20231, 'XTJKT', 'MP01', 'KR04', '1', '', '', '21:59:54', '22:00:00', 'Rabu', 'Ya'),
(44, 20231, 'XTJKT', 'MP01', 'KR04', '1', '12', '12', '22:00:31', '22:00:31', 'Rabu', 'Ya'),
(45, 20231, 'XTJKT', 'MP01', 'KR04', '1', '12:00:00', '12:00:00', '22:01:23', '23:00:00', 'Kamis', 'Ya'),
(46, 20231, 'XTJKT', 'MK11', 'KR04', '1', '', '', '22:02:37', '22:02:37', 'Kamis', 'Ya'),
(160, 20231, 'XI.MM', 'MK51', 'KR04', '32', '', '', '12:45:00', '14:15:00', 'Senin', 'Ya'),
(98, 20231, 'XI.OTKP', 'MK28', 'KR06', '26', '', '', '12:45:00', '14:15:00', 'Senin', 'Ya'),
(127, 20231, 'XI.AKL', 'MK09', 'KR02', '18', '', '', '12:45:00', '14:15:00', 'Senin', 'Ya'),
(163, 20231, 'XI.MM', 'MK10', 'KR04', '19', '', '', '12:45:00', '14:15:00', 'Selasa', 'Ya'),
(53, 20231, 'XI.MM', 'MK04', 'KR02', '18', '', '', '13:40:00', '14:15:00', 'Rabu', 'Ya'),
(54, 20231, 'XI.AKL', 'MK04', 'KR02', '18', '', '', '13:40:00', '14:15:00', 'Senin', 'Ya'),
(55, 20231, 'XI.OTKP', 'MK04', 'KR02', '18', '', '', '13:40:00', '14:15:00', 'Jumat', 'Ya'),
(56, 20231, 'XI.TKJ', 'MK04', 'KR02', '18', '', '', '13:40:00', '14:15:00', 'Kamis', 'Ya'),
(57, 20231, 'XI.MM', 'MK06', 'KR02', '19', '', '', '12:40:00', '14:15:00', 'Selasa', 'Ya'),
(58, 20231, 'XI.AKL', 'MK06', 'KR02', '19', '', '', '14:15:00', '15:30:00', 'Kamis', 'Ya'),
(59, 20231, 'XI.OTKP', 'MK06', 'KR02', '19', '', '', '12:40:00', '14:15:00', 'Kamis', 'Ya'),
(60, 20231, 'XI.TKJ', 'MK06', 'KR02', '19', '', '', '13:20:00', '14:30:00', 'Jumat', 'Ya'),
(67, 20231, 'XI.TKJ', 'MK17', 'KR04', '23', 'abc', '', '15:45:00', '17:05:00', 'Senin', 'Ya'),
(84, 20231, 'XII.OTKP', 'MK09', 'KR05', '5', '', '', '13:25:00', '14:15:00', 'Senin', 'Ya'),
(66, 20231, 'XI.TKJ', 'MK16', 'KR04', '30', '', '', '12:45:00', '15:30:00', 'Senin', 'Ya'),
(162, 20231, 'XI.MM', 'MK23', 'KR04', '28', '', '', '09:30:00', '12:10:00', 'Selasa', 'Ya'),
(69, 20231, 'XI.TKJ', 'MK07', 'KR04', '21', '', '', '14:15:00', '15:30:00', 'Selasa', 'Ya'),
(70, 20231, 'XI.TKJ', 'MK20', 'KR04', '20', '', '', '15:45:00', '17:05:00', 'Selasa', 'Ya'),
(71, 20231, 'XI.TKJ', 'MK15', 'KR04', '31', '', '', '17:05:00', '19:00:00', 'Selasa', 'Ya'),
(72, 20231, 'XI.TKJ', 'MK10', 'KR04', '19', '', '', '12:45:00', '14:15:00', 'Rabu', 'Ya'),
(73, 20231, 'XI.TKJ', 'MK18', 'KR04', '30', '', '', '14:15:00', '15:30:00', 'Rabu', 'Ya'),
(74, 20231, 'XI.TKJ', 'MK19', 'KR04', '31', '', '', '15:45:00', '17:05:00', 'Rabu', 'Ya'),
(75, 20231, 'XI.TKJ', 'MK09', 'KR04', '18', '', '', '12:45:00', '14:15:00', 'Kamis', 'Ya'),
(83, 20231, 'XII.OTKP', 'MK08', 'KR05', '15', '', '', '12:45:00', '13:25:00', 'Senin', 'Ya'),
(77, 20231, 'XI.TKJ', 'MK14', 'KR04', '17', '', '', '14:50:00', '15:45:00', 'Kamis', 'Ya'),
(78, 20231, 'XI.TKJ', 'MK08', 'KR04', '15', '', '', '16:25:00', '17:05:00', 'Kamis', 'Ya'),
(79, 20231, 'XI.TKJ', 'MK11', 'KR04', '8', '', '', '13:20:00', '14:30:00', 'Jumat', 'Ya'),
(80, 20231, 'XI.TKJ', 'MK11', 'KR04', '11', '', '', '14:30:00', '15:30:00', 'Jumat', 'Ya'),
(161, 20231, 'XI.MM', 'MK22', 'KR04', '27', '', '', '14:15:00', '17:05:00', 'Senin', 'Ya'),
(85, 20231, 'XII.OTKP', 'MK07', 'KR05', '21', '', '', '14:15:00', '15:30:00', 'Senin', 'Ya'),
(86, 20231, 'XII.OTKP', 'MK27', 'KR05', '26', '', '', '15:45:00', '17:05:00', 'Senin', 'Ya'),
(87, 20231, 'XII.OTKP', 'MK48', 'KR05', '9', '', '', '12:45:00', '13:25:00', 'Selasa', 'Ya'),
(88, 20231, 'XII.OTKP', 'MK11', 'KR05', '11', '', '', '13:25:00', '15:30:00', 'Selasa', 'Ya'),
(89, 20231, 'XII.OTKP', 'MK25', 'KR05', '26', '', '', '15:45:00', '17:05:00', 'Selasa', 'Ya'),
(90, 20231, 'XII.OTKP', 'MK27', 'KR05', '26', '', '', '09:30:00', '12:10:00', 'Rabu', 'Ya'),
(91, 20231, 'XII.OTKP', 'MK25', 'KR05', '26', '', '', '12:45:00', '15:30:00', 'Rabu', 'Ya'),
(92, 20231, 'XII.OTKP', 'MK20', 'KR05', '21', '', '', '15:45:00', '17:05:00', 'Rabu', 'Ya'),
(93, 20231, 'XII.OTKP', 'MK25', 'KR05', '26', '', '', '09:30:00', '10:10:00', 'Kamis', 'Ya'),
(94, 20231, 'XII.OTKP', 'MK29', 'KR05', '26', '', '', '10:10:00', '14:50:00', 'Kamis', 'Ya'),
(95, 20231, 'XII.OTKP', 'MK26', 'KR05', '24', '', '', '14:50:00', '17:05:00', 'Kamis', 'Ya'),
(96, 20231, 'XII.OTKP', 'MK10', 'KR05', '12', '', '', '13:20:00', '14:30:00', 'Jumat', 'Ya'),
(97, 20231, 'XII.OTKP', 'MK26', 'KR05', '24', '', '', '14:30:00', '17:15:00', 'Jumat', 'Ya'),
(99, 20231, 'XI.OTKP', 'MK25', 'KR06', '24', '', '', '14:15:00', '17:05:00', 'Senin', 'Ya'),
(100, 20231, 'XI.OTKP', 'MK27', 'KR06', '26', '', '', '09:30:00', '12:10:00', 'Selasa', 'Ya'),
(101, 20231, 'XI.OTKP', 'MK25', 'KR06', '24', '', '', '12:45:00', '14:15:00', 'Selasa', 'Ya'),
(102, 20231, 'XI.OTKP', 'MK11', 'KR06', '8', '', '', '14:15:00', '15:30:00', 'Selasa', 'Ya'),
(103, 0, 'XI.OTKP', 'MK20', 'KR06', '20', '', '', '15:45:00', '17:05:00', 'Selasa', 'Ya'),
(104, 20231, 'XI.OTKP', 'MK26', 'KR06', '24', '', '', '14:45:00', '15:30:00', 'Rabu', 'Ya'),
(105, 20231, 'XI.OTKP', 'MK21', 'KR06', '13', '', '', '15:45:00', '17:05:00', 'Rabu', 'Ya'),
(106, 20231, 'XI.OTKP', 'MK10', 'KR06', '19', '', '', '12:45:00', '14:15:00', 'Kamis', 'Ya'),
(107, 20231, 'XI.OTKP', 'MK28', 'KR06', '26', '', '', '15:45:00', '17:05:00', 'Kamis', 'Ya'),
(108, 20231, 'XI.OTKP', 'MK09', 'KR06', '18', '', '', '13:20:00', '14:30:00', 'Jumat', 'Ya'),
(109, 20231, 'XI.OTKP', 'MK48', 'KR06', '9', '', '', '14:30:00', '15:00:00', 'Jumat', 'Ya'),
(110, 20231, 'XI.OTKP', 'MK08', 'KR06', '15', '', '', '15:00:00', '15:30:00', 'Jumat', 'Ya'),
(111, 20231, 'XI.OTKP', 'MK14', 'KR06', '17', '', '', '16:15:00', '17:15:00', 'Jumat', 'Ya'),
(112, 20231, 'XII.AKL', 'MK35', 'KR01', '29', '', '', '12:45:00', '14:15:00', 'Senin', 'Ya'),
(113, 20231, 'XII.AKL', 'MK37', 'KR01', '29', '', '', '14:50:00', '15:30:00', 'Senin', 'Ya'),
(114, 20231, 'XII.AKL', 'MK07', 'KR01', '21', '', '', '15:45:00', '17:05:00', 'Senin', 'Ya'),
(115, 20231, 'XII.AKL', 'MK37', 'KR01', '29', '', '', '12:45:00', '17:05:00', 'Selasa', 'Ya'),
(116, 20231, 'XII.AKL', 'MK39', 'KR01', '29', '', '', '09:30:00', '12:10:00', 'Rabu', 'Ya'),
(117, 20231, 'XII.AKL', 'MK09', 'KR01', '5', '', '', '12:45:00', '13:25:00', 'Rabu', 'Ya'),
(118, 20231, 'XII.AKL', 'MK11', 'KR01', '11', '', '', '13:25:00', '15:30:00', 'Rabu', 'Ya'),
(119, 20231, 'XII.AKL', 'MK20', 'KR01', '21', '', '', '15:45:00', '17:05:00', 'Rabu', 'Ya'),
(120, 20231, 'XII.AKL', 'MK33', 'KR01', '2', '', '', '09:30:00', '12:10:00', 'Kamis', 'Ya'),
(121, 20231, 'XII.AKL', 'MK39', 'KR01', '29', '', '', '12:45:00', '14:15:00', 'Kamis', 'Ya'),
(122, 20231, 'XII.AKL', 'MK41', 'KR01', '29', '', '', '14:15:00', '15:30:00', 'Kamis', 'Ya'),
(123, 20231, 'XII.AKL', 'MK08', 'KR01', '15', '', '', '15:45:00', '16:25:00', 'Kamis', 'Ya'),
(124, 20231, 'XII.AKL', 'MK49', 'KR01', '9', '', '', '16:25:00', '17:05:00', 'Kamis', 'Ya'),
(125, 20231, 'XII.AKL', 'MK34', 'KR01', '2', '', '', '13:20:00', '15:30:00', 'Jumat', 'Ya'),
(126, 20231, 'XII.AKL', 'MK10', 'KR01', '12', '', '', '16:15:00', '17:15:00', 'Jumat', 'Ya'),
(128, 20231, 'XI.AKL', 'MK11', 'KR02', '8', '', '', '14:15:00', '15:30:00', 'Senin', 'Ya'),
(129, 20231, 'XI.AKL', 'MK35', 'KR02', '29', '', '', '15:45:00', '17:05:00', 'Senin', 'Ya'),
(130, 20231, 'XI.AKL', 'MK37', 'KR02', '29', '', '', '09:30:00', '12:10:00', 'Selasa', 'Ya'),
(131, 20231, 'XI.AKL', 'MK33', 'KR02', '2', '', '', '12:45:00', '15:30:00', 'Selasa', 'Ya'),
(132, 20231, 'XI.AKL', 'MK20', 'KR02', '20', '', '', '15:45:00', '17:05:00', 'Selasa', 'Ya'),
(133, 20231, 'XI.AKL', 'MK21', 'KR02', '13', '', '', '12:45:00', '14:15:00', 'Rabu', 'Ya'),
(134, 20231, 'XI.AKL', 'MK07', 'KR02', '21', '', '', '14:15:00', '15:30:00', 'Rabu', 'Ya'),
(135, 20231, 'XI.AKL', 'MK40', 'KR02', '29', '', '', '15:45:00', '17:05:00', 'Rabu', 'Ya'),
(136, 20231, 'XI.AKL', 'MK33', 'KR02', '2', '', '', '12:45:00', '14:15:00', 'Kamis', 'Ya'),
(137, 20231, 'XI.AKL', 'MK14', 'KR02', '17', '', '', '14:15:00', '15:30:00', 'Kamis', 'Ya'),
(138, 20231, 'XI.AKL', 'MK10', 'KR02', '19', '', '', '14:15:00', '15:30:00', 'Kamis', 'Ya'),
(139, 20231, 'XI.AKL', 'MK41', 'KR02', '29', '', '', '15:45:00', '17:05:00', 'Kamis', 'Ya'),
(140, 20231, 'XI.AKL', 'MK08', 'KR02', '15', '', '', '13:20:00', '14:00:00', 'Jumat', 'Ya'),
(141, 20231, 'XI.AKL', 'MK48', 'KR02', '9', '', '', '14:30:00', '15:00:00', 'Jumat', 'Ya'),
(142, 20231, 'XI.AKL', 'MK08', 'KR02', '15', '', '', '15:00:00', '15:30:00', 'Jumat', 'Ya'),
(143, 20152, 'XI.AKL', 'MK14', 'KR02', '17', '', '', '16:15:00', '17:15:00', 'Jumat', 'Ya'),
(144, 20231, 'XII.MM', 'MK43', 'KR03', '27', '', '', '12:45:00', '14:15:00', 'Senin', 'Ya'),
(145, 20231, 'XII.MM', 'MK49', 'KR03', '32', '', '', '14:15:00', '15:30:00', 'Senin', 'Ya'),
(146, 20231, 'XII.MM', 'MK11', 'KR03', '11', '', '', '15:45:00', '17:05:00', 'Senin', 'Ya'),
(147, 20231, 'XII.MM', 'MK43', 'KR03', '27', '', '', '12:45:00', '17:05:00', 'Selasa', 'Ya'),
(148, 20231, 'XII.MM', 'MK44', 'KR03', '32', '', '', '09:30:00', '13:25:00', 'Rabu', 'Ya'),
(149, 20231, 'XII.MM', 'MK09', 'KR03', '5', '', '', '13:25:00', '14:15:00', 'Rabu', 'Ya'),
(150, 20231, 'XII.MM', 'MK10', 'KR03', '12', '', '', '14:15:00', '15:30:00', 'Rabu', 'Ya'),
(151, 20231, 'XII.MM', 'MK20', 'KR03', '21', '', '', '15:45:00', '17:05:00', 'Rabu', 'Ya'),
(152, 20231, 'XII.MM', 'MK44', 'KR03', '32', '', '', '09:30:00', '12:10:00', 'Kamis', 'Ya'),
(153, 20231, 'XII.MM', 'MK07', 'KR03', '21', '', '', '12:45:00', '14:15:00', 'Kamis', 'Ya'),
(154, 20231, 'XII.MM', 'MK11', 'KR03', '11', '', '', '14:15:00', '14:50:00', 'Kamis', 'Ya'),
(156, 20231, 'XII.MM', 'MK08', 'KR03', '15', '', '', '14:50:00', '15:30:00', 'Kamis', 'Ya'),
(157, 20231, 'XII.MM', 'MK43', 'KR03', '27', '', '', '15:45:00', '17:05:00', 'Kamis', 'Ya'),
(158, 20231, 'XII.MM', 'MK44', 'KR03', '32', '', '', '13:20:00', '15:30:00', 'Jumat', 'Ya'),
(159, 20231, 'XII.MM', 'MK43', 'KR03', '27', '', '', '16:15:00', '17:15:00', 'Jumat', 'Ya'),
(164, 20231, 'XI.MM', 'MK23', 'KR04', '28', '', '', '14:15:00', '15:30:00', 'Selasa', 'Ya'),
(165, 20231, 'XI.MM', 'MK20', 'KR04', '20', '', '', '15:45:00', '17:05:00', 'Selasa', 'Ya'),
(166, 20231, 'XI.MM', 'MK09', 'KR04', '18', '', '', '12:45:00', '14:15:00', 'Rabu', 'Ya'),
(167, 20231, 'XI.MM', 'MK11', 'KR04', '8', '', '', '14:15:00', '15:30:00', 'Rabu', 'Ya'),
(168, 20231, 'XI.MM', 'MK14', 'KR04', '17', '', '', '15:45:00', '17:05:00', 'Rabu', 'Ya'),
(169, 20231, 'XI.MM', 'MK11', 'KR04', '11', '', '', '12:45:00', '14:15:00', 'Kamis', 'Ya'),
(170, 20231, 'XI.MM', 'MK22', 'KR04', '27', '', '', '14:15:00', '15:30:00', 'Kamis', 'Ya'),
(171, 20231, 'XI.MM', 'MK07', 'KR04', '21', '', '', '15:45:00', '17:05:00', 'Kamis', 'Ya'),
(172, 20231, 'XI.MM', 'MK22', 'KR04', '27', '', '', '13:20:00', '14:30:00', 'Jumat', 'Ya'),
(173, 20231, 'XI.MM', 'MK08', 'KR04', '15', '', '', '14:30:00', '15:00:00', 'Jumat', 'Ya'),
(174, 20231, 'XI.MM', 'MK23', 'KR04', '28', '', '', '15:00:00', '17:15:00', 'Jumat', 'Ya'),
(175, 20231, 'XII.TKJ', 'MK11', 'KR05', '11', '', '', '12:45:00', '14:50:00', 'Senin', 'Ya'),
(176, 20231, 'XII.TKJ', 'MK10', 'KR05', '12', '', '', '14:50:00', '16:25:00', 'Senin', 'Ya'),
(177, 20231, 'XII.TKJ', 'MK08', 'KR05', '15', '', '', '16:25:00', '17:05:00', 'Senin', 'Ya'),
(178, 20231, 'XII.TKJ', 'MK09', 'KR05', '5', '', '', '12:45:00', '13:25:00', 'Selasa', 'Ya'),
(179, 20231, 'XII.TKJ', 'MK47', 'KR05', '31', '', '', '13:25:00', '17:05:00', 'Selasa', 'Ya'),
(180, 20231, 'XII.TKJ', 'MK17', 'KR05', '23', '', '', '12:45:00', '15:30:00', 'Rabu', 'Ya'),
(181, 20231, 'XII.TKJ', 'MK20', 'KR05', '21', '', '', '15:45:00', '17:05:00', 'Rabu', 'Ya'),
(182, 20231, 'XII.TKJ', 'MK50', 'KR05', '31', '', '', '12:45:00', '14:15:00', 'Kamis', 'Ya'),
(183, 20231, 'XII.TKJ', 'MK16', 'KR05', '30', '', '', '14:15:00', '19:00:00', 'Kamis', 'Ya'),
(191, 20231, 'XI.TKJ', 'ASD', 'KR02', '23', 'senin', '', '03:00:00', '04:00:00', 'Selasa', 'Ya'),
(185, 20231, 'XII.TKJ', 'MK07', 'KR05', '21', '', '', '16:15:00', '17:15:00', 'Jumat', 'Ya'),
(190, 20231, 'XI.TKJ', 'ASD', 'KR02', '23', 'selasa', '', '01:00:00', '02:00:00', 'Senin', 'Ya'),
(192, 20231, 'X.TJKT', 'MK07', 'KR01', '21', '', '', '11:00:00', '12:00:00', 'Senin', 'Ya'),
(193, 20231, 'X.TJKT', 'KM3', 'KR01', '5', '', '', '12:45:00', '13:25:00', 'Senin', 'Ya'),
(194, 20231, 'X.TJKT', 'KM12', 'KR01', '23', '', '', '13:25:00', '15:30:00', 'Senin', 'Ya'),
(195, 20231, 'X.TJKT', 'KM13', 'KR01', '22', '', '', '15:45:00', '17:05:00', 'Senin', 'Ya'),
(196, 20231, 'X.TJKT', 'KM14', 'KR01', '8', '', '', '12:45:00', '14:15:00', 'Selasa', 'Ya'),
(197, 20231, 'X.TJKT', 'KM11', 'KR01', '14', '', '', '14:15:00', '14:50:00', 'Selasa', 'Ya'),
(198, 20231, 'X.TJKT', 'KM10', 'KR01', '25', '', '', '12:45:00', '14:50:00', 'Rabu', 'Ya'),
(199, 20231, 'X.TJKT', 'KM7', 'KR01', '3', '', '', '14:50:00', '15:30:00', 'Rabu', 'Ya'),
(200, 20231, 'X.TJKT', 'KM5', 'KR01', '7', '', '', '15:45:00', '17:05:00', 'Rabu', 'Ya'),
(201, 20231, 'X.TJKT', 'KM8', 'KR01', '12', '', '', '12:45:00', '14:15:00', 'Kamis', 'Ya'),
(202, 20231, 'X.TJKT', 'KM2', 'KR01', '15', '', '', '14:15:00', '14:50:00', 'Kamis', 'Ya'),
(203, 20231, 'X.TJKT', 'KM6', 'KR01', '16', '', '', '14:50:00', '15:30:00', 'Kamis', 'Ya'),
(204, 20231, 'X.TJKT', 'KM1', 'KR01', '22', '', '', '15:45:00', '17:05:00', 'Kamis', 'Ya'),
(205, 20231, 'X.TJKT', 'KM9', 'KR01', '13', '', '', '14:30:00', '15:30:00', 'Jumat', 'Ya'),
(206, 20231, 'X.TJKT', 'KM2', 'KR01', '15', '', '', '14:15:00', '14:50:00', 'Kamis', 'Ya'),
(207, 20231, 'X.TJKT', 'MK56', 'KR01', '15', '', '', '14:15:00', '14:50:00', 'Kamis', 'Ya'),
(208, 20231, 'X.TJKT', 'KM15', 'KR01', '15', '', '', '14:15:00', '14:50:00', 'Kamis', 'Ya'),
(209, 20231, 'X.AKL', 'KM12', 'KR02', '29', '', '', '09:30:00', '15:30:00', 'Senin', 'Ya'),
(210, 20231, 'X.AKL', 'KM8', 'KR02', '12', '', '', '12:45:00', '14:15:00', 'Selasa', 'Ya'),
(211, 20231, 'X.AKL', 'KM6', 'KR02', '16', '', '', '14:15:00', '14:50:00', 'Selasa', 'Ya'),
(212, 20231, 'X.AKL', 'KM3', 'KR02', '5', '', '', '14:50:00', '15:30:00', 'Selasa', 'Ya'),
(213, 20231, 'X.AKL', 'KM11', 'KR02', '14', '', '', '15:45:00', '16:25:00', 'Selasa', 'Ya'),
(214, 20231, 'X.AKL', 'KM15', 'KR02', '15', '', '', '16:25:00', '17:05:00', 'Selasa', 'Ya'),
(215, 20231, 'X.AKL', 'KM7', 'KR02', '3', '', '', '14:15:00', '14:50:00', 'Rabu', 'Ya'),
(216, 20231, 'X.AKL', 'KM9', 'KR02', '13', '', '', '14:50:00', '15:30:00', 'Rabu', 'Ya'),
(217, 20231, 'X.AKL', 'KM1', 'KR02', '22', '', '', '15:45:00', '17:05:00', 'Rabu', 'Ya'),
(218, 20231, 'X.AKL', 'KM14', 'KR02', '8', '', '', '12:45:00', '14:15:00', 'Kamis', 'Ya'),
(219, 20231, 'X.AKL', 'KM10', 'KR02', '25', '', '', '14:50:00', '17:05:00', 'Kamis', 'Ya'),
(220, 20231, 'X.AKL', 'KM5', 'KR02', '7', '', '', '16:15:00', '17:15:00', 'Jumat', 'Ya'),
(221, 20231, 'X.DKV', 'KM1', 'KR03', '22', '', '', '12:45:00', '14:15:00', 'Senin', 'Ya'),
(222, 20231, 'X.DKV', 'KM3', 'KR03', '5', '', '', '14:15:00', '14:50:00', 'Senin', 'Ya'),
(223, 20231, 'X.DKV', 'KM15', 'KR03', '15', '', '', '14:50:00', '15:30:00', 'Senin', 'Ya'),
(224, 20231, 'X.DKV', 'KM13', 'KR03', '22', '', '', '15:45:00', '17:05:00', 'Senin', 'Ya'),
(225, 20231, 'X.DKV', 'KM11', 'KR03', '14', '', '', '14:50:00', '15:30:00', 'Selasa', 'Ya'),
(226, 20231, 'X.DKV', 'KM5', 'KR03', '7', '', '', '15:45:00', '17:05:00', 'Selasa', 'Ya'),
(227, 20231, 'X.DKV', 'KM12', 'KR03', '27', '', '', '12:45:00', '14:50:00', 'Rabu', 'Ya'),
(228, 20231, 'X.DKV', 'KM10', 'KR03', '25', '', '', '14:50:00', '17:05:00', 'Rabu', 'Ya'),
(229, 20231, 'X.DKV', 'KM8', 'KR03', '12', '', '', '14:15:00', '15:30:00', 'Kamis', 'Ya'),
(230, 20231, 'X.DKV', 'KM9', 'KR03', '13', '', '', '15:45:00', '17:05:00', 'Kamis', 'Ya'),
(231, 20231, 'X.DKV', 'KM6', 'KR03', '16', '', '', '13:20:00', '14:00:00', 'Jumat', 'Ya'),
(232, 20231, 'X.DKV', 'KM7', 'KR03', '3', '', '', '14:00:00', '14:30:00', 'Jumat', 'Ya'),
(233, 20231, 'X.DKV', 'KM14', 'KR03', '8', '', '', '16:15:00', '17:15:00', 'Jumat', 'Ya'),
(234, 20231, 'X.MPLB', 'KM1', 'KR04', '22', '', '', '12:45:00', '14:15:00', 'Senin', 'Ya'),
(235, 20231, 'X.MPLB', 'KM13', 'KR04', '22', '', '', '15:45:00', '17:05:00', 'Senin', 'Ya'),
(236, 20231, 'X.MPLB', 'KM12', 'KR04', '26', '', '', '12:45:00', '14:50:00', 'Selasa', 'Ya'),
(237, 20231, 'X.MPLB', 'KM8', 'KR04', '12', '', '', '12:45:00', '14:15:00', 'Rabu', 'Ya'),
(238, 20231, 'X.MPLB', 'KM9', 'KR04', '13', '', '', '14:15:00', '14:50:00', 'Rabu', 'Ya'),
(239, 20231, 'X.MPLB', 'KM11', 'KR04', '14', '', '', '14:50:00', '15:30:00', 'Rabu', 'Ya'),
(240, 20231, 'X.MPLB', 'KM15', 'KR04', '15', '', '', '12:45:00', '13:25:00', 'Senin', 'Ya'),
(241, 20231, 'X.MPLB', 'KM15', 'KR04', '15', '', '', '12:45:00', '13:25:00', 'Kamis', 'Ya'),
(242, 20231, 'X.MPLB', 'KM3', 'KR04', '5', '', '', '13:25:00', '14:15:00', 'Kamis', 'Ya'),
(243, 20231, 'X.MPLB', 'KM14', 'KR04', '8', '', '', '14:15:00', '15:30:00', 'Kamis', 'Ya'),
(244, 20231, 'X.MPLB', 'KM5', 'KR04', '7', '', '', '15:45:00', '17:05:00', 'Kamis', 'Ya'),
(245, 20231, 'X.MPLB', 'KM9', 'KR04', '13', '', '', '13:20:00', '14:00:00', 'Jumat', 'Ya'),
(246, 20231, 'X.MPLB', 'KM6', 'KR04', '16', '', '', '14:00:00', '14:30:00', 'Jumat', 'Ya'),
(247, 20231, 'X.MPLB', 'KM7', 'KR04', '3', '', '', '14:30:00', '15:00:00', 'Jumat', 'Ya'),
(248, 20231, 'X.MPLB', 'KM10', 'KR04', '25', '', '', '15:00:00', '17:15:00', 'Jumat', 'Ya'),
(249, 20251, 'A1', 'KM16', 'KR02', '1232123432112345', '', '', '13:15:32', '15:15:32', 'Senin', 'Ya'),
(250, 20251, 'XI - TJKT', 'KM9', 'KR02', '8', '', '', '13:47:19', '15:47:19', 'Senin', 'Ya'),
(251, 20251, 'XII - TJKT', 'KM12', 'KR02', '23', '', '', '16:00:00', '17:15:00', 'Senin', 'Ya'),
(252, 20251, 'X.TJKT', 'KP01', 'KR02', '3', '', '', '12:50:00', '14:10:00', 'Kamis', 'Ya'),
(253, 20251, 'X - DKV 1', 'KP01', 'KR02', '3', '', '', '13:35:00', '15:00:00', 'Jumat', 'Ya'),
(254, 20251, 'X - DKV 2', 'KP01', 'KR03', '3', '', '', '15:00:00', '17:15:00', 'Jumat', 'Ya'),
(255, 20251, 'X - DKV 1', 'KP02', 'KR04', '28', '', '', '09:15:00', '10:45:00', 'Senin', 'Ya'),
(256, 20251, 'X - DKV 1', 'KP02', 'KR04', '32', '', '', '12:50:00', '13:30:00', 'Selasa', 'Ya'),
(257, 20251, 'X - DKV 1', 'KP02', 'KR02', '32', '', '', '10:45:00', '11:55:00', 'Senin', 'Ya'),
(258, 20251, 'X - DKV 1', 'KP04', 'KR04', '8', '', '', '18:30:24', '18:30:24', 'Senin', 'Ya'),
(259, 20251, 'X - DKV 1', 'KP05', 'KR05', '13', '', '', '14:10:00', '15:30:00', 'Senin', 'Ya'),
(260, 20251, 'X - DKV 1', 'KP06', 'KR05', '15', '', '', '16:05:00', '16:45:00', 'Senin', 'Ya'),
(261, 20251, 'X - DKV 1', 'KP07', 'KR04', '16', '', '', '16:45:00', '17:15:00', 'Senin', 'Ya'),
(262, 20251, 'X - DKV 2', 'KP02', 'KR03', '52', '', '', '09:15:00', '10:45:00', 'Senin', 'Ya'),
(263, 20251, 'X - DKV 2', 'KP02', 'KR05', '28', '', '', '10:45:00', '11:55:00', 'Senin', 'Ya'),
(264, 20251, 'X - DKV 2', 'KP07', 'KR04', '16', '', '', '12:50:00', '13:30:00', 'Senin', 'Ya'),
(265, 20251, 'X - DKV 2', 'KP09', 'KR06', '14', '', '', '13:30:00', '14:10:00', 'Senin', 'Ya'),
(266, 20251, 'X - DKV 2', 'KP06', 'KR06', '15', '', '', '14:10:00', '14:50:00', 'Senin', 'Ya'),
(267, 20251, 'X - DKV 2', 'KP10', 'KR06', '53', '', '', '14:50:00', '17:15:00', 'Senin', 'Ya'),
(268, 20251, 'X.TJKT', 'KP11', 'KR05', '31', '', '', '09:15:00', '11:55:00', 'Senin', 'Ya'),
(269, 20251, 'X.TJKT', 'KP04', 'KR05', '13', '', '', '12:50:00', '14:10:00', 'Senin', 'Ya'),
(270, 20251, 'X.TJKT', 'KP09', 'KR05', '14', '', '', '14:10:00', '14:50:00', 'Senin', 'Ya'),
(271, 20251, 'X.TJKT', 'KP11', 'KR05', 'ade@albin.sch.id', '', '', '14:50:00', '17:15:00', 'Senin', 'Ya'),
(272, 20251, 'XI - AKL', 'KP12', 'KR04', '18', '', '', '12:50:00', '13:30:00', 'Senin', 'Ya'),
(273, 20251, 'XI - AKL', 'KP06', 'KR04', '15', '', '', '13:30:00', '14:10:00', 'Senin', 'Ya'),
(274, 20251, 'XI - AKL', 'KP13', 'KR04', '54', '', '', '14:10:00', '14:50:00', 'Senin', 'Ya'),
(275, 20251, 'XI - AKL', 'KP07', 'KR04', '16', '', '', '14:50:00', '15:30:00', 'Senin', 'Ya'),
(276, 20251, 'XI - AKL', 'KP14', 'KR04', '55', '', '', '16:05:00', '17:15:00', 'Senin', 'Ya'),
(277, 20251, 'XI - MPLB', 'KP06', 'KR03', '15', '', '', '12:50:00', '13:30:00', 'Senin', 'Ya'),
(278, 20251, 'XI - MPLB', 'KP12', 'KR03', '18', '', '', '13:30:00', '14:10:00', 'Senin', 'Ya'),
(279, 20251, 'XI - MPLB', 'KP07', '0', '16', '', '', '14:10:00', '14:50:00', 'Senin', 'Ya'),
(280, 20251, 'XI - MPLB', 'KP07', 'KR03', '16', '', '', '14:10:00', '14:50:00', 'Senin', 'Ya'),
(281, 20251, 'XI - MPLB', 'KP13', 'KR03', '54', '', '', '14:50:00', '15:30:00', 'Senin', 'Ya'),
(282, 20251, 'XI - MPLB', 'KP10', 'KR03', '56', '', '', '16:05:00', '17:15:00', 'Senin', 'Ya'),
(283, 20251, 'XI - DKV', 'KP10', 'KR02', '56', '', '', '12:50:00', '14:10:00', 'Senin', 'Ya'),
(284, 20251, 'XI - DKV', 'KP03', 'KR02', '32', '', '', '14:10:00', '15:30:00', 'Senin', 'Ya'),
(285, 20232, 'XI - DKV', 'KP13', 'KR02', '54', '', '', '16:05:00', '16:45:00', 'Senin', 'Ya'),
(286, 20251, 'XI - DKV', 'KP13', 'KR02', '54', '', '', '16:05:00', '16:45:00', 'Senin', 'Ya'),
(287, 20251, 'XI - DKV', 'KP06', 'KR02', '15', '', '', '16:45:00', '17:15:00', 'Senin', 'Ya'),
(288, 20251, 'XI - TJKT', 'KP11', 'KR06', '31', '', '', '12:50:00', '14:10:00', 'Senin', 'Ya'),
(289, 20232, 'XI - TJKT', 'KP10', 'KR06', '56', '', '', '14:10:00', '15:30:00', 'Senin', 'Ya'),
(290, 20251, 'XI - TJKT', 'KP10', 'KR06', '56', '', '', '14:10:00', '15:30:00', 'Senin', 'Ya'),
(291, 20251, 'XI - TJKT', 'KP07', 'KR06', '16', '', '', '16:05:00', '16:45:00', 'Senin', 'Ya'),
(292, 20251, 'XI - TJKT', 'KP11', 'KR06', '30', '', '', '16:45:00', '17:15:00', 'Senin', 'Ya'),
(293, 20251, 'XII - AKL', 'KP14', 'KR05', '55', '', '', '12:50:00', '15:30:00', 'Senin', 'Ya'),
(295, 20251, 'XII - AKL', 'KP15', 'KR06', '20', '', '', '16:05:00', '17:15:00', 'Senin', 'Ya'),
(296, 20251, 'XII - MPLB', 'KP05', 'KR05', '11', '', '', '12:50:00', '14:10:00', 'Senin', 'Ya'),
(297, 20251, 'XII - MPLB', 'KP16', 'KR05', '24', '', '', '14:10:00', '17:15:00', 'Senin', 'Ya'),
(298, 20251, 'XII - DKV', 'KP08', 'KR04', '28', '', '', '12:50:00', '14:10:00', 'Senin', 'Ya'),
(299, 20251, 'XII - DKV', 'KP05', 'KR05', '11', '', '', '14:10:00', '15:30:00', 'Senin', 'Ya'),
(300, 20251, 'XII - DKV', 'KP17', 'KR05', '21', '', '', '16:05:00', '17:15:00', 'Senin', 'Ya'),
(301, 20251, 'XII - TJKT', 'KP15', 'KR04', '20', '', '', '12:50:00', '14:10:00', 'Senin', 'Ya'),
(302, 20251, 'XII - TJKT', 'KP17', 'KR04', '21', '', '', '14:10:00', '15:30:00', 'Senin', 'Ya'),
(303, 20251, 'XII - TJKT', 'KP05', 'KR05', '11', '', '', '16:05:00', '17:15:00', 'Senin', 'Ya'),
(304, 20251, 'X - DKV 1', 'KP08', 'KR06', '28', '', '', '12:50:00', '14:10:00', 'Rabu', 'Ya'),
(305, 20251, 'X - DKV 1', 'KP03', 'KR06', '25', '', '', '14:10:00', '15:30:00', 'Rabu', 'Ya'),
(306, 20251, 'X - DKV 1', 'KP12', 'KR06', '5', '', '', '16:05:00', '16:45:00', 'Rabu', 'Ya'),
(307, 20251, 'X - DKV 1', 'KP17', 'KR06', '22', '', '', '16:45:00', '17:15:00', 'Rabu', 'Ya'),
(308, 20251, 'X - DKV 2', 'KP15', 'KR05', '57', '', '', '12:50:00', '13:30:00', 'Rabu', 'Ya'),
(309, 20251, 'X - DKV 2', 'KP03', 'KR05', '52', '', '', '13:30:00', '14:10:00', 'Rabu', 'Ya'),
(310, 20251, 'X - DKV 2', 'KP13', 'KR05', '54', '', '', '14:10:00', '14:50:00', 'Rabu', 'Ya'),
(311, 20251, 'X - DKV 2', 'KP12', 'KR05', '5', '', '', '14:50:00', '15:30:00', 'Rabu', 'Ya'),
(312, 20251, 'X - DKV 2', 'KP04', 'KR05', '8', '', '', '16:05:00', '17:15:00', 'Rabu', 'Ya'),
(313, 20251, 'X.TJKT', 'KP17', 'KR04', '22', '', '', '12:50:00', '14:10:00', 'Rabu', 'Ya'),
(314, 20251, 'X.TJKT', 'KP04', 'KR04', '8', '', '', '14:10:00', '15:30:00', 'Rabu', 'Ya'),
(315, 20251, 'X.TJKT', 'KP15', 'KR04', '57', '', '', '16:05:00', '17:15:00', 'Rabu', 'Ya'),
(316, 20251, 'XI - AKL', 'KP14', 'KR03', '58', '', '', '12:50:00', '15:30:00', 'Rabu', 'Ya'),
(317, 20251, 'XI - AKL', 'KP18', 'KR03', '59', '', '', '16:05:00', '17:15:00', 'Rabu', 'Ya'),
(318, 20251, 'XI - MPLB', 'KP16', 'KR02', '60', '', '', '12:50:00', '14:10:00', 'Rabu', 'Ya'),
(319, 20251, 'XI - MPLB', 'KP18', 'KR02', '59', '', '', '14:10:00', '15:30:00', 'Rabu', 'Ya'),
(320, 20251, 'XI - MPLB', 'KP16', 'KR02', '24', '', '', '16:05:00', '17:15:00', 'Rabu', 'Ya'),
(321, 20232, 'XI - DKV', 'KP03', 'KR01', '32', '', '', '12:50:00', '15:30:00', 'Rabu', 'Ya'),
(322, 20251, 'XI - DKV', 'KP08', 'KR01', '32', '', '', '12:50:00', '15:30:00', 'Rabu', 'Ya'),
(323, 20251, 'XI - DKV', 'KP17', 'KR01', '21', '', '', '16:05:00', '17:15:00', 'Rabu', 'Ya'),
(324, 20251, 'XI - TJKT', 'KP05', 'KR06', '8', '', '', '12:50:00', '14:10:00', 'Rabu', 'Ya'),
(325, 20251, 'XI - TJKT', 'KP17', 'KR06', '21', '', '', '14:10:00', '15:30:00', 'Rabu', 'Ya'),
(326, 20251, 'XI - TJKT', 'KP11', 'KR06', 'ade@albin.sch.id', '', '', '16:05:00', '17:15:00', 'Rabu', 'Ya'),
(327, 20251, 'XII - AKL', 'KP14', 'KR05', '58', '', '', '09:15:00', '11:55:00', 'Rabu', 'Ya'),
(328, 20251, 'XII - AKL', 'KP19', 'KR04', '50', '', '', '12:50:00', '14:10:00', 'Rabu', 'Ya'),
(329, 20251, 'XII - AKL', 'KP05', 'KR04', '11', '', '', '14:10:00', '15:30:00', 'Rabu', 'Ya'),
(330, 20251, 'XII - AKL', 'KP14', 'KR05', '58', '', '', '16:05:00', '17:15:00', 'Rabu', 'Ya'),
(331, 20251, 'XII - MPLB', 'KP16', 'KR04', '60', '', '', '09:15:00', '11:55:00', 'Rabu', 'Ya'),
(332, 20251, 'XII - MPLB', 'KP10', 'KR04', '56', '', '', '12:50:00', '14:10:00', 'Rabu', 'Ya'),
(333, 20251, 'XII - MPLB', 'KP19', 'KR04', '50', '', '', '16:05:00', '17:15:00', 'Rabu', 'Ya'),
(334, 20251, 'XII - MPLB', 'KP16', 'KR04', '24', '', '', '14:10:00', '15:30:00', 'Rabu', 'Ya'),
(335, 20251, 'XII - DKV', 'KP08', 'KR03', '28', '', '', '09:15:00', '10:45:00', 'Rabu', 'Ya'),
(336, 20251, 'XII - DKV', 'KP03', 'KR04', '32', '', '', '10:45:00', '11:55:00', 'Rabu', 'Ya'),
(337, 20251, 'XII - DKV', 'KP03', 'KR03', '25', '', '', '12:50:00', '14:10:00', 'Rabu', 'Ya'),
(338, 20251, 'XII - DKV', 'KP03', 'KR04', '52', '', '', '14:10:00', '17:15:00', 'Rabu', 'Ya'),
(339, 20251, 'XII - TJKT', 'KP11', 'KR03', '31', '', '', '09:15:00', '14:10:00', 'Rabu', 'Ya'),
(340, 20251, 'XII - TJKT', 'KP10', 'KR04', '56', '', '', '14:10:00', '15:30:00', 'Rabu', 'Ya'),
(341, 20251, 'X - DKV1', 'KP08', 'KR01', '28', '', '', '12:50:00', '14:10:00', 'Rabu', 'Ya'),
(342, 20251, 'X - DKV1', 'KP03', 'KR01', '25', '', '', '14:10:00', '15:30:00', 'Rabu', 'Ya'),
(343, 20251, 'X - DKV1', 'KP12', 'KR01', '5', '', '', '16:05:00', '16:45:00', 'Rabu', 'Ya'),
(344, 20251, 'X - DKV1', 'KP17', 'KR01', '22', '', '', '16:45:00', '17:15:00', 'Rabu', 'Ya'),
(345, 20251, 'X - DKV2', 'KP15', 'KR02', '57', '', '', '12:50:00', '13:30:00', 'Rabu', 'Ya'),
(346, 20251, 'X - DKV2', 'KP03', 'KR02', '52', '', '', '13:30:00', '14:10:00', 'Rabu', 'Ya'),
(347, 20251, 'X - DKV2', 'KP13', 'KR02', '54', '', '', '14:10:00', '14:50:00', 'Rabu', 'Ya'),
(348, 20251, 'X - DKV2', 'KP12', 'KR02', '5', '', '', '14:50:00', '15:30:00', 'Rabu', 'Ya'),
(349, 20251, 'X - DKV2', 'KP04', 'KR02', '8', '', '', '16:05:00', '17:15:00', 'Rabu', 'Ya'),
(350, 20251, 'X - DKV1', 'KP15', 'KR06', '0', '', '', '12:50:00', '14:10:00', 'Kamis', 'Ya'),
(351, 20251, 'X - DKV1', 'KP15', 'KR06', '57', '', '', '12:50:00', '14:10:00', 'Kamis', 'Ya'),
(352, 20251, 'X - DKV1', 'KP09', 'KR06', '4', '', '', '14:10:00', '14:50:00', 'Kamis', 'Ya'),
(353, 20251, 'X - DKV1', 'KP10', 'KR06', '53', '', '', '14:50:00', '17:15:00', 'Kamis', 'Ya'),
(354, 20251, 'X - DKV1', 'KP01', 'KR06', '3', '', '', '13:35:00', '15:00:00', 'Jumat', 'Ya'),
(355, 20251, 'X - DKV1', 'KP13', 'KR06', '54', '', '', '15:00:00', '15:40:00', 'Jumat', 'Ya'),
(356, 20251, 'X - DKV1', 'KP17', 'KR06', '22', '', '', '16:25:00', '17:15:00', 'Jumat', 'Ya'),
(357, 20251, 'X - DKV2', 'KP17', 'KR05', '22', '', '', '12:50:00', '14:10:00', 'Kamis', 'Ya'),
(358, 20251, 'X - DKV2', 'KP15', 'KR05', '57', '', '', '14:10:00', '14:50:00', 'Kamis', 'Ya'),
(359, 20251, 'X - DKV2', 'KP03', 'KR05', '32', '', '', '14:50:00', '17:15:00', 'Kamis', 'Ya'),
(360, 20251, 'X - DKV2', 'KP03', 'KR05', '28', '', '', '13:35:00', '15:00:00', 'Jumat', 'Ya'),
(362, 20251, 'X.TJKT', 'KP20', 'KR04', '25', '', '', '14:10:00', '15:30:00', 'Kamis', 'Ya'),
(363, 20251, 'X.TJKT', 'KP21', 'KR04', '61', '', '', '16:05:00', '17:15:00', 'Kamis', 'Ya');

-- --------------------------------------------------------

--
-- Struktur dari tabel `rb_jawaban_essai`
--

CREATE TABLE `rb_jawaban_essai` (
  `id_jawaban_essai` int(5) NOT NULL,
  `nisn` varchar(20) NOT NULL,
  `id_pertanyaan_essai` int(10) NOT NULL,
  `jawaban_essai` text NOT NULL,
  `waktu_tugas` timestamp NOT NULL DEFAULT CURRENT_TIMESTAMP ON UPDATE CURRENT_TIMESTAMP
) ENGINE=MyISAM DEFAULT CHARSET=latin1;

--
-- Dumping data untuk tabel `rb_jawaban_essai`
--

INSERT INTO `rb_jawaban_essai` (`id_jawaban_essai`, `nisn`, `id_pertanyaan_essai`, `jawaban_essai`, `waktu_tugas`) VALUES
(1, '0000261141', 1, 'abdurrahman wahid (Gus Dur)', '2016-03-05 14:16:15'),
(2, '0000261141', 2, '1. Udin Sedunia\r\n2. Sopan Sopian\r\n3. Inul Daratista\r\n4. Angelina Sondak\r\n5. Ruhut Sitompul', '2016-03-05 14:16:11'),
(3, '0000261141', 3, 'Di Kota Padang, Sumatera Barat Kota Padang', '2016-03-05 14:16:08'),
(4, '0000261141', 6, 'Wr Supratman', '2016-03-05 14:16:04'),
(5, '0000240365', 10, '359', '2016-03-05 14:15:41'),
(6, '0000240365', 9, 'Robby Prihandaya, S.Kom, M.Kom', '2016-03-05 14:15:51'),
(7, '9991268756', 10, 'Jawaban dari soal no 1..', '2016-03-09 03:39:36'),
(8, '9991268756', 9, 'Jawaban soal no 2,..', '2016-03-09 03:39:46'),
(9, '20235901', 15, 'JAwaban Essai Siswa', '2025-10-16 19:38:19'),
(10, '111', 17, 'ini adalah jawaban nomor 1', '2025-11-06 01:03:45'),
(11, '111', 16, 'Ini adalah jawaban nomor 2', '2025-11-06 01:03:56'),
(12, '111', 18, 'jawaban essay', '2025-11-06 01:10:07'),
(13, '0082027662', 20, 'sdasdasdasd', '2025-11-20 12:53:20');

-- --------------------------------------------------------

--
-- Struktur dari tabel `rb_jawaban_objektif`
--

CREATE TABLE `rb_jawaban_objektif` (
  `id_jawaban_objektif` int(5) NOT NULL,
  `nisn` varchar(20) NOT NULL,
  `id_pertanyaan_objektif` int(10) NOT NULL,
  `jawaban` varchar(2) NOT NULL,
  `waktu_objektif` timestamp NOT NULL DEFAULT CURRENT_TIMESTAMP ON UPDATE CURRENT_TIMESTAMP
) ENGINE=MyISAM DEFAULT CHARSET=latin1;

--
-- Dumping data untuk tabel `rb_jawaban_objektif`
--

INSERT INTO `rb_jawaban_objektif` (`id_jawaban_objektif`, `nisn`, `id_pertanyaan_objektif`, `jawaban`, `waktu_objektif`) VALUES
(21, '0000261141', 5, 'a', '2016-03-05 14:16:54'),
(20, '0000261141', 1, 'b', '2016-03-05 14:16:51'),
(19, '0000261141', 2, 'c', '2016-03-05 14:16:48'),
(18, '0000240365', 6, 'a', '2016-03-05 14:22:49'),
(22, '0000240365', 8, 'e', '2016-03-05 14:16:40'),
(23, '9991268756', 8, 'a', '2016-03-09 03:39:51'),
(24, '9991268756', 6, 'b', '2016-03-09 03:39:51'),
(25, '20235901', 11, 'a', '2025-10-16 19:38:25'),
(26, '111', 14, 'a', '2025-11-06 01:04:08'),
(27, '111', 13, 'b', '2025-11-06 01:04:08'),
(28, '111', 12, 'a', '2025-11-06 01:04:08'),
(29, '111', 17, 'e', '2025-11-06 01:10:19'),
(30, '111', 16, 'b', '2025-11-06 01:10:19');

-- --------------------------------------------------------

--
-- Struktur dari tabel `rb_jenis_kelamin`
--

CREATE TABLE `rb_jenis_kelamin` (
  `id_jenis_kelamin` int(5) NOT NULL,
  `jenis_kelamin` varchar(50) NOT NULL
) ENGINE=MyISAM DEFAULT CHARSET=latin1;

--
-- Dumping data untuk tabel `rb_jenis_kelamin`
--

INSERT INTO `rb_jenis_kelamin` (`id_jenis_kelamin`, `jenis_kelamin`) VALUES
(1, 'Laki-laki'),
(2, 'Perempuan');

-- --------------------------------------------------------

--
-- Struktur dari tabel `rb_jenis_ptk`
--

CREATE TABLE `rb_jenis_ptk` (
  `id_jenis_ptk` int(5) NOT NULL,
  `jenis_ptk` varchar(100) NOT NULL,
  `keterangan` text NOT NULL
) ENGINE=MyISAM DEFAULT CHARSET=latin1;

--
-- Dumping data untuk tabel `rb_jenis_ptk`
--

INSERT INTO `rb_jenis_ptk` (`id_jenis_ptk`, `jenis_ptk`, `keterangan`) VALUES
(1, 'Tenaga Administrasi Sekolah', ''),
(2, 'Guru Mapel', ''),
(3, 'Guru BK', ''),
(4, 'Guru Kelas', '');

-- --------------------------------------------------------

--
-- Struktur dari tabel `rb_journal_list`
--

CREATE TABLE `rb_journal_list` (
  `id_journal` int(10) NOT NULL,
  `kodejdwl` int(10) NOT NULL,
  `hari` varchar(20) NOT NULL,
  `tanggal` date NOT NULL,
  `jam_ke` varchar(50) NOT NULL,
  `materi` text NOT NULL,
  `keterangan` text NOT NULL,
  `waktu_input` datetime NOT NULL,
  `users` varchar(50) NOT NULL
) ENGINE=MyISAM DEFAULT CHARSET=latin1;

--
-- Dumping data untuk tabel `rb_journal_list`
--

INSERT INTO `rb_journal_list` (`id_journal`, `kodejdwl`, `hari`, `tanggal`, `jam_ke`, `materi`, `keterangan`, `waktu_input`, `users`) VALUES
(1, 33, 'Jumat', '2016-07-08', '1', 'Memahami struktur dan kaidah teks cerita pendek, baik melalui lisan maupun tulisannn.', 'Sebagai pendidik kita tentunya harus mempersiapkan segala sesuatu yang berhubungan dengan administrasi untuk mengajar...dalam kesempatan ini kami akan mencoba membuat draft jurnal kelas', '2016-07-08 08:08:37', '195806161984000002'),
(2, 33, 'Jumat', '2016-07-08', '2', 'Menganalisis teks cerita pendek, baik melalui lisan maupun tulisane.', 'Jurnal pembelajaran harian merupakan salah satu perangkat pembelajaran yang diperlukan oleh guru guna mencatat pelaksanaan pembelajaran setiap hari. jurnal pembelajaran dapat membantu proses sejauh mana kita telah mengajar serta menghandle siapa saja murid/guru yang tidak masuk atau yang tidak mengikuti proses KBM.', '2016-07-08 09:11:24', '195806161984000002'),
(5, 33, 'Jumat', '2016-07-08', '3', 'Berikut ini merupakan contoh dari enkripsi RSA dan dekripsinya. Parameter yang digunakan disini berupa bilangan kecil.', 'RSA di bidang kriptografi adalah sebuah algoritma pada enkripsi public key. RSA merupakan algoritma pertama yang cocok untuk digital signature seperti halnya ekripsi, dan salah satu yang paling maju dalam bidang kriptografi public key. RSA masih digunakan secara luas dalam protokol electronic commerce, dan dipercaya dalam mengamnkan dengan menggunakan kunci yang cukup panjang.', '2016-07-08 10:33:39', '1'),
(6, 13, 'Senin', '2023-09-18', '1', 'saa', 'saa', '2023-09-18 04:33:06', '195704111980032004'),
(7, 40, 'Kamis', '2023-10-19', '1', 'aaaaaaaaaaaa', 'sadasdasd', '2023-10-19 01:26:07', '12345'),
(8, 196, 'Selasa', '2025-10-14', '1', 'materi aaaaaaaaaaaaa abbbbbbbbbbbbbbbbbb cccccccccccccccccc', 'safdsafsdf', '2025-10-14 22:10:49', '8'),
(9, 249, 'Jumat', '2025-10-17', '2', 'Perkenalan Komputer', 'Keterangan Perkenalan Komputer', '2025-10-17 02:25:50', '1232123432112345'),
(10, 250, 'Rabu', '2025-11-05', '1', 'Materi dasar 1', 'Kelas Kondusif', '2025-11-05 09:46:00', '8'),
(11, 338, 'Rabu', '2025-11-19', '3', 'Desain Grafis Kemasan', '1.Memahami pengertian dan fungsi desain grafis \r\nkemasan.\r\n 2. Mengidentifikasi prinsip-prinsip desain kemasan.\r\n 3. Menjelaskan langkah pembuatan desain kemasan.\r\n 4. Menganalisis contoh desain kemasan.\r\n  5. Membuat rancangan desain kemasan sederhana.\r\n', '2025-11-19 10:48:07', '52'),
(12, 346, 'Rabu', '2025-11-19', '2', 'Typografi dalam desain komunikasi visual', 'Mengenali dan menerapkan prinsip \r\ndasar tipografi dalam desain komunikasi \r\nvisual secara kreatif dan komunikatif', '2025-11-19 10:52:13', '52'),
(13, 314, 'Kamis', '2025-11-20', '1', 'asdadsad', 'asdasdasd', '2025-11-20 14:50:11', '8'),
(14, 268, 'Kamis', '2025-11-20', '1', 'aaaa', 'aaaa', '2025-11-20 18:33:25', '1'),
(15, 268, 'Kamis', '2025-11-20', '2', '', '', '2025-11-20 18:36:01', '1'),
(16, 324, 'Sabtu', '2025-11-22', '1', 'Materi 1', 'Materi Bahasa inggris', '2025-11-22 06:54:58', '8');

-- --------------------------------------------------------

--
-- Struktur dari tabel `rb_jurusan`
--

CREATE TABLE `rb_jurusan` (
  `kode_jurusan` varchar(30) NOT NULL,
  `nama_jurusan` varchar(255) NOT NULL,
  `nama_jurusan_en` varchar(255) NOT NULL,
  `bidang_keahlian` varchar(150) NOT NULL,
  `kompetensi_umum` varchar(150) NOT NULL,
  `kompetensi_khusus` varchar(150) NOT NULL,
  `pejabat` varchar(100) NOT NULL,
  `jabatan` varchar(100) NOT NULL,
  `keterangan` text NOT NULL,
  `aktif` enum('Ya','Tidak') NOT NULL
) ENGINE=MyISAM DEFAULT CHARSET=latin1;

--
-- Dumping data untuk tabel `rb_jurusan`
--

INSERT INTO `rb_jurusan` (`kode_jurusan`, `nama_jurusan`, `nama_jurusan_en`, `bidang_keahlian`, `kompetensi_umum`, `kompetensi_khusus`, `pejabat`, `jabatan`, `keterangan`, `aktif`) VALUES
('X.TJKT', 'Teknik Jaringan Komputer dan Telekomunikasi', '', 'Teknik Jaringan Komputer dan Telekomunikasi', '', '', '', '', '', 'Ya'),
('X.DKV', 'Desain Komunikasi Visual', '', 'Multimedia', '', '', '', '', '', 'Ya'),
('X.MPLB', 'Manajemen Perkantoran dan Layanan Bisnis', '', 'Otomatisasi dan Tata Kelola Perkantoran', '', '', '', '', '', 'Ya'),
('X.AKL', 'Akuntansi Keuangan Lembaga', '', 'Akuntansi Keuangan Lembaga', '', '', '', '', '', 'Ya'),
('XI.AKL', 'XI Akuntansi Keuangan Lembaga ', '', 'XI Akuntansi Keuangan Lembaga', '', '', '', '', '', 'Ya'),
('XI.MPLB', 'XI Manajemen Perkantoran dan Layanan Bisnis', '', 'XI Manajemen Perkantoran dan Layanan Bisnis', '', '', '', '', '', 'Ya'),
('XI.TJKT', 'XI Teknik Jaringan Komputer dan Telekomunikasia', '', 'XI Teknik Jaringan Komputer dan Telekomunikasia', '', '', '', '', '', 'Ya'),
('X.DKV1', 'X Desain Komunikasi Visual 1', '', 'X Desain Komunikasi Visual 1', '', '', '', '', '', 'Ya'),
('XI.DKV2', 'X Desain Komunikasi Visual 2', '', 'X Desain Komunikasi Visual 2', '', '', '', '', '', 'Ya');

-- --------------------------------------------------------

--
-- Struktur dari tabel `rb_kategori_elearning`
--

CREATE TABLE `rb_kategori_elearning` (
  `id_kategori_elearning` int(5) NOT NULL,
  `nama_kategori_elearning` varchar(50) NOT NULL
) ENGINE=MyISAM DEFAULT CHARSET=latin1;

--
-- Dumping data untuk tabel `rb_kategori_elearning`
--

INSERT INTO `rb_kategori_elearning` (`id_kategori_elearning`, `nama_kategori_elearning`) VALUES
(1, 'Bahan'),
(2, 'Tugas');

-- --------------------------------------------------------

--
-- Struktur dari tabel `rb_kategori_elearning1`
--

CREATE TABLE `rb_kategori_elearning1` (
  `id_kategori_elearning` int(5) NOT NULL,
  `nama_kategori_elearning` varchar(50) NOT NULL
) ENGINE=MyISAM DEFAULT CHARSET=latin1;

--
-- Dumping data untuk tabel `rb_kategori_elearning1`
--

INSERT INTO `rb_kategori_elearning1` (`id_kategori_elearning`, `nama_kategori_elearning`) VALUES
(3, 'RPP');

-- --------------------------------------------------------

--
-- Struktur dari tabel `rb_kategori_quiz_ujian`
--

CREATE TABLE `rb_kategori_quiz_ujian` (
  `id_kategori_quiz_ujian` int(5) NOT NULL,
  `kategori_quiz_ujian` varchar(50) NOT NULL
) ENGINE=MyISAM DEFAULT CHARSET=latin1;

--
-- Dumping data untuk tabel `rb_kategori_quiz_ujian`
--

INSERT INTO `rb_kategori_quiz_ujian` (`id_kategori_quiz_ujian`, `kategori_quiz_ujian`) VALUES
(1, 'Quiz Online'),
(2, 'Ujian Online');

-- --------------------------------------------------------

--
-- Struktur dari tabel `rb_kehadiran`
--

CREATE TABLE `rb_kehadiran` (
  `kode_kehadiran` varchar(5) NOT NULL,
  `nama_kehadiran` varchar(20) NOT NULL,
  `nilai` int(2) NOT NULL,
  `bobot` varchar(5) NOT NULL
) ENGINE=MyISAM DEFAULT CHARSET=latin1;

--
-- Dumping data untuk tabel `rb_kehadiran`
--

INSERT INTO `rb_kehadiran` (`kode_kehadiran`, `nama_kehadiran`, `nilai`, `bobot`) VALUES
('H', 'Hadir', 1, '1'),
('I', 'Izin', 1, '0.5'),
('S', 'Sakit', 1, '0.5'),
('A', 'Alpa', 0, '0');

-- --------------------------------------------------------

--
-- Struktur dari tabel `rb_kelas`
--

CREATE TABLE `rb_kelas` (
  `kode_kelas` varchar(30) NOT NULL,
  `nip` varchar(30) NOT NULL,
  `kode_jurusan` varchar(10) NOT NULL,
  `kode_ruangan` varchar(10) NOT NULL,
  `nama_kelas` varchar(20) NOT NULL,
  `fase` varchar(15) NOT NULL,
  `aktif` enum('Ya','Tidak') NOT NULL
) ENGINE=MyISAM DEFAULT CHARSET=latin1;

--
-- Dumping data untuk tabel `rb_kelas`
--

INSERT INTO `rb_kelas` (`kode_kelas`, `nip`, `kode_jurusan`, `kode_ruangan`, `nama_kelas`, `fase`, `aktif`) VALUES
('X.TJKT', '8', 'X.TJKT', 'KR01', 'Kelas X TJKT', 'E', 'Ya'),
('X.AKL', '16', 'X.AKL', 'KR05', 'Kelas X AKL', 'E', 'Ya'),
('X.DKV', '14', 'X.DKV', 'KR02', 'Kelas X DKV', 'E', 'Ya'),
('X.MPLB', '13', 'X.MPLB', 'KR06', 'X.MPLB', 'E', 'Tidak'),
('X - MPLB 1', '1232123432112345', 'X.MPLB', 'KR02', 'KElas X MPLB 1', 'E', 'Ya'),
('A1', '11111111', 'X.TJKT', 'KR06', 'Alumni', 'F', 'Ya'),
('XI - TJKT', '21', 'X.TJKT', 'KR02', 'Kelas XI TJKT', 'F', 'Ya'),
('XII - TJKT', '31', 'X.TJKT', 'KR02', 'Kelas XII TJKT', 'F', 'Ya'),
('XII - MPLB', 'tenaga@gmail.com', 'X.MPLB', 'KR01', 'Kelas XII MPLB', 'F', 'Ya'),
('XII - DKV', '1111222', 'X.DKV', 'KR02', 'Kelas XII DKV', 'F', 'Ya'),
('XII - AKL', '1', 'X.AKL', 'KR03', 'Kelas XII AKL', 'F', 'Ya'),
('XI - AKL', '3', 'XI.AKL', 'KR05', 'Kelas XI AKL', 'F', 'Ya'),
('XI - DKV', '25', 'X.DKV', 'KR06', 'Kelas XI DKV', 'F', 'Ya'),
('XI - MPLB', '10', 'XI.MPLB', 'KR04', 'Kelas XI MPLB', 'F', 'Ya'),
('X - MPLB 2', '12', 'X.MPLB', 'KR06', 'Kelas X - MPLB 2', 'F', 'Ya'),
('X - DKV1', '3', 'X.DKV1', 'KR02', 'Kelas X - DKV1', 'F', 'Ya'),
('X - DKV2', '11', 'X.DKV2', 'KR04', 'Kelas X - DKV2', 'E', 'Ya');

-- --------------------------------------------------------

--
-- Struktur dari tabel `rb_kelompok_mata_pelajaran`
--

CREATE TABLE `rb_kelompok_mata_pelajaran` (
  `id_kelompok_mata_pelajaran` int(5) NOT NULL,
  `jenis_kelompok_mata_pelajaran` varchar(50) NOT NULL,
  `nama_kelompok_mata_pelajaran` varchar(255) NOT NULL
) ENGINE=MyISAM DEFAULT CHARSET=latin1;

--
-- Dumping data untuk tabel `rb_kelompok_mata_pelajaran`
--

INSERT INTO `rb_kelompok_mata_pelajaran` (`id_kelompok_mata_pelajaran`, `jenis_kelompok_mata_pelajaran`, `nama_kelompok_mata_pelajaran`) VALUES
(12, 'A', 'UMUM'),
(13, 'B', 'KEJURUAN'),
(14, 'C', 'MUATAN LOKAL');

-- --------------------------------------------------------

--
-- Struktur dari tabel `rb_kompetensi_dasar`
--

CREATE TABLE `rb_kompetensi_dasar` (
  `id_kompetensi_dasar` int(10) NOT NULL,
  `kodejdwl` int(10) NOT NULL,
  `ranah` enum('pengetahuan','keterampilan','sikap') NOT NULL,
  `kompetensi_dasar` text NOT NULL,
  `waktu_input` datetime NOT NULL
) ENGINE=MyISAM DEFAULT CHARSET=latin1;

--
-- Dumping data untuk tabel `rb_kompetensi_dasar`
--

INSERT INTO `rb_kompetensi_dasar` (`id_kompetensi_dasar`, `kodejdwl`, `ranah`, `kompetensi_dasar`, `waktu_input`) VALUES
(1, 33, 'pengetahuan', 'Memahami struktur dan kaidah teks cerita pendek, baik melalui lisan maupun tulisannn.', '2016-07-03 08:10:13'),
(2, 33, 'keterampilan', 'Menganalisis teks cerita pendek, baik melalui lisan maupun tulisane.', '2016-07-03 09:44:36'),
(3, 5, 'pengetahuan', 'sadfsaf', '2023-09-18 04:31:52'),
(4, 5, 'keterampilan', 'sadfaaaaaaaaaaaaaaa', '2023-09-18 04:32:14'),
(5, 5, 'sikap', 'ddddddddddddd', '2023-09-18 04:32:21'),
(6, 13, 'pengetahuan', 'qqqqqqqqqqq', '2023-09-18 05:48:03'),
(7, 180, 'pengetahuan', 'aaaaaaqqqqqqqqqq', '2023-11-29 10:32:43'),
(8, 249, 'pengetahuan', 'Prod Ranah Pengetahuan', '2025-10-17 02:23:59'),
(9, 249, 'keterampilan', 'Prod Ranah Keterampilan', '2025-10-17 02:24:16'),
(10, 249, 'sikap', 'Prod Ranah Sikap', '2025-10-17 02:24:30'),
(11, 250, 'pengetahuan', 'ini kompetensi dasar pengetahuan', '2025-11-05 09:44:16'),
(12, 250, 'keterampilan', 'ini kompetensi dasar keterampilan', '2025-11-05 09:44:34'),
(13, 250, 'sikap', 'ini kompetensi dasar sikap', '2025-11-05 09:44:45'),
(14, 338, 'keterampilan', 'peserta didik mampu mengaplikasikan prinsip-prinsip dalam merancang visual, di antaranya: unity (kesatuan), balance (keseimbangan), composition (komposisi), proportion (proporsi), rhythm (irama), emphasis (penekanan), simplicity (kesederhanaan), clarity (kejelasan), space (ruang).', '2025-11-19 10:44:55'),
(15, 346, 'keterampilan', 'peserta didik mampu menerapkan manajemen produksi bidang Desain secara menyeluruh pada berbagai industri ekonomi kreatif lainnya, ', '2025-11-19 10:45:53'),
(16, 292, 'keterampilan', 'fsfaafafasfsffs', '2025-11-19 14:10:25'),
(17, 268, 'sikap', 'aaaaaaaa', '2025-11-20 18:36:29');

-- --------------------------------------------------------

--
-- Struktur dari tabel `rb_kurikulum`
--

CREATE TABLE `rb_kurikulum` (
  `kode_kurikulum` int(5) NOT NULL,
  `nama_kurikulum` varchar(255) NOT NULL,
  `status_kurikulum` enum('Ya','Tidak') NOT NULL
) ENGINE=MyISAM DEFAULT CHARSET=latin1;

--
-- Dumping data untuk tabel `rb_kurikulum`
--

INSERT INTO `rb_kurikulum` (`kode_kurikulum`, `nama_kurikulum`, `status_kurikulum`) VALUES
(6, 'Kurikulum Merdeka', 'Ya');

-- --------------------------------------------------------

--
-- Struktur dari tabel `rb_mata_pelajaran`
--

CREATE TABLE `rb_mata_pelajaran` (
  `kode_pelajaran` varchar(20) NOT NULL,
  `id_kelompok_mata_pelajaran` int(3) NOT NULL,
  `kode_jurusan` varchar(10) NOT NULL,
  `nip` varchar(30) NOT NULL,
  `kode_kurikulum` int(5) NOT NULL,
  `namamatapelajaran` varchar(150) NOT NULL,
  `namamatapelajaran_en` varchar(150) NOT NULL,
  `tingkat` varchar(10) NOT NULL,
  `kompetensi_umum` text NOT NULL,
  `kompetensi_khusus` text NOT NULL,
  `jumlah_jam` varchar(20) NOT NULL,
  `sesi` varchar(50) NOT NULL,
  `urutan` int(3) NOT NULL,
  `aktif` enum('Ya','Tidak') NOT NULL
) ENGINE=MyISAM DEFAULT CHARSET=latin1;

--
-- Dumping data untuk tabel `rb_mata_pelajaran`
--

INSERT INTO `rb_mata_pelajaran` (`kode_pelajaran`, `id_kelompok_mata_pelajaran`, `kode_jurusan`, `nip`, `kode_kurikulum`, `namamatapelajaran`, `namamatapelajaran_en`, `tingkat`, `kompetensi_umum`, `kompetensi_khusus`, `jumlah_jam`, `sesi`, `urutan`, `aktif`) VALUES
('KP01', 12, 'X.TJKT', '3', 6, 'Seni Budaya', '', '1(SMK)', '', '', '2', '', 1, 'Ya'),
('KP10', 12, 'X.DKV', '53', 6, 'Matematika', '', '1(SMK)', '', '', '2', '', 1, 'Ya'),
('KP09', 12, 'X.DKV', '14', 6, 'IPAS', '', '1(SMK)', '', '', '2', '', 1, 'Ya'),
('KP03', 13, 'X.DKV', '32', 6, 'Produktif DKV', '', '1(SMK)', '', '', '2', '', 1, 'Ya'),
('KP04', 14, 'X.DKV', '8', 6, 'English Conversation', '', '1(SMK)', '', '', '2', '', 1, 'Ya'),
('KP05', 12, 'X.DKV', '13', 6, 'Bahasa Inggris', '', '1(SMK)', '', '', '2', '', 1, 'Ya'),
('KP06', 12, 'X.DKV', '15', 6, 'PKN', '', '1(SMK)', '', '', '2', '', 1, 'Ya'),
('KP07', 12, 'X.DKV', '16', 6, 'Sejarah', '', '1(SMK)', '', '', '2', '', 1, 'Ya'),
('KP08', 13, 'X.DKV', '52', 6, 'Produktif DKV', '', '1(SMK)', '', '', '2', '', 1, 'Ya'),
('KM01', 9, '0', '22', 4, 'Pendidikan Agama dan Budi Pekerti', '', '1(SMK)', '', '', '2', '', 1, 'Ya'),
('KM2', 9, '0', '15', 4, 'Pendidikan Pancasila', '', '1(SMK)', '', '', '1', '', 2, 'Ya'),
('ASD', 9, '0', '14', 5, '', 'asd', '1(SMK)', '', '', '1', '', 1, 'Ya'),
('ASDa', 9, '0', '17', 1, '', 'asda', '1(SMK)', '', '', '1', '', 1, 'Ya'),
('ASDaq', 9, '0', '13', 5, '', 'asdaq', '1(SMK)', '', '', '1', '', 1, 'Ya'),
('aaaaa', 9, '0', '16', 5, 'aaaaaq', '', '1(SMK)', '', '', '', '', 0, 'Ya'),
('MK56', 1, '0', '13', 4, 'Pendidikan Pancasila', '', '1(SMK)', '', '', '1', '', 2, 'Ya'),
('KP11', 13, 'X.TJKT', '31', 6, 'Produktif TJKT', '', '1(SMK)', '', '', '2', '', 1, 'Ya'),
('KP02', 13, 'X.DKV', '28', 6, 'Produktif DKV', '', '1(SMK)', '', '', '2', '', 1, 'Ya'),
('KP12', 12, 'X.AKL', '18', 6, 'Bahasa Indonesia', '', '1(SMK)', '', '', '2', '', 1, 'Ya'),
('KP13', 14, 'X.AKL', '54', 6, 'BK/BP', '', '2(SMK)', '', '', '2', '', 1, 'Ya'),
('KP14', 13, 'X.AKL', '55', 6, 'Produktif AKL', '', '2(SMK)', '', '', '2', '', 1, 'Ya'),
('KP15', 14, 'X.AKL', '20', 6, 'BTQ', '', '3(SMK)', '', '', '2', '', 1, 'Ya'),
('KP16', 13, 'X.MPLB', '24', 6, 'Produktif MPLB', '', '3(SMK)', '', '', '2', '', 1, 'Ya'),
('KP17', 12, 'X.DKV', '21', 6, 'PAI', '', '3(SMK)', '', '', '2', '', 1, 'Ya'),
('KP18', 12, 'X.AKL', '59', 6, 'PJOK', '', '2(SMK)', '', '', '2', '', 1, 'Ya'),
('KP19', 12, 'X.AKL', '50', 6, 'Produk Kreatif', '', '3(SMK)', '', '', '2', '', 1, 'Ya'),
('KP20', 13, 'X.TJKT', '25', 6, 'Informatika', '', '1(SMK)', '', '', '2', '', 1, 'Ya'),
('KP21', 12, 'X.TJKT', '61', 6, 'PJOK', '', '1(SMK)', '', '', '2', '', 1, 'Ya');

-- --------------------------------------------------------

--
-- Struktur dari tabel `rb_menu`
--

CREATE TABLE `rb_menu` (
  `id_menu` int(5) NOT NULL,
  `id_parent` int(5) NOT NULL DEFAULT '0',
  `nama_menu` varchar(30) NOT NULL,
  `icon` varchar(20) NOT NULL,
  `link` varchar(100) NOT NULL,
  `aktif` enum('Ya','Tidak') NOT NULL DEFAULT 'Ya',
  `urutan` int(3) NOT NULL,
  `status` enum('psb','journal') NOT NULL
) ENGINE=MyISAM DEFAULT CHARSET=latin1;

--
-- Dumping data untuk tabel `rb_menu`
--

INSERT INTO `rb_menu` (`id_menu`, `id_parent`, `nama_menu`, `icon`, `link`, `aktif`, `urutan`, `status`) VALUES
(1, 0, 'Beranda', 'home', 'index.mu', 'Ya', 1, 'psb'),
(2, 0, 'Aturan & Prosedur', 'th-list', 'halaman-prosedur-pendaftaran-siswa-baru.mu', 'Ya', 2, 'psb'),
(3, 0, 'Jadwal Pelaksanaan', 'calendar', '#', 'Ya', 3, 'psb'),
(4, 0, 'Alur Pendaftaran', 'retweet', '#', 'Ya', 4, 'psb');

-- --------------------------------------------------------

--
-- Struktur dari tabel `rb_nilai_extrakulikuler`
--

CREATE TABLE `rb_nilai_extrakulikuler` (
  `id_nilai_extrakulikuler` int(10) NOT NULL,
  `id_tahun_akademik` int(5) NOT NULL,
  `nisn` varchar(20) NOT NULL,
  `kode_kelas` varchar(10) NOT NULL,
  `kegiatan` text NOT NULL,
  `nilai` varchar(10) NOT NULL,
  `deskripsi` text NOT NULL,
  `user_akses` varchar(50) NOT NULL,
  `waktu_input` datetime NOT NULL
) ENGINE=MyISAM DEFAULT CHARSET=latin1;

--
-- Dumping data untuk tabel `rb_nilai_extrakulikuler`
--

INSERT INTO `rb_nilai_extrakulikuler` (`id_nilai_extrakulikuler`, `id_tahun_akademik`, `nisn`, `kode_kelas`, `kegiatan`, `nilai`, `deskripsi`, `user_akses`, `waktu_input`) VALUES
(1, 20161, '9991268756', 'X.MIPA.1', 'Kegiatan Mandi-mandii', '87', 'Kegiatan mandi-mandi dilaksanakan di lubuak minturun bersamaan dengan perayaan ulang tahun sekolah.', '1', '2016-04-29 10:11:10'),
(2, 20161, '9991268756', 'X.MIPA.1', 'Kegiatan Bakar ayam.', '95', 'Memiliki keterampilan Mengidentifikasi, menyajikan model matematika dan menyelesaikan masalah keseharian.				', '1', '2016-04-29 07:08:28'),
(8, 20231, '345123', 'XI.TKJ', 'Futsal', '80', 'Peserta didik aktif mengikuti kegiatan ekstakulikuler', '21', '2023-11-30 22:59:22'),
(9, 20231, '111', 'X.TJKT', 'Futsal', 'B', 'Peserta didik aktif mengikuti kegiatan ekstakulikuler', '3', '2023-12-03 00:34:10');

-- --------------------------------------------------------

--
-- Struktur dari tabel `rb_nilai_kehadiran`
--

CREATE TABLE `rb_nilai_kehadiran` (
  `id_nilai_prestasi` int(10) NOT NULL,
  `id_tahun_akademik` int(5) NOT NULL,
  `nisn` varchar(20) NOT NULL,
  `kode_kelas` varchar(10) NOT NULL,
  `jenis_kegiatan` varchar(255) NOT NULL,
  `keterangan` text NOT NULL,
  `alpa` int(100) NOT NULL,
  `catatan` text NOT NULL,
  `user_akses` varchar(50) NOT NULL,
  `waktu_input` datetime NOT NULL
) ENGINE=MyISAM DEFAULT CHARSET=latin1;

--
-- Dumping data untuk tabel `rb_nilai_kehadiran`
--

INSERT INTO `rb_nilai_kehadiran` (`id_nilai_prestasi`, `id_tahun_akademik`, `nisn`, `kode_kelas`, `jenis_kegiatan`, `keterangan`, `alpa`, `catatan`, `user_akses`, `waktu_input`) VALUES
(2, 20161, '9991268756', 'X.MIPA.1', 'Kegiatan Jalan-jalan sore', 'Memiliki keterampilan merencanakan dan melaksanakan percobaan interferensi gelombang cahaya 				', 0, '', '1', '2016-04-29 08:09:42'),
(7, 20231, '345123', 'XI.TKJ', '3', '2', 1, 'asdasasdfasdfasf asdf asdfa asdfasdfa ', '21', '2023-11-30 20:53:49'),
(16, 20231, '001', 'X.TJKT', '1', '1', 1, '', '3', '2023-12-10 17:44:23'),
(14, 20231, '0082172600', 'X.TJKT', '0', '0', 0, '', '3', '2023-12-03 01:22:36');

-- --------------------------------------------------------

--
-- Struktur dari tabel `rb_nilai_keterampilan`
--

CREATE TABLE `rb_nilai_keterampilan` (
  `id_nilai_keterampilan` int(10) NOT NULL,
  `kodejdwl` int(10) NOT NULL,
  `nisn` varchar(20) NOT NULL,
  `kd` varchar(5) NOT NULL,
  `nilai1` float NOT NULL,
  `nilai2` float NOT NULL,
  `nilai3` float NOT NULL,
  `nilai4` float NOT NULL,
  `nilai5` float NOT NULL,
  `nilai6` float NOT NULL,
  `deskripsi` text NOT NULL,
  `user_akses` varchar(50) NOT NULL,
  `waktu` datetime NOT NULL
) ENGINE=MyISAM DEFAULT CHARSET=latin1;

--
-- Dumping data untuk tabel `rb_nilai_keterampilan`
--

INSERT INTO `rb_nilai_keterampilan` (`id_nilai_keterampilan`, `kodejdwl`, `nisn`, `kd`, `nilai1`, `nilai2`, `nilai3`, `nilai4`, `nilai5`, `nilai6`, `deskripsi`, `user_akses`, `waktu`) VALUES
(1, 5, '9991268756', '4.1', 75, 70, 78, 85, 78, 72, 'Mengabstraksi teks cerita pendek, baik secara lisan maupun tulisan ', '1', '2016-04-11 18:26:32'),
(2, 5, '9998218087', '1', 88, 90, 98, 96, 0, 0, '', '1', '2016-04-11 18:26:32'),
(3, 5, '9998215055', '1', 67, 98, 76, 90, 0, 0, '', '1', '2016-04-11 18:26:32'),
(4, 5, '9998214335', '1', 87, 88, 0, 0, 0, 0, '', '1', '2016-04-11 18:26:32'),
(5, 5, '9998214151', '1', 89, 0, 0, 90, 0, 0, '', '1', '2016-04-11 18:26:32'),
(6, 5, '9997515863', '1', 89, 80, 88, 0, 0, 0, '', '1', '2016-04-11 18:26:32'),
(7, 5, '9991268756', '4.2', 87, 90, 94, 93, 88, 83, 'Mengabstraksi teks cerita ulang, baik secara lisan maupun tulisan ', '1', '2016-04-14 08:03:27'),
(8, 5, '9998218087', '2', 88, 93, 90, 99, 0, 0, '', '1', '2016-04-14 08:03:27'),
(9, 5, '9998215055', '2', 78, 87, 89, 79, 0, 0, '', '1', '2016-04-14 08:03:27'),
(10, 5, '9991268756', '4.3', 89, 89, 98, 95, 79, 77, 'Mengabstraksi teks pantun, baik secara lisan maupun tulisan', '1', '2016-04-14 08:03:57'),
(11, 5, '9998218087', '3', 78, 87, 89, 88, 0, 0, '', '1', '2016-04-14 08:03:57'),
(12, 5, '9998215055', '3', 70, 78, 87, 90, 0, 0, '', '1', '2016-04-14 08:03:57'),
(13, 5, '9991268756', '4.4', 90, 89, 87, 90, 85, 90, 'Menginterpretasi makna teks pantun, baik secara lisan maupun tulisan ', '1', '2016-04-14 08:04:20'),
(14, 5, '9998218087', '4', 87, 88, 83, 89, 0, 0, '', '1', '2016-04-14 08:04:20'),
(15, 5, '9991268756', '4.5', 99, 87, 98, 95, 96, 91, 'Menyunting teks cerita ulang, sesuai dengan struktur dan kaidah teks baik secara lisan maupun tulisan', '1', '2016-04-14 08:04:36'),
(21, 60, '0076051213', '', 85, 70, 0, 0, 0, 0, '', '1', '2023-11-23 16:37:19'),
(18, 54, '0054826670', '4.1', 77, 0, 78, 0, 79, 0, 'tes keterampilan deskripsi', '18', '2023-11-21 02:35:29'),
(22, 60, '345123', '4.1', 80, 83, 85, 0, 90, 0, 'PEserta didik telah mampu menyelesaikan keterampilan dengna baik', '1', '2023-11-26 11:32:42'),
(23, 48, '345123', '4.1', 80, 0, 0, 0, 0, 0, 'PEserta didik telah mampu menyelesaikan keterampilan dengna baik', '23', '2023-11-26 17:53:29'),
(24, 61, '345123', '4.1', 78, 88, 0, 0, 0, 0, 'PEserta didik telah mampu menyelesaikan keterampilan dengna baik', '31', '2023-11-26 17:58:04'),
(25, 63, '345123', '4.1', 80, 75, 77, 85, 83, 88, 'PEserta didik telah mampu menyelesaikan keterampilan dengna baik', '15', '2023-11-26 18:09:23'),
(32, 62, '345123', '3.1', 80, 75, 77, 83, 88, 90, '', '1', '2023-11-27 19:04:40'),
(36, 66, '345123', '3.1', 80, 45, 77, 83, 88, 90, '', '30', '2023-11-27 23:40:21'),
(37, 66, '0076051213', '3.1', 80, 88, 79, 83, 90, 92, '', '30', '2023-11-27 23:41:23'),
(38, 66, '0076051213', '3.2', 77, 88, 66, 78, 87, 96, '', '30', '2023-11-27 23:42:24'),
(39, 67, '345123', '3.1', 88, 85, 87, 78, 77, 75, '', '1', '2023-11-28 09:25:10'),
(40, 47, '0987', '3.1', 88, 85, 87, 78, 77, 75, '', '1', '2023-11-28 09:32:54'),
(41, 180, '58395217', '3.1', 78, 80, 83, 85, 87, 77, '', '1', '2023-11-29 10:33:23'),
(42, 71, '345123', '3.1', 78, 80, 83, 85, 78, 80, '', '31', '2023-11-29 11:26:39'),
(43, 69, '345123', '3.1', 78, 80, 83, 85, 78, 80, 'Tingkatkan semangat dalam belajar supaya prestasi anda meningkat !!!', '21', '2023-11-30 21:29:40');

-- --------------------------------------------------------

--
-- Struktur dari tabel `rb_nilai_pengetahuan`
--

CREATE TABLE `rb_nilai_pengetahuan` (
  `id_nilai_pengetahuan` int(10) NOT NULL,
  `kodejdwl` int(10) NOT NULL,
  `nisn` varchar(20) NOT NULL,
  `kd` varchar(5) NOT NULL,
  `nilai1` float NOT NULL,
  `nilai2` float NOT NULL,
  `nilai3` float NOT NULL,
  `nilai4` float NOT NULL,
  `nilai5` float NOT NULL,
  `deskripsi` text NOT NULL,
  `user_akses` varchar(50) NOT NULL,
  `waktu` datetime NOT NULL
) ENGINE=MyISAM DEFAULT CHARSET=latin1;

--
-- Dumping data untuk tabel `rb_nilai_pengetahuan`
--

INSERT INTO `rb_nilai_pengetahuan` (`id_nilai_pengetahuan`, `kodejdwl`, `nisn`, `kd`, `nilai1`, `nilai2`, `nilai3`, `nilai4`, `nilai5`, `deskripsi`, `user_akses`, `waktu`) VALUES
(1, 5, '9991268756', '4.1', 89, 90, 89, 95, 90, 'Memahami struktur dan kaidah teks cerita pendek, baik melalui lisan maupun tulisan ', '1', '2016-04-11 18:26:32'),
(2, 5, '9998218087', '4.1', 90, 88, 90, 98, 96, 'Menganalisis teks cerita pendek, baik melalui lisan maupun tulisan ', '1', '2016-04-11 18:26:32'),
(3, 5, '9998215055', '', 98, 67, 98, 76, 90, '', '1', '2016-04-11 18:26:32'),
(4, 5, '9998214335', '', 88, 87, 88, 0, 0, '', '1', '2016-04-11 18:26:32'),
(5, 5, '9998214151', '', 0, 89, 0, 0, 90, '', '1', '2016-04-11 18:26:32'),
(6, 5, '9997515863', '', 80, 89, 80, 88, 0, '', '1', '2016-04-11 18:26:32'),
(7, 5, '9991268756', '4.2', 90, 87, 90, 94, 94, 'Membandingkan teks cerita pendek, baik melalui lisan maupun tulisan', '1', '2016-04-14 08:03:27'),
(8, 5, '9998218087', '4.2', 93, 88, 93, 90, 99, 'Menganalisis teks cerita ulang, baik melalui lisan maupun tulisan ', '1', '2016-04-14 08:03:27'),
(9, 5, '9998215055', '', 87, 78, 87, 89, 79, '', '1', '2016-04-14 08:03:27'),
(10, 5, '9991268756', '4.3', 89, 89, 89, 98, 95, 'Menganalisis teks pantun, baik melalui lisan maupun tulisan ', '1', '2016-04-14 08:03:57'),
(11, 5, '9998218087', '', 87, 78, 87, 89, 88, '', '1', '2016-04-14 08:03:57'),
(12, 5, '9998215055', '', 78, 70, 78, 87, 90, '', '1', '2016-04-14 08:03:57'),
(13, 5, '9991268756', '4.4', 89, 90, 89, 87, 90, 'Membandingkan teks cerita ulang, baik melalui lisan maupun tulisan', '1', '2016-04-14 08:04:20'),
(14, 5, '9998218087', '', 88, 87, 88, 83, 89, '', '1', '2016-04-14 08:04:20'),
(15, 5, '9991268756', '4.5', 87, 90, 87, 78, 90, 'Menganalisis teks cerita ulang, baik melalui lisan maupun tulisan ', '1', '2016-04-14 08:04:36'),
(16, 5, '9998218087', '', 98, 99, 98, 89, 90, 'Menganalisis teks pantun, baik melalui lisan maupun tulisan', '1', '2016-04-14 08:04:36'),
(18, 5, '9991268756', '4.6', 90, 89, 90, 98, 78, 'Memahami struktur dan kaidah teks cerita pendek, baik melalui lisan maupun tulisan', '1', '2016-04-30 10:50:43'),
(19, 54, '0054826670', '3.1', 78, 77, 78, 77, 80, 'tes deskripsi pengetahuan', '18', '2023-11-21 02:33:51'),
(20, 60, '0076051213', '3.1', 75, 78, 79, 80, 81, '', '1', '2023-11-23 16:24:25'),
(21, 60, '345123', '3.1', 75, 76, 77, 80, 80, '	Peserta didik telah mampu memahami pembelajaran yang diberikan oleh guru bidang studi', '1', '2023-11-26 11:28:05'),
(24, 48, '345123', '3.1', 78, 79, 80, 80, 80, 'Peserta didik telah mampu memahami pembelajaran yang diberikan oleh guru bidang studi', '23', '2023-11-26 17:52:37'),
(25, 61, '345123', '3.1', 90, 90, 86, 90, 90, 'Peserta didik telah mampu memahami pembelajaran yang diberikan oleh guru bidang studi', '31', '2023-11-26 17:57:38'),
(26, 63, '345123', '3.1', 78, 80, 80, 80, 80, 'Peserta didik telah mampu memahami pembelajaran yang diberikan oleh guru bidang studi', '15', '2023-11-26 18:08:57'),
(27, 175, '58395217', '', 80, 81, 82, 83, 84, 'aaassasa sasad dfsdfgkj asdfkjin dfsafk sdfkajdf jfkjhsadfu kksdfu nsjdfhkjsa hkadf hjhfdjjkhsdfonjhdf  sdfskjdfhowsdfsjfdh  sdkfjaskjfd sfdj', '1', '2023-12-01 08:18:36'),
(28, 192, '111', '', 78, 80, 83, 85, 88, 'aaassasa sasad dfsdfgkj asdfkjin dfsafk sdfkajdf jfkjhsadfu kksdfu nsjdfhkjsa hkadf hjhfdjjkhsdfonjhdf  sdfskjdfhowsdfsjfdh  sdkfjaskjfd sfdj', '1', '2023-12-01 17:14:53'),
(50, 215, '0083008616', '', 90, 80, 90, 90, 90, 'balanajsjdjddk', '3', '2023-12-05 16:57:40'),
(38, 196, '111', '', 80, 87, 85, 84, 80, 'aaassasa sasad dfsdfgkj asdfkjin dfsafk sdfkajdf jfkjhsadfu kksdfu nsjdfhkjsa hkadf hjhfdjjkhsdfonjhdf  sdfskjdfhowsdfsjfdh  sdkfjaskjfd sfdj', '1', '2023-12-02 12:49:42'),
(39, 193, '111', '', 80, 87, 85, 84, 80, 'aaassasa sasad dfsdfgkj asdfkjin dfsafk sdfkajdf jfkjhsadfu kksdfu nsjdfhkjsa hkadf hjhfdjjkhsdfonjhdf  sdfskjdfhowsdfsjfdh  sdkfjaskjfd sfdj', '1', '2023-12-02 12:50:25'),
(40, 198, '111', '', 80, 80, 80, 80, 80, 'aaassasa sasad dfsdfgkj asdfkjin dfsafk sdfkajdf jfkjhsadfu kksdfu nsjdfhkjsa hkadf hjhfdjjkhsdfonjhdf  sdfskjdfhowsdfsjfdh  sdkfjaskjfd sfdj', '1', '2023-12-02 16:36:03'),
(41, 194, '111', '', 75, 88, 76, 90, 88, 'Mampu mengingat, mengetahui, menerapkan, menganalisis sebagaian besar elemen pada Capaian Pembelajaran', '1', '2023-12-02 18:01:32'),
(42, 195, '111', '', 75, 78, 80, 75, 80, 'Mampu mengingat, mengetahui, menerapkan, menganalisis sebagaian besar elemen pada Capaian Pembelajaran', '1', '2023-12-02 18:01:56'),
(43, 197, '111', '', 80, 85, 83, 82, 85, 'Mampu mengingat, mengetahui, menerapkan, menganalisis sebagaian besar elemen pada Capaian Pembelajaran', '1', '2023-12-02 18:02:18'),
(44, 200, '111', '', 78, 80, 83, 75, 80, 'Mampu mengingat, mengetahui, menerapkan, menganalisis sebagaian besar elemen pada Capaian Pembelajaran', '1', '2023-12-02 18:02:46'),
(45, 201, '111', '', 75, 79, 80, 83, 75, 'Mampu mengingat, mengetahui, menerapkan, menganalisis sebagaian besar elemen pada Capaian Pembelajaran', '1', '2023-12-02 18:03:31'),
(46, 204, '111', '', 80, 83, 75, 82, 75, 'Mampu mengingat, mengetahui, menerapkan, menganalisis sebagaian besar elemen pada Capaian Pembelajaran', '1', '2023-12-02 18:03:50'),
(47, 208, '111', '', 80, 75, 83, 75, 84, 'Mampu mengingat, mengetahui, menerapkan, menganalisis sebagaian besar elemen pada Capaian Pembelajaran', '1', '2023-12-02 18:04:08'),
(48, 205, '111', '', 85, 80, 75, 83, 75, 'Mampu mengingat, mengetahui, menerapkan, menganalisis sebagaian besar elemen pada Capaian Pembelajaran', '1', '2023-12-02 18:04:30'),
(49, 203, '111', '', 80, 85, 75, 83, 77, 'Mampu mengingat, mengetahui, menerapkan, menganalisis sebagaian besar elemen pada Capaian Pembelajaran', '1', '2023-12-02 18:04:57'),
(51, 249, '20235901', '', 80, 75, 80, 89, 0, 'tes deskripsi', '1232123432112345', '2025-10-17 02:48:27');

-- --------------------------------------------------------

--
-- Struktur dari tabel `rb_nilai_pertanyaan_essai`
--

CREATE TABLE `rb_nilai_pertanyaan_essai` (
  `id_nilai_pertanyaan_essai` int(5) NOT NULL,
  `id_quiz_ujian` int(5) NOT NULL,
  `nisn` varchar(20) NOT NULL,
  `nilai_essai` int(3) NOT NULL
) ENGINE=MyISAM DEFAULT CHARSET=latin1;

--
-- Dumping data untuk tabel `rb_nilai_pertanyaan_essai`
--

INSERT INTO `rb_nilai_pertanyaan_essai` (`id_nilai_pertanyaan_essai`, `id_quiz_ujian`, `nisn`, `nilai_essai`) VALUES
(1, 1, '0000261141', 80),
(2, 4, '0000240365', 70),
(4, 4, '9991268756', 80),
(5, 10, '20235901', 2),
(6, 12, '111', 30),
(7, 13, '111', 20),
(8, 17, '0082027662', 80);

-- --------------------------------------------------------

--
-- Struktur dari tabel `rb_nilai_prakerin`
--

CREATE TABLE `rb_nilai_prakerin` (
  `id_nilai_extrakulikuler` int(10) NOT NULL,
  `id_tahun_akademik` int(5) NOT NULL,
  `nisn` varchar(20) NOT NULL,
  `kode_kelas` varchar(10) NOT NULL,
  `kegiatan` text NOT NULL,
  `nilai` varchar(10) NOT NULL,
  `deskripsi` text NOT NULL,
  `user_akses` varchar(50) NOT NULL,
  `waktu_input` datetime NOT NULL
) ENGINE=MyISAM DEFAULT CHARSET=latin1;

--
-- Dumping data untuk tabel `rb_nilai_prakerin`
--

INSERT INTO `rb_nilai_prakerin` (`id_nilai_extrakulikuler`, `id_tahun_akademik`, `nisn`, `kode_kelas`, `kegiatan`, `nilai`, `deskripsi`, `user_akses`, `waktu_input`) VALUES
(1, 20161, '9991268756', 'X.MIPA.1', 'Kegiatan Mandi-mandii', '87', 'Kegiatan mandi-mandi dilaksanakan di lubuak minturun bersamaan dengan perayaan ulang tahun sekolah.', '1', '2016-04-29 10:11:10'),
(2, 20161, '9991268756', 'X.MIPA.1', 'Kegiatan Bakar ayam.', '95', 'Memiliki keterampilan Mengidentifikasi, menyajikan model matematika dan menyelesaikan masalah keseharian.				', '1', '2016-04-29 07:08:28'),
(3, 20231, '345123', 'XI.TKJ', 'PT. XYZ Intonesia', '80', 'Jalan Umum Raya', '1', '2023-11-26 15:54:50'),
(4, 20231, '111', 'X.TJKT', 'PT. ABC Indonesia', 'B', 'Jalan sudirman kav.30 jakarta pusat', '3', '2023-12-03 00:24:47');

-- --------------------------------------------------------

--
-- Struktur dari tabel `rb_nilai_prestasi`
--

CREATE TABLE `rb_nilai_prestasi` (
  `id_nilai_prestasi` int(10) NOT NULL,
  `id_tahun_akademik` int(5) NOT NULL,
  `nisn` varchar(20) NOT NULL,
  `kode_kelas` varchar(10) NOT NULL,
  `jenis_kegiatan` varchar(255) NOT NULL,
  `keterangan` text NOT NULL,
  `user_akses` varchar(50) NOT NULL,
  `waktu_input` datetime NOT NULL
) ENGINE=MyISAM DEFAULT CHARSET=latin1;

--
-- Dumping data untuk tabel `rb_nilai_prestasi`
--

INSERT INTO `rb_nilai_prestasi` (`id_nilai_prestasi`, `id_tahun_akademik`, `nisn`, `kode_kelas`, `jenis_kegiatan`, `keterangan`, `user_akses`, `waktu_input`) VALUES
(2, 20161, '9991268756', 'X.MIPA.1', 'Kegiatan Jalan-jalan sore', 'Memiliki keterampilan merencanakan dan melaksanakan percobaan interferensi gelombang cahaya 				', '1', '2016-04-29 08:09:42'),
(7, 20231, '345123', 'XI.TKJ', 'Lomba Futsal Tingkat Kota', 'Juara 1 dalam perlombaan', '21', '2023-11-30 23:00:41'),
(8, 20231, '111', 'X.TJKT', 'Lomba Futsal Tingkat Kota', 'Juara 1 dalam perlombaan', '3', '2023-12-03 00:35:25');

-- --------------------------------------------------------

--
-- Struktur dari tabel `rb_nilai_sikap`
--

CREATE TABLE `rb_nilai_sikap` (
  `id_nilai_sikap` int(10) NOT NULL,
  `kodejdwl` int(10) NOT NULL,
  `nisn` varchar(20) NOT NULL,
  `positif` text NOT NULL,
  `negatif` text NOT NULL,
  `deskripsi` text NOT NULL,
  `status` enum('spiritual','sosial') NOT NULL,
  `user_akses` varchar(50) NOT NULL,
  `waktu` datetime NOT NULL
) ENGINE=MyISAM DEFAULT CHARSET=latin1;

--
-- Dumping data untuk tabel `rb_nilai_sikap`
--

INSERT INTO `rb_nilai_sikap` (`id_nilai_sikap`, `kodejdwl`, `nisn`, `positif`, `negatif`, `deskripsi`, `status`, `user_akses`, `waktu`) VALUES
(1, 5, '9999152999', 'Selalu bersyukur dan selalu berdoa sebelum melakukan kegiatan serta memiliki toleran pada agama yang berbeda', 'Ketaatan beribadah mulai berkembang', 'Selalu bersyukur dan selalu berdoa sebelum melakukan kegiatan serta memiliki toleran pada agama yang berbeda; ketaatan beribadah mulai berkembang', 'spiritual', '1', '2016-04-18 16:38:53'),
(2, 5, '9998218087', 'Nilai Positif,..', 'Nilai Negatif,..', 'Deskripsi Nilai Sikap,..', 'spiritual', '1', '2016-04-18 16:38:53'),
(3, 5, '9999152999', 'Nilai Sosial Posisitf,..', 'Nilai Sosial Negatif,..', 'Nilai Deskripsi Sosial,..', 'sosial', '1', '2016-04-18 16:39:53'),
(4, 5, '9998218087', 'Nilai Sosial Posisitf 2,..', 'Nilai Sosial Negatif 2,..', 'Nilai Deskripsi Sosial 2,..', 'sosial', '1', '2016-04-18 16:39:53'),
(5, 5, '9991268756', 'Nilai Positif,..', 'Nilai Negatif,..', 'Deskripsi Nilai Sikap,..', 'spiritual', '1', '2016-04-29 20:12:48'),
(6, 5, '0151379251', 'Selalu bersyukur dan selalu berdoa sebelum melakukan kegiatan serta memiliki toleran pada agama yang berbeda', 'Ketaatan beribadah mulai berkembang', 'Selalu bersyukur dan selalu berdoa sebelum melakukan kegiatan serta memiliki toleran pada agama yang berbeda; ketaatan beribadah mulai berkembang', 'spiritual', '1', '2016-04-29 20:12:48'),
(7, 5, '9991268756', 'Nilai Positif,..', 'Nilai Negatif,..', 'Deskripsi Nilai Sikap,..', 'spiritual', '1', '2016-04-29 20:13:05'),
(8, 5, '0151379251', 'Selalu bersyukur dan selalu berdoa sebelum melakukan kegiatan serta memiliki toleran pada agama yang berbeda', 'Ketaatan beribadah mulai berkembang', 'Selalu bersyukur dan selalu berdoa sebelum melakukan kegiatan serta memiliki toleran pada agama yang berbeda; ketaatan beribadah mulai berkembang', 'spiritual', '1', '2016-04-29 20:13:05'),
(9, 5, '9998218087', 'Nilai Positif,..', 'Nilai Negatif,..', 'Deskripsi Nilai Sikap,..', 'spiritual', '1', '2016-04-29 20:13:05'),
(10, 5, '9991268756', 'Nilai Positif,..', 'Nilai Negatif,..', 'Deskripsi Nilai Sikap,..', 'spiritual', '1', '2016-04-29 20:13:34'),
(11, 5, '0151379251', 'Selalu bersyukur dan selalu berdoa sebelum melakukan kegiatan serta memiliki toleran pada agama yang berbeda', 'Ketaatan beribadah mulai berkembang', 'Selalu bersyukur dan selalu berdoa sebelum melakukan kegiatan serta memiliki toleran pada agama yang berbeda; ketaatan beribadah mulai berkembang', 'spiritual', '1', '2016-04-29 20:13:34'),
(12, 5, '9998218087', 'Isi dengan Nilai Positif,..', 'Isi dengan Nilai Negatif,..', 'Deskripsi Nilai Sikap,..', 'spiritual', '1', '2016-04-29 20:13:34'),
(13, 5, '9999152999', 'Selalu bersyukur dan selalu berdoa sebelum melakukan kegiatan serta memiliki toleran pada agama yang berbeda', 'Ketaatan beribadah mulai berkembang', 'Selalu bersyukur dan selalu berdoa sebelum melakukan kegiatan serta memiliki toleran pada agama yang berbeda; ketaatan beribadah mulai berkembang', 'spiritual', '1', '2016-04-29 20:13:34'),
(14, 5, '9991268756', 'Isi dengan Nilai Sosial Posisitf 2,..', 'Isi dengan Nilai Sosial Negatif 2,..', 'Isi dengan Nilai Deskripsi Sosial 2,..', 'sosial', '1', '2016-04-29 20:14:07'),
(15, 5, '9998218087', 'Nilai Sosial Posisitf 2,..', 'Nilai Sosial Negatif 2,..', '', 'sosial', '1', '2016-04-29 20:14:07'),
(16, 5, '9999152999', 'Nilai Sosial Posisitf,..', 'Nilai Sosial Negatif,..', 'Nilai Deskripsi Sosial,..', 'sosial', '1', '2016-04-29 20:14:07'),
(17, 57, '0078748141', 'abcdef', 'abgfd', 'adasdad', 'spiritual', '19', '2023-11-21 02:25:49'),
(18, 54, '0054826670', 'tes sosial positif', 'Tes NEgatif Sosial', 'Tes Deskripsi sosial', 'sosial', '18', '2023-11-21 02:32:37'),
(19, 54, '0054826670', 'tes spritual positif', 'tes negatif spritual', 'tes deskripsi spritual', 'spiritual', '18', '2023-11-21 02:33:10');

-- --------------------------------------------------------

--
-- Struktur dari tabel `rb_nilai_sikap_semester`
--

CREATE TABLE `rb_nilai_sikap_semester` (
  `id_nilai_sikap_semester` int(10) NOT NULL,
  `id_tahun_akademik` int(5) NOT NULL,
  `nisn` varchar(20) NOT NULL,
  `kode_kelas` varchar(10) NOT NULL,
  `spiritual_predikat` varchar(2) NOT NULL,
  `spiritual_deskripsi` text NOT NULL,
  `sosial_predikat` varchar(2) NOT NULL,
  `sosial_deskripsi` text NOT NULL,
  `user_akses` varchar(50) NOT NULL,
  `waktu_input` datetime NOT NULL
) ENGINE=MyISAM DEFAULT CHARSET=latin1;

--
-- Dumping data untuk tabel `rb_nilai_sikap_semester`
--

INSERT INTO `rb_nilai_sikap_semester` (`id_nilai_sikap_semester`, `id_tahun_akademik`, `nisn`, `kode_kelas`, `spiritual_predikat`, `spiritual_deskripsi`, `sosial_predikat`, `sosial_deskripsi`, `user_akses`, `waktu_input`) VALUES
(1, 20161, '9991268756', 'X.MIPA.1', 'A', 'Pertahankan Nilai anda,..', 'B', 'Tingkatkan Nilai anda,..', '1', '2016-04-28 10:10:16'),
(2, 20161, '0151379251', 'X.MIPA.1', 'C', 'Tolong Perbaiki Sikap anda,..', 'D', 'Anda Tidak Berutak,..', '1', '2016-04-28 10:10:16'),
(3, 20161, '0004107204', 'X.MIPA.1', 'A', 'Pertahankan Nilai anda,..', 'C', 'Tolong Perbaiki Sikap anda,..', '1', '2016-04-28 10:10:50'),
(4, 20162, '9991268756', 'X.MIPA.1', 'A', 'asdasd', 'B', 'asdasd', '1', '2023-08-29 12:05:22');

-- --------------------------------------------------------

--
-- Struktur dari tabel `rb_nilai_uts`
--

CREATE TABLE `rb_nilai_uts` (
  `id_nilai_uts` int(10) NOT NULL,
  `kodejdwl` int(10) NOT NULL,
  `nisn` varchar(20) NOT NULL,
  `angka_pengetahuan` float NOT NULL,
  `deskripsi_pengetahuan` text NOT NULL,
  `angka_keterampilan` float NOT NULL,
  `deskripsi_keterampilan` text NOT NULL,
  `waktu_input_uts` datetime NOT NULL
) ENGINE=MyISAM DEFAULT CHARSET=latin1;

--
-- Dumping data untuk tabel `rb_nilai_uts`
--

INSERT INTO `rb_nilai_uts` (`id_nilai_uts`, `kodejdwl`, `nisn`, `angka_pengetahuan`, `deskripsi_pengetahuan`, `angka_keterampilan`, `deskripsi_keterampilan`, `waktu_input_uts`) VALUES
(1, 5, '9991268756', 85, '', 90, '', '2016-04-15 17:54:05'),
(2, 5, '9998218087', 74, '', 83, '', '2016-04-15 17:54:05'),
(3, 13, '9999152999', 89, '', 90, '', '2016-04-21 18:52:57'),
(4, 14, '9999152999', 85, '', 79, '', '2016-04-21 18:53:14'),
(5, 33, '9991268756', 2, '', 3, '', '2023-08-29 11:58:42'),
(6, 13, '9991268756', 44, '', 55, '', '2023-09-18 02:14:26'),
(7, 40, '12', 80, '', 88, '', '2023-10-19 01:28:50'),
(8, 57, '0078748141', 78, '', 80, '', '2023-11-21 02:24:52'),
(9, 249, '20235901', 89, '', 75, '', '2025-10-17 02:47:18');

-- --------------------------------------------------------

--
-- Struktur dari tabel `rb_pertanyaan_essai`
--

CREATE TABLE `rb_pertanyaan_essai` (
  `id_pertanyaan_essai` int(11) NOT NULL,
  `id_quiz_ujian` int(5) NOT NULL,
  `pertanyaan_essai` text NOT NULL
) ENGINE=MyISAM DEFAULT CHARSET=latin1;

--
-- Dumping data untuk tabel `rb_pertanyaan_essai`
--

INSERT INTO `rb_pertanyaan_essai` (`id_pertanyaan_essai`, `id_quiz_ujian`, `pertanyaan_essai`) VALUES
(1, 1, 'Siapakah Nama Presiden ke 5 Indonesia ?'),
(2, 1, 'Sebutkan Nama-nama Pahlawan Revolusi ?'),
(3, 1, 'Dimanakah Terjadinya Perjanjian Linggarjati ?'),
(5, 2, 'Sebutkan Arti Sila Ke 2 ?'),
(6, 2, 'Siapa Nama Pencipta Lagu Indonesia Raya ?'),
(9, 4, 'Siapa Nama Kepa Sekolah Kita ?'),
(10, 4, 'Berapakah Hasil 234 + 125 ?'),
(11, 5, 'kbkbkjbkjbkbk'),
(12, 6, 'aaaasaaa'),
(13, 8, 'aaaaaaaaaaaaaaaaaa'),
(14, 8, 'sssssssssssssssssssssssssss'),
(15, 10, 'Apa yang dimaksud .......'),
(16, 12, 'soal esaay nomor 1....'),
(17, 12, 'soal essay nomor 2....'),
(18, 13, 'ini untuk soal essay nomor 11'),
(19, 15, 'aaaaasssss'),
(20, 17, 'ffffffffffffffffff');

-- --------------------------------------------------------

--
-- Struktur dari tabel `rb_pertanyaan_objektif`
--

CREATE TABLE `rb_pertanyaan_objektif` (
  `id_pertanyaan_objektif` int(11) NOT NULL,
  `id_quiz_ujian` int(11) NOT NULL,
  `pertanyaan_objektif` text NOT NULL,
  `jawab_a` varchar(255) NOT NULL,
  `jawab_b` varchar(255) NOT NULL,
  `jawab_c` varchar(255) NOT NULL,
  `jawab_d` varchar(255) NOT NULL,
  `jawab_e` varchar(255) NOT NULL,
  `kunci_jawaban` varchar(5) NOT NULL
) ENGINE=MyISAM DEFAULT CHARSET=latin1;

--
-- Dumping data untuk tabel `rb_pertanyaan_objektif`
--

INSERT INTO `rb_pertanyaan_objektif` (`id_pertanyaan_objektif`, `id_quiz_ujian`, `pertanyaan_objektif`, `jawab_a`, `jawab_b`, `jawab_c`, `jawab_d`, `jawab_e`, `kunci_jawaban`) VALUES
(1, 1, 'Gubernur Tertua di Sumbar ?', 'Udin Sedunia', 'Saipul Jamil', 'Roma Irama', 'Fauzi Bahar', '', 'd'),
(2, 1, 'Nama-nama Pahlawan Indonesia ?', 'Robby Prihandaya', 'Taufik Hidayat', 'Ahmad Yani', 'Jokowi', '', 'c'),
(3, 1, 'Dimana Terjadinya Pembunuhan Sukarno ?', 'Padang', 'Payakumbuh', 'Bukit Tinggi', 'Semua Benar', '', 'a'),
(5, 1, 'Sebutkan Arti Sila Ke 2 ?', 'Keadilan Bagi Indonedia', 'Kerakyatan yang dipimpin Ndeso', 'Berjuang Untuk Jadi Lebih Baik', 'Kemanusiaan yang adil dan Beradap', '', 'd'),
(6, 4, 'Siapa Nama Pencipta Lagu Indonesia Raya ?', 'Dewiit Safitri', 'Ahmad Dani', 'Aura Kasih', 'Wr.Supratman', '', 'd'),
(8, 4, 'Siapakah nama Presiden ke 2 Indonesia ?', 'Joko Widodo', 'Susilo Bambang Yudoyono', 'Abdulrahman Wahid', 'Megawati', 'Soeharto', 'e'),
(10, 8, 'aaaaaaaaaaaaaaaaaa', 'ssssssssssss', 'saaaaaaaaaa', 'assssssaaaaaaaasaaaaaaaaaaa', 'sssssssssdddddddaaaaaaaa', 'ssssssaaaaaaaaassssssa', 'a'),
(11, 10, 'berikan yang dimaksud', 'jawaban A', 'Jawaban B', 'Jawaban C', 'Jawaban S', 'Jawaban E', 'A'),
(12, 12, 'soal pilihan ganda tolong diisi', 'jawaban A', 'jawaban A', 'jawaban A', 'jawaban A', 'jawaban A', 'A'),
(13, 12, 'Soal pilihan ganda nomor 2', 'jawaban A', 'jawaban B', 'jawaban c', 'jawaban d', 'jawaban e', 'B'),
(14, 12, 'soal pilihan ganda nomor 3 tologn diisi...', 'jawaban A', 'jawaban B', 'jawaban C', 'jawaban D', 'jawaban E', 'E'),
(16, 13, 'soal pilihan ganda nomor 1', 'A', 'B', 'C ', 'D ', 'E', 'a'),
(17, 13, 'soal pilihan danga nonoe 2', 'A', 'B', 'C ', 'E', 'F', 'E');

-- --------------------------------------------------------

--
-- Struktur dari tabel `rb_pertanyaan_penilaian`
--

CREATE TABLE `rb_pertanyaan_penilaian` (
  `id_pertanyaan_penilaian` int(5) NOT NULL,
  `pertanyaan` varchar(255) NOT NULL,
  `status` enum('diri','teman') NOT NULL,
  `waktu_input` datetime NOT NULL
) ENGINE=MyISAM DEFAULT CHARSET=latin1;

--
-- Dumping data untuk tabel `rb_pertanyaan_penilaian`
--

INSERT INTO `rb_pertanyaan_penilaian` (`id_pertanyaan_penilaian`, `pertanyaan`, `status`, `waktu_input`) VALUES
(1, 'Bagaimana kenyamanan anda di sekolah ini pada |namamatapelajaran| ?', 'diri', '2016-07-03 04:17:29'),
(2, 'Bagaimana kenyamanan anda tehadap teman di sekolah ini ?', 'diri', '2016-07-03 08:12:17'),
(4, 'Apa perbuatan jahat yang pernah teman anda ini lakukan ?', 'teman', '2016-07-08 05:08:10'),
(5, 'Apakah dia teman yang baik?', 'teman', '2016-07-08 08:12:25');

-- --------------------------------------------------------

--
-- Struktur dari tabel `rb_pertanyaan_penilaian_jawab`
--

CREATE TABLE `rb_pertanyaan_penilaian_jawab` (
  `id_pertanyaan_penilaian_jawab` int(10) NOT NULL,
  `id_pertanyaan_penilaian` int(10) NOT NULL,
  `nisn` varchar(20) NOT NULL,
  `nisn_teman` varchar(20) NOT NULL,
  `jawaban` text NOT NULL,
  `status` enum('diri','teman') NOT NULL,
  `kode_kelas` varchar(10) NOT NULL,
  `waktu_jawab` datetime NOT NULL
) ENGINE=MyISAM DEFAULT CHARSET=latin1;

--
-- Dumping data untuk tabel `rb_pertanyaan_penilaian_jawab`
--

INSERT INTO `rb_pertanyaan_penilaian_jawab` (`id_pertanyaan_penilaian_jawab`, `id_pertanyaan_penilaian`, `nisn`, `nisn_teman`, `jawaban`, `status`, `kode_kelas`, `waktu_jawab`) VALUES
(23, 2, '9991268756', '', 'jjjj', 'diri', 'X.MIPA.1', '2016-07-08 15:57:55'),
(12, 4, '9991268756', '0151379251', 'fff', 'teman', 'X.MIPA.1', '2016-07-08 15:21:34'),
(11, 5, '9991268756', '0151379251', 'eee', 'teman', 'X.MIPA.1', '2016-07-08 15:21:34'),
(15, 5, '9991268756', '0004107204', 'aaaa', 'teman', 'X.MIPA.1', '2016-07-08 15:23:05'),
(16, 4, '9991268756', '0004107204', 'bbbb', 'teman', 'X.MIPA.1', '2016-07-08 15:23:05'),
(17, 5, '9991268756', '9998218087', 'ttt', 'teman', 'X.MIPA.1', '2016-07-08 15:23:34'),
(18, 4, '9991268756', '9998218087', 'yyy', 'teman', 'X.MIPA.1', '2016-07-08 15:23:34'),
(24, 1, '9991268756', '', 'kkkk', 'diri', 'X.MIPA.1', '2016-07-08 15:57:55'),
(25, 5, '9991268756', '0007105659', 'hhh', 'teman', 'X.MIPA.1', '2016-07-08 15:58:39'),
(26, 4, '9991268756', '0007105659', 'nnn', 'teman', 'X.MIPA.1', '2016-07-08 15:58:39'),
(27, 2, '345123', '', 'ok', 'diri', 'XI.TKJ', '2023-11-28 00:46:17'),
(28, 1, '345123', '', 'baik', 'diri', 'XI.TKJ', '2023-11-28 00:46:17');

-- --------------------------------------------------------

--
-- Struktur dari tabel `rb_piket`
--

CREATE TABLE `rb_piket` (
  `nip` varchar(30) NOT NULL,
  `password` varchar(255) NOT NULL,
  `nama_guru` varchar(150) NOT NULL,
  `id_jenis_kelamin` int(5) NOT NULL,
  `tempat_lahir` varchar(150) NOT NULL,
  `tanggal_lahir` date NOT NULL,
  `nik` varchar(50) NOT NULL,
  `niy_nigk` varchar(50) NOT NULL,
  `nuptk` varchar(50) NOT NULL,
  `id_status_kepegawaian` int(5) NOT NULL,
  `id_jenis_ptk` int(5) NOT NULL,
  `pengawas_bidang_studi` varchar(150) NOT NULL,
  `id_agama` int(5) NOT NULL,
  `alamat_jalan` varchar(255) NOT NULL,
  `rt` varchar(5) NOT NULL,
  `rw` varchar(5) NOT NULL,
  `nama_dusun` varchar(100) NOT NULL,
  `desa_kelurahan` varchar(100) NOT NULL,
  `kecamatan` varchar(100) NOT NULL,
  `kode_pos` int(10) NOT NULL,
  `telepon` varchar(15) NOT NULL,
  `hp` varchar(15) NOT NULL,
  `email` varchar(150) NOT NULL,
  `tugas_tambahan` varchar(100) NOT NULL,
  `id_status_keaktifan` int(5) NOT NULL,
  `sk_cpns` varchar(150) NOT NULL,
  `tanggal_cpns` date NOT NULL,
  `sk_pengangkatan` varchar(150) NOT NULL,
  `tmt_pengangkatan` date NOT NULL,
  `lembaga_pengangkatan` varchar(150) NOT NULL,
  `id_golongan` int(5) NOT NULL,
  `keahlian_laboratorium` varchar(150) NOT NULL,
  `sumber_gaji` varchar(150) NOT NULL,
  `nama_ibu_kandung` varchar(100) NOT NULL,
  `id_status_pernikahan` int(5) NOT NULL,
  `nama_suami_istri` varchar(100) NOT NULL,
  `nip_suami_istri` varchar(30) NOT NULL,
  `pekerjaan_suami_istri` varchar(100) NOT NULL,
  `tmt_pns` date NOT NULL,
  `lisensi_kepsek` varchar(20) NOT NULL,
  `jumlah_sekolah_binaan` int(5) NOT NULL,
  `diklat_kepengawasan` varchar(20) NOT NULL,
  `mampu_handle_kk` varchar(20) NOT NULL,
  `keahlian_breile` varchar(20) NOT NULL,
  `keahlian_bahasa_isyarat` varchar(20) NOT NULL,
  `npwp` varchar(50) NOT NULL,
  `kewarganegaraan` varchar(50) NOT NULL,
  `foto` varchar(255) NOT NULL
) ENGINE=MyISAM DEFAULT CHARSET=latin1;

--
-- Dumping data untuk tabel `rb_piket`
--

INSERT INTO `rb_piket` (`nip`, `password`, `nama_guru`, `id_jenis_kelamin`, `tempat_lahir`, `tanggal_lahir`, `nik`, `niy_nigk`, `nuptk`, `id_status_kepegawaian`, `id_jenis_ptk`, `pengawas_bidang_studi`, `id_agama`, `alamat_jalan`, `rt`, `rw`, `nama_dusun`, `desa_kelurahan`, `kecamatan`, `kode_pos`, `telepon`, `hp`, `email`, `tugas_tambahan`, `id_status_keaktifan`, `sk_cpns`, `tanggal_cpns`, `sk_pengangkatan`, `tmt_pengangkatan`, `lembaga_pengangkatan`, `id_golongan`, `keahlian_laboratorium`, `sumber_gaji`, `nama_ibu_kandung`, `id_status_pernikahan`, `nama_suami_istri`, `nip_suami_istri`, `pekerjaan_suami_istri`, `tmt_pns`, `lisensi_kepsek`, `jumlah_sekolah_binaan`, `diklat_kepengawasan`, `mampu_handle_kk`, `keahlian_breile`, `keahlian_bahasa_isyarat`, `npwp`, `kewarganegaraan`, `foto`) VALUES
('107', 'piket', 'Piket', 0, '', '0000-00-00', '', '', '', 0, 0, '', 0, '', '00', '00', '', '', '', 0, '', '', '', '', 1, '', '0000-00-00', '', '0000-00-00', '', 0, '', '', '', 0, '', '', '', '0000-00-00', '', 0, '', '', '', '', '', '', '');

-- --------------------------------------------------------

--
-- Struktur dari tabel `rb_predikat`
--

CREATE TABLE `rb_predikat` (
  `id_predikat` int(5) NOT NULL,
  `kode_kelas` varchar(10) NOT NULL,
  `nilai_a` int(3) NOT NULL,
  `nilai_b` int(3) NOT NULL,
  `grade` varchar(5) NOT NULL,
  `keterangan` text NOT NULL
) ENGINE=MyISAM DEFAULT CHARSET=latin1;

--
-- Dumping data untuk tabel `rb_predikat`
--

INSERT INTO `rb_predikat` (`id_predikat`, `kode_kelas`, `nilai_a`, `nilai_b`, `grade`, `keterangan`) VALUES
(1, '0', 86, 100, 'A', 'Sangat Baik'),
(2, '0', 79, 85, 'B', 'Baik'),
(3, '0', 77, 78, 'C', 'Cukup'),
(4, '0', 0, 77, 'D', 'Kurang'),
(7, 'X.MIPA.1', 85, 100, 'A', 'Sangat Baik'),
(8, 'X.MIPA.1', 70, 84, 'B', 'Baik'),
(9, 'X.MIPA.1', 50, 69, 'C', 'Cukup'),
(10, 'X.MIPA.1', 0, 49, 'D', 'Kurang');

-- --------------------------------------------------------

--
-- Struktur dari tabel `rb_psb_aktivasi`
--

CREATE TABLE `rb_psb_aktivasi` (
  `id_aktivasi` int(10) NOT NULL,
  `kode_pendaftaran` varchar(50) NOT NULL,
  `nama_lengkap` varchar(150) NOT NULL,
  `status` enum('sma','smk','smp') NOT NULL,
  `proses` int(2) NOT NULL,
  `waktu_input` datetime NOT NULL
) ENGINE=MyISAM DEFAULT CHARSET=latin1;

--
-- Dumping data untuk tabel `rb_psb_aktivasi`
--

INSERT INTO `rb_psb_aktivasi` (`id_aktivasi`, `kode_pendaftaran`, `nama_lengkap`, `status`, `proses`, `waktu_input`) VALUES
(1, 'SMA-20160701085110', 'Robby Prihandaya', 'sma', 1, '2016-06-21 12:11:45'),
(2, 'SMK-20160701085110', 'Dewiit Safitri', 'smk', 1, '2016-06-21 15:04:57'),
(3, 'SMA-20160701085111', 'Tommy Utama', 'sma', 1, '2016-07-01 03:13:12'),
(4, 'SMP-20160701094107', 'Willy Fernando', 'smp', 0, '2016-07-01 09:27:54'),
(5, 'SMP-20251106110926', 'aaaaaaaaaaaaaa', '', 0, '2025-11-06 11:09:26'),
(6, 'SMA-20251106111120', 'qqqqqqqqqqqq', 'sma', 0, '2025-11-06 11:11:20');

-- --------------------------------------------------------

--
-- Struktur dari tabel `rb_psb_pendaftaran`
--

CREATE TABLE `rb_psb_pendaftaran` (
  `id_pendaftaran` int(10) NOT NULL,
  `kode_pendaftaran` varchar(50) NOT NULL,
  `nama` varchar(255) NOT NULL,
  `nama_panggilan` varchar(120) NOT NULL,
  `no_induk` varchar(50) NOT NULL,
  `id_jenis_kelamin` int(5) NOT NULL,
  `tempat_lahir` varchar(100) NOT NULL,
  `tanggal_lahir` date NOT NULL,
  `id_agama` int(5) NOT NULL,
  `anak_ke` varchar(10) NOT NULL,
  `jumlah_saudara` varchar(10) NOT NULL,
  `status_dalam_keluarga` varchar(100) NOT NULL,
  `alamat_siswa` text NOT NULL,
  `no_telpon` varchar(15) NOT NULL,
  `berat_badan` int(5) NOT NULL,
  `tinggi_badan` int(5) NOT NULL,
  `golongan_darah` varchar(5) NOT NULL,
  `penyakit_pernah_diderita` varchar(255) NOT NULL,
  `diterima_dikelas` varchar(50) NOT NULL,
  `diterima_tanggal` date NOT NULL,
  `sekolah_asal` varchar(255) NOT NULL,
  `alamat_sekolah_asal` text NOT NULL,
  `nama_ayah` varchar(150) NOT NULL,
  `tempat_lahir_ayah` text NOT NULL,
  `tanggal_lahir_ayah` date NOT NULL,
  `agama_ayah` int(5) NOT NULL,
  `pendidikan_ayah` varchar(100) NOT NULL,
  `pekerjaan_ayah` varchar(255) NOT NULL,
  `alamat_rumah_ayah` text NOT NULL,
  `telpon_rumah_ayah` varchar(15) NOT NULL,
  `alamat_kantor_ayah` text NOT NULL,
  `telpon_kantor_ayah` varchar(15) NOT NULL,
  `nama_ibu` varchar(150) NOT NULL,
  `tempat_lahir_ibu` text NOT NULL,
  `tanggal_lahir_ibu` date NOT NULL,
  `agama_ibu` int(5) NOT NULL,
  `pendidikan_ibu` varchar(100) NOT NULL,
  `pekerjaan_ibu` varchar(255) NOT NULL,
  `alamat_rumah_ibu` text NOT NULL,
  `telpon_rumah_ibu` varchar(15) NOT NULL,
  `alamat_kantor_ibu` text NOT NULL,
  `telpon_kantor_ibu` varchar(15) NOT NULL,
  `nama_wali` varchar(150) NOT NULL,
  `alamat_wali` text NOT NULL,
  `no_telpon_wali` varchar(15) NOT NULL,
  `status` enum('sma','smk','smp') NOT NULL,
  `waktu_daftar` datetime NOT NULL
) ENGINE=MyISAM DEFAULT CHARSET=latin1;

--
-- Dumping data untuk tabel `rb_psb_pendaftaran`
--

INSERT INTO `rb_psb_pendaftaran` (`id_pendaftaran`, `kode_pendaftaran`, `nama`, `nama_panggilan`, `no_induk`, `id_jenis_kelamin`, `tempat_lahir`, `tanggal_lahir`, `id_agama`, `anak_ke`, `jumlah_saudara`, `status_dalam_keluarga`, `alamat_siswa`, `no_telpon`, `berat_badan`, `tinggi_badan`, `golongan_darah`, `penyakit_pernah_diderita`, `diterima_dikelas`, `diterima_tanggal`, `sekolah_asal`, `alamat_sekolah_asal`, `nama_ayah`, `tempat_lahir_ayah`, `tanggal_lahir_ayah`, `agama_ayah`, `pendidikan_ayah`, `pekerjaan_ayah`, `alamat_rumah_ayah`, `telpon_rumah_ayah`, `alamat_kantor_ayah`, `telpon_kantor_ayah`, `nama_ibu`, `tempat_lahir_ibu`, `tanggal_lahir_ibu`, `agama_ibu`, `pendidikan_ibu`, `pekerjaan_ibu`, `alamat_rumah_ibu`, `telpon_rumah_ibu`, `alamat_kantor_ibu`, `telpon_kantor_ibu`, `nama_wali`, `alamat_wali`, `no_telpon_wali`, `status`, `waktu_daftar`) VALUES
(1, 'SMA-20160701085110', 'Robby Prihandaya', 'Robby', '5675345', 1, 'Padang', '1989-06-05', 1, '3', '5', 'Anak Kandung', 'Jl. Angkasa Puri, Perundam 4, Blok C No 2', '081267771344', 75, 170, 'O', 'Tdak Pernah', '1', '2016-06-22', 'SMP N 2 Payakumbuh', 'Jl. Lingar Jati 6, No 16 C', 'Nafnizon (Alm)', 'Payakumbuh', '1975-04-12', 1, 'S1', 'PNS', 'Jl.Gatot Subroto 6, No 7a', '0752461692', 'Muro Paiti, Kapur IX', '0752786512', 'Yeni Ermawaty', 'Padang', '1974-01-18', 1, 'S1', 'Rumah Tangga', 'Jl.Gatot Subroto 6, No 7a', '0752461692', '-', '0', 'Tommy Utama', 'Jl.Ulak Karang Padang', '081266881226', 'sma', '2016-06-22 12:11:45'),
(3, 'SMK-20160701085110', 'Dewiit Safitri', 'Dewi', '5674322', 1, 'Gumarang', '1989-02-12', 1, '3', '5', 'Anak Kandung', 'Jl. Linggar Jati, Padang', '082173054501', 60, 170, 'AB', 'Tdak Pernah', '1', '2016-06-22', 'SMP N 2 Payakumbuh', 'Jl. Lingar Jati 6, No 16 C', 'Sukarni', 'Gumarang', '1976-12-01', 1, 'S1', 'PNS', 'Jl.Gatot Subroto 6, No 7a', '0753456790', 'Muro Paiti, Kapur IX', '0753445566', 'Mama Dewi', 'Gumarang', '1973-11-11', 1, 'S1', 'Rumah Tangga', 'Jl.Gatot Subroto 6, No 7a', '0753456790', '-', '0', 'Adeil Putra', 'Jl.Ulak Karang, Padang', '082190871234', 'smk', '2016-06-22 15:04:57'),
(5, 'SMA-20160701085111', 'Tommy Utama', 'Tommy', '5674327', 1, 'Padang', '1985-08-18', 1, '1', '5', 'Anak Kandung', 'Jl. Simpang DPR, Padang', '081266881226', 70, 160, 'AB', 'Tdak Pernah', '1', '2016-07-01', 'SMA N 2 Payakumbuh', 'Jl. Lingar Jati 6, No 16 C', 'Sunandar', 'Payakumbuh', '0004-12-05', 1, 'S1', 'PNS', 'Jl.Gatot Subroto 6, No 7a', '0752461645', 'Muro Paiti, Kapur IX', '0752897855', 'Yunimar', 'Padang', '0000-00-00', 1, 'S1', 'Rumah Tangga', 'Jl.Gatot Subroto 6, No 7a', '0752461645', '-', '0', 'Willy Fernando', 'Jl.Ulak Karang, Padang', '082167771233', 'sma', '2016-07-01 11:19:36');

-- --------------------------------------------------------

--
-- Struktur dari tabel `rb_psb_pendaftaran_saudara`
--

CREATE TABLE `rb_psb_pendaftaran_saudara` (
  `id_saudara` int(10) NOT NULL,
  `id_pendaftaran` int(10) NOT NULL,
  `nama_saudara` varchar(150) NOT NULL,
  `umur_saudara` int(5) NOT NULL,
  `pendidikan_saudara` varchar(255) NOT NULL
) ENGINE=MyISAM DEFAULT CHARSET=latin1;

--
-- Dumping data untuk tabel `rb_psb_pendaftaran_saudara`
--

INSERT INTO `rb_psb_pendaftaran_saudara` (`id_saudara`, `id_pendaftaran`, `nama_saudara`, `umur_saudara`, `pendidikan_saudara`) VALUES
(1, 1, 'Willy Fernando', 29, 'S1'),
(2, 1, 'Randy Komara', 25, 'SMA'),
(3, 1, 'Laura Hikmah Izzatin', 18, 'SMA'),
(4, 3, 'Lira Virna', 15, 'SMP'),
(5, 3, 'Airin Stewano', 13, 'SD'),
(10, 5, 'Randy Komara', 25, 'SMA'),
(9, 5, 'Willy Fernando', 28, 'S1'),
(11, 5, 'Laura Hikmah Izzatin', 19, 'SMA');

-- --------------------------------------------------------

--
-- Struktur dari tabel `rb_quiz_ujian`
--

CREATE TABLE `rb_quiz_ujian` (
  `id_quiz_ujian` int(5) NOT NULL,
  `id_kategori_quiz_ujian` int(5) NOT NULL,
  `kodejdwl` int(5) NOT NULL,
  `keterangan` text NOT NULL,
  `batas_waktu` datetime NOT NULL
) ENGINE=MyISAM DEFAULT CHARSET=latin1;

--
-- Dumping data untuk tabel `rb_quiz_ujian`
--

INSERT INTO `rb_quiz_ujian` (`id_quiz_ujian`, `id_kategori_quiz_ujian`, `kodejdwl`, `keterangan`, `batas_waktu`) VALUES
(4, 1, 5, 'Quiz Online Nilai Akhir Matematika', '2016-04-25 08:54:42'),
(5, 1, 5, 'hhhb', '2016-03-11 16:02:02'),
(6, 2, 13, 'asdas', '2023-09-18 07:51:53'),
(7, 2, 5, 'vvvvvvvv', '2023-09-24 07:59:04'),
(8, 1, 40, 'Kuis', '2023-10-19 01:46:15'),
(9, 2, 61, '', '2023-11-27 19:36:38'),
(10, 1, 249, 'kuis Perkenalan Komputer', '2025-10-17 04:06:30'),
(11, 2, 250, 'Tugas Perkenalan Komputer', '2025-11-05 11:00:03'),
(12, 1, 250, 'kuis online hari kamis tanggal 6 november 2025', '2025-11-06 09:28:19'),
(13, 2, 250, 'ujian hari kamis tanggal 6 november 2025', '2025-11-06 10:06:41'),
(14, 1, 314, 'Tugas Perkenalan Komputer', '2025-11-20 16:09:20'),
(15, 2, 268, 'aaaaa', '2025-11-20 20:33:53'),
(16, 1, 268, 'qqqqqq', '2025-11-20 20:34:32'),
(17, 2, 324, 'qqqqqq', '2025-11-20 20:38:58');

-- --------------------------------------------------------

--
-- Struktur dari tabel `rb_ruangan`
--

CREATE TABLE `rb_ruangan` (
  `kode_ruangan` varchar(10) NOT NULL,
  `kode_gedung` varchar(10) NOT NULL,
  `nama_ruangan` varchar(100) NOT NULL,
  `kapasitas_belajar` int(5) NOT NULL,
  `kapasitas_ujian` int(5) NOT NULL,
  `keterangan` text NOT NULL,
  `aktif` enum('Ya','Tidak') NOT NULL
) ENGINE=MyISAM DEFAULT CHARSET=latin1;

--
-- Dumping data untuk tabel `rb_ruangan`
--

INSERT INTO `rb_ruangan` (`kode_ruangan`, `kode_gedung`, `nama_ruangan`, `kapasitas_belajar`, `kapasitas_ujian`, `keterangan`, `aktif`) VALUES
('R001', 'G001', 'A.1', 35, 30, '', ''),
('R002', 'G001', 'A.2', 40, 35, '', ''),
('R003', 'G002', 'B.1', 34, 29, '', ''),
('R004', 'G002', 'B.2', 45, 40, '', ''),
('KR01', 'G01', 'Ruang Guru', 30, 30, 'Ruang Guru', 'Ya'),
('KR02', 'G01', 'Ruang Kelas', 30, 30, 'Ruang Kelas', 'Ya'),
('KR03', 'G01', 'Ruang Kelas', 30, 30, 'Ruang kelas di atas ruang guru', 'Ya'),
('KR04', 'G02', 'Ruang Kelas', 30, 30, 'ruang kelas Bawah', 'Ya'),
('KR05', 'G02', 'Ruang Kelas', 30, 30, 'Ruang Kelas Atas', 'Ya'),
('KR06', 'G03', 'Ruang Kelas', 30, 30, 'Ruang Kelas Bawah', '');

-- --------------------------------------------------------

--
-- Struktur dari tabel `rb_sesi`
--

CREATE TABLE `rb_sesi` (
  `id_sesi` int(5) NOT NULL,
  `nama_sesi` varchar(100) NOT NULL,
  `keterangan` text NOT NULL,
  `aktif` enum('Ya','Tidak') NOT NULL
) ENGINE=MyISAM DEFAULT CHARSET=latin1;

--
-- Dumping data untuk tabel `rb_sesi`
--

INSERT INTO `rb_sesi` (`id_sesi`, `nama_sesi`, `keterangan`, `aktif`) VALUES
(1, 'Semester 1', '', 'Ya'),
(2, 'Semester 2', '', 'Ya'),
(3, 'Semester 3', '', 'Ya'),
(4, 'Semester 4', '', 'Ya'),
(5, 'Semester 5', '', 'Ya'),
(6, 'Semester 6', '', 'Ya');

-- --------------------------------------------------------

--
-- Struktur dari tabel `rb_siswa`
--

CREATE TABLE `rb_siswa` (
  `id_siswa` int(10) NOT NULL,
  `nipd` varchar(10) NOT NULL,
  `password` varchar(255) NOT NULL,
  `nama` varchar(120) NOT NULL,
  `id_jenis_kelamin` int(5) NOT NULL,
  `nisn` varchar(20) NOT NULL,
  `tempat_lahir` varchar(100) NOT NULL,
  `tanggal_lahir` date NOT NULL,
  `nik` varchar(50) NOT NULL,
  `id_agama` int(5) NOT NULL,
  `kebutuhan_khusus` varchar(20) NOT NULL,
  `asal_sekolah` text NOT NULL,
  `tanggal_terima` text NOT NULL,
  `tanggal_sah` varchar(250) NOT NULL,
  `alamat` text NOT NULL,
  `rt` varchar(5) NOT NULL,
  `rw` varchar(5) NOT NULL,
  `dusun` varchar(100) NOT NULL,
  `kelurahan` varchar(100) NOT NULL,
  `kecamatan` varchar(100) NOT NULL,
  `kode_pos` int(10) NOT NULL,
  `jenis_tinggal` varchar(100) NOT NULL,
  `alat_transportasi` varchar(100) NOT NULL,
  `telepon` varchar(15) NOT NULL,
  `hp` varchar(15) NOT NULL,
  `email` varchar(150) NOT NULL,
  `skhun` varchar(50) NOT NULL,
  `penerima_kps` varchar(20) NOT NULL,
  `no_kps` varchar(50) NOT NULL,
  `foto` varchar(255) NOT NULL,
  `nama_ayah` varchar(150) NOT NULL,
  `tahun_lahir_ayah` int(4) NOT NULL,
  `pendidikan_ayah` varchar(50) NOT NULL,
  `pekerjaan_ayah` varchar(100) NOT NULL,
  `penghasilan_ayah` varchar(100) NOT NULL,
  `kebutuhan_khusus_ayah` varchar(100) NOT NULL,
  `no_telpon_ayah` varchar(15) NOT NULL,
  `nama_ibu` varchar(150) NOT NULL,
  `tahun_lahir_ibu` int(4) NOT NULL,
  `pendidikan_ibu` varchar(50) NOT NULL,
  `pekerjaan_ibu` varchar(100) NOT NULL,
  `penghasilan_ibu` varchar(100) NOT NULL,
  `kebutuhan_khusus_ibu` varchar(100) NOT NULL,
  `no_telpon_ibu` varchar(15) NOT NULL,
  `nama_wali` varchar(150) NOT NULL,
  `tahun_lahir_wali` int(4) NOT NULL,
  `pendidikan_wali` varchar(50) NOT NULL,
  `pekerjaan_wali` varchar(100) NOT NULL,
  `penghasilan_wali` varchar(50) NOT NULL,
  `angkatan` int(5) NOT NULL,
  `status_awal` varchar(20) NOT NULL,
  `status_siswa` enum('Aktif','Tidak Aktif') NOT NULL,
  `tingkat` varchar(10) NOT NULL,
  `kode_kelas` varchar(10) NOT NULL,
  `kode_jurusan` varchar(10) NOT NULL,
  `id_sesi` int(5) NOT NULL
) ENGINE=MyISAM DEFAULT CHARSET=latin1;

--
-- Dumping data untuk tabel `rb_siswa`
--

INSERT INTO `rb_siswa` (`id_siswa`, `nipd`, `password`, `nama`, `id_jenis_kelamin`, `nisn`, `tempat_lahir`, `tanggal_lahir`, `nik`, `id_agama`, `kebutuhan_khusus`, `asal_sekolah`, `tanggal_terima`, `tanggal_sah`, `alamat`, `rt`, `rw`, `dusun`, `kelurahan`, `kecamatan`, `kode_pos`, `jenis_tinggal`, `alat_transportasi`, `telepon`, `hp`, `email`, `skhun`, `penerima_kps`, `no_kps`, `foto`, `nama_ayah`, `tahun_lahir_ayah`, `pendidikan_ayah`, `pekerjaan_ayah`, `penghasilan_ayah`, `kebutuhan_khusus_ayah`, `no_telpon_ayah`, `nama_ibu`, `tahun_lahir_ibu`, `pendidikan_ibu`, `pekerjaan_ibu`, `penghasilan_ibu`, `kebutuhan_khusus_ibu`, `no_telpon_ibu`, `nama_wali`, `tahun_lahir_wali`, `pendidikan_wali`, `pekerjaan_wali`, `penghasilan_wali`, `angkatan`, `status_awal`, `status_siswa`, `tingkat`, `kode_kelas`, `kode_jurusan`, `id_sesi`) VALUES
(1563, '098', '1', 'siswa multimedia', 1, '0987', '', '0000-00-00', '', 1, '', '', '', '', 'qqq', '01', '02', '', '', '', 0, '', '', '', '', '', '', '', '', '', '', 0, '', '', '', '', '', '', 0, '', '', '', '', '', '', 0, '', '', '', 2022, '', 'Aktif', '', 'XI.MM', 'XI MM', 0),
(1564, '098', '1', 'Yudha Setiawan', 1, '0987', '', '0000-00-00', '', 1, '', '', '', '', 'qqq', '01', '02', '', '', '', 0, '', '', '', '', '', '', '', '', '', '', 0, '', '', '', '', '', '', 0, '', '', '', '', '', '', 0, '', '', '', 2022, '', 'Aktif', '', 'XI.TKJ', 'XI TKJ', 0),
(1562, '765643', 'siswa', 'a', 1, '345123', 'sa', '0000-00-00', '1212123454567890', 1, '', '', '', '', 'aaaaaaaaaaaaaaaaaaaa', '01', '01', 'www', 'www', 'www', 111111, 'saa', 'as', '22222222', '212111111', 'aaaaaa@gmail.com', '', '', '', '', '', 0, '', '', '', '', '', '', 0, '', '', '', '', '', '', 0, '', '', '', 2022, 'aaaa', 'Aktif', '', 'XI.TKJ', 'XI TKJ', 0),
(164, '2021.059.0', '', 'Rofi Rauf Akhdan', 1, '51944011', 'Solok', '0000-00-00', '123123123', 28, 'a', '', '', '', 'a', '1', '1', 'as', 'asd', 'asd', 123608, 'asd', 'asd', '2342424', '234452342', 'siswa1@gmail.com', 'qasd', 'asd', '234234234', '', '', 0, '', '', '', '', '', '', 0, '', '', '', '', '', '', 0, '', '', '', 2021, 'as', 'Aktif', '', 'XII.TKJ', 'XII TKJ', 0),
(163, '2021.059.0', '', 'Muhamad Fadillah', 1, '61520183', 'Tangerang', '0000-00-00', '123123123', 28, 'a', '', '', '', 'a', '1', '1', 'as', 'asd', 'asd', 123607, 'asd', 'asd', '2342424', '234452342', 'siswa1@gmail.com', 'qasd', 'asd', '234234234', '', '', 0, '', '', '', '', '', '', 0, '', '', '', '', '', '', 0, '', '', '', 2021, 'as', 'Aktif', '', 'XII.TKJ', 'XII TKJ', 0),
(161, '2021.059.0', '', 'Irvan Fathir Ibrahim', 1, '65084347', 'Tangerang', '0000-00-00', '123123123', 28, 'a', '', '', '', 'a', '1', '1', 'as', 'asd', 'asd', 123605, 'asd', 'asd', '2342424', '234452342', 'siswa1@gmail.com', 'qasd', 'asd', '234234234', '', '', 0, '', '', '', '', '', '', 0, '', '', '', '', '', '', 0, '', '', '', 2021, 'as', 'Aktif', '', 'XII.TKJ', 'XII TKJ', 0),
(162, '2021.059.0', '', 'Jendi Kurniawan', 1, '57200892', 'Brebes', '0000-00-00', '123123123', 28, 'a', '', '', '', 'a', '1', '1', 'as', 'asd', 'asd', 123606, 'asd', 'asd', '2342424', '234452342', 'siswa1@gmail.com', 'qasd', 'asd', '234234234', '', '', 0, '', '', '', '', '', '', 0, '', '', '', '', '', '', 0, '', '', '', 2021, 'as', 'Aktif', '', 'XII.TKJ', 'XII TKJ', 0),
(108, '2021.059.0', '', 'alya rahma maisya', 1, '0051189205', 'tangerang', '2005-12-24', '123123123', 28, 'a', '', '', '', 'a', '1', '1', 'as', 'asd', 'asd', 123552, 'asd', 'asd', '2342424', '234452342', 'siswa1@gmail.com', 'qasd', 'asd', '234234234', '', '', 0, '', '', '', '', '', '', 0, '', '', '', '', '', '', 0, '', '', '', 2021, 'as', 'Aktif', '', 'XII.MM', 'XII MM', 0),
(109, '2021.059.0', '', 'Chelby Nava Rya', 1, '0019008793', 'Tanggamus', '2006-08-03', '123123123', 28, 'a', '', '', '', 'a', '1', '1', 'as', 'asd', 'asd', 123553, 'asd', 'asd', '2342424', '234452342', 'siswa1@gmail.com', 'qasd', 'asd', '234234234', '', '', 0, '', '', '', '', '', '', 0, '', '', '', '', '', '', 0, '', '', '', 2021, 'as', 'Aktif', '', 'XII.MM', 'XII MM', 0),
(110, '2021.059.0', '', 'DHANDY PRATAMA', 1, '0061796983', 'OKU TIMUR', '2006-05-04', '123123123', 28, 'a', '', '', '', 'a', '1', '1', 'as', 'asd', 'asd', 123554, 'asd', 'asd', '2342424', '234452342', 'siswa1@gmail.com', 'qasd', 'asd', '234234234', '', '', 0, '', '', '', '', '', '', 0, '', '', '', '', '', '', 0, '', '', '', 2021, 'as', 'Aktif', '', 'XII.MM', 'XII MM', 0),
(111, '2021.059.0', '', 'DINDA PUTRI', 1, '0061860512', 'TANGERANG', '2006-02-15', '123123123', 28, 'a', '', '', '', 'a', '1', '1', 'as', 'asd', 'asd', 123555, 'asd', 'asd', '2342424', '234452342', 'siswa1@gmail.com', 'qasd', 'asd', '234234234', '', '', 0, '', '', '', '', '', '', 0, '', '', '', '', '', '', 0, '', '', '', 2021, 'as', 'Aktif', '', 'XII.MM', 'XII MM', 0),
(112, '2021.059.0', '', 'ERLANGGA NURDIANSYAH PUTRA', 1, '0062157041', 'Tangerang', '2006-05-20', '123123123', 28, 'a', '', '', '', 'a', '1', '1', 'as', 'asd', 'asd', 123556, 'asd', 'asd', '2342424', '234452342', 'siswa1@gmail.com', 'qasd', 'asd', '234234234', '', '', 0, '', '', '', '', '', '', 0, '', '', '', '', '', '', 0, '', '', '', 2021, 'as', 'Aktif', '', 'XII.MM', 'XII MM', 0),
(113, '2021.059.0', '', 'FAHMI MUBAROK', 1, '0057111683', 'TANGERANG', '2005-09-11', '123123123', 28, 'a', '', '', '', 'a', '1', '1', 'as', 'asd', 'asd', 123557, 'asd', 'asd', '2342424', '234452342', 'siswa1@gmail.com', 'qasd', 'asd', '234234234', '', '', 0, '', '', '', '', '', '', 0, '', '', '', '', '', '', 0, '', '', '', 2021, 'as', 'Aktif', '', 'XII.MM', 'XII MM', 0),
(114, '2021.059.0', '', 'FATIH GHIFARI RAZAK', 1, '0053389939', 'JAKARTA', '2005-10-17', '123123123', 28, 'a', '', '', '', 'a', '1', '1', 'as', 'asd', 'asd', 123558, 'asd', 'asd', '2342424', '234452342', 'siswa1@gmail.com', 'qasd', 'asd', '234234234', '', '', 0, '', '', '', '', '', '', 0, '', '', '', '', '', '', 0, '', '', '', 2021, 'as', 'Aktif', '', 'XII.MM', 'XII MM', 0),
(115, '2021.059.0', '', 'HENDRA ANGGADA SAPTA ARGA', 1, '0053545731', 'TANGERANG', '2005-11-08', '123123123', 28, 'a', '', '', '', 'a', '1', '1', 'as', 'asd', 'asd', 123559, 'asd', 'asd', '2342424', '234452342', 'siswa1@gmail.com', 'qasd', 'asd', '234234234', '', '', 0, '', '', '', '', '', '', 0, '', '', '', '', '', '', 0, '', '', '', 2021, 'as', 'Aktif', '', 'XII.MM', 'XII MM', 0),
(116, '2021.059.0', '', 'Imelda Salma', 1, '0066066065', 'Tangerang', '2006-07-10', '123123123', 28, 'a', '', '', '', 'a', '1', '1', 'as', 'asd', 'asd', 123560, 'asd', 'asd', '2342424', '234452342', 'siswa1@gmail.com', 'qasd', 'asd', '234234234', '', '', 0, '', '', '', '', '', '', 0, '', '', '', '', '', '', 0, '', '', '', 2021, 'as', 'Aktif', '', 'XII.MM', 'XII MM', 0),
(117, '2020.059.0', '', 'Jemi Ali', 1, '0054882706', 'Tangerang', '2005-05-15', '123123123', 28, 'a', '', '', '', 'a', '1', '1', 'as', 'asd', 'asd', 123561, 'asd', 'asd', '2342424', '234452342', 'siswa1@gmail.com', 'qasd', 'asd', '234234234', '', '', 0, '', '', '', '', '', '', 0, '', '', '', '', '', '', 0, '', '', '', 2021, 'as', 'Aktif', '', 'XII.MM', 'XII MM', 0),
(118, '2021.059.0', '', 'LEONI LASTANIA', 1, '3041719680', 'TANGERANG', '2004-08-03', '123123123', 28, 'a', '', '', '', 'a', '1', '1', 'as', 'asd', 'asd', 123562, 'asd', 'asd', '2342424', '234452342', 'siswa1@gmail.com', 'qasd', 'asd', '234234234', '', '', 0, '', '', '', '', '', '', 0, '', '', '', '', '', '', 0, '', '', '', 2021, 'as', 'Aktif', '', 'XII.MM', 'XII MM', 0),
(119, '2021.059.0', '', 'M. WINNAR CELLO PERKASA', 1, '0046852460', 'JAKARTA', '2005-11-23', '123123123', 28, 'a', '', '', '', 'a', '1', '1', 'as', 'asd', 'asd', 123563, 'asd', 'asd', '2342424', '234452342', 'siswa1@gmail.com', 'qasd', 'asd', '234234234', '', '', 0, '', '', '', '', '', '', 0, '', '', '', '', '', '', 0, '', '', '', 2021, 'as', 'Aktif', '', 'XII.MM', 'XII MM', 0),
(120, '2021.059.0', '', 'MOCHAMMAD AZILA CAESAR NANDITO', 1, '0054731827', 'TANGERANG', '2005-12-21', '123123123', 28, 'a', '', '', '', 'a', '1', '1', 'as', 'asd', 'asd', 123564, 'asd', 'asd', '2342424', '234452342', 'siswa1@gmail.com', 'qasd', 'asd', '234234234', '', '', 0, '', '', '', '', '', '', 0, '', '', '', '', '', '', 0, '', '', '', 2021, 'as', 'Aktif', '', 'XII.MM', 'XII MM', 0),
(121, '2021.059.0', '', 'MUHAMMAD RAFFY', 1, '0062266973', 'Tangerang', '2006-04-24', '123123123', 28, 'a', '', '', '', 'a', '1', '1', 'as', 'asd', 'asd', 123565, 'asd', 'asd', '2342424', '234452342', 'siswa1@gmail.com', 'qasd', 'asd', '234234234', '', '', 0, '', '', '', '', '', '', 0, '', '', '', '', '', '', 0, '', '', '', 2021, 'as', 'Aktif', '', 'XII.MM', 'XII MM', 0),
(122, '2021.059.0', '', 'NEZA INDIRA APRIANI', 1, '0065984546', 'TANGERANG', '2006-02-24', '123123123', 28, 'a', '', '', '', 'a', '1', '1', 'as', 'asd', 'asd', 123566, 'asd', 'asd', '2342424', '234452342', 'siswa1@gmail.com', 'qasd', 'asd', '234234234', '', '', 0, '', '', '', '', '', '', 0, '', '', '', '', '', '', 0, '', '', '', 2021, 'as', 'Aktif', '', 'XII.MM', 'XII MM', 0),
(160, '', '', 'Fawwaz Yusron', 1, '53596989', 'Tangerang', '0000-00-00', '123123123', 28, 'a', '', '', '', 'a', '1', '1', 'as', 'asd', 'asd', 123604, 'asd', 'asd', '2342424', '234452342', 'siswa1@gmail.com', 'qasd', 'asd', '234234234', '', '', 0, '', '', '', '', '', '', 0, '', '', '', '', '', '', 0, '', '', '', 2021, 'as', 'Aktif', '', 'XII.TKJ', 'XII TKJ', 0),
(159, '2021.059.0', '', 'Farel Dicky Pratama Haryadi', 1, '64896699', 'Tangerang', '0000-00-00', '123123123', 28, 'a', '', '', '', 'a', '1', '1', 'as', 'asd', 'asd', 123603, 'asd', 'asd', '2342424', '234452342', 'siswa1@gmail.com', 'qasd', 'asd', '234234234', '', '', 0, '', '', '', '', '', '', 0, '', '', '', '', '', '', 0, '', '', '', 2021, 'as', 'Aktif', '', 'XII.TKJ', 'XII TKJ', 0),
(158, '2021.059.0', '', 'Darul Anam', 1, '3051198809', 'Brebes', '0000-00-00', '123123123', 28, 'a', '', '', '', 'a', '1', '1', 'as', 'asd', 'asd', 123602, 'asd', 'asd', '2342424', '234452342', 'siswa1@gmail.com', 'qasd', 'asd', '234234234', '', '', 0, '', '', '', '', '', '', 0, '', '', '', '', '', '', 0, '', '', '', 2021, 'as', 'Aktif', '', 'XII.TKJ', 'XII TKJ', 0),
(157, '2021.059.0', '', 'Daniel Setiawan', 1, '68808124', 'Tangerang', '0000-00-00', '123123123', 28, 'a', '', '', '', 'a', '1', '1', 'as', 'asd', 'asd', 123601, 'asd', 'asd', '2342424', '234452342', 'siswa1@gmail.com', 'qasd', 'asd', '234234234', '', '', 0, '', '', '', '', '', '', 0, '', '', '', '', '', '', 0, '', '', '', 2021, 'as', 'Aktif', '', 'XII.TKJ', 'XII TKJ', 0),
(156, '2021.059.0', '', 'Bagas Alfa Rizki', 1, '61496371', 'Tangerang', '0000-00-00', '123123123', 28, 'a', '', '', '', 'a', '1', '1', 'as', 'asd', 'asd', 123600, 'asd', 'asd', '2342424', '234452342', 'siswa1@gmail.com', 'qasd', 'asd', '234234234', '', '', 0, '', '', '', '', '', '', 0, '', '', '', '', '', '', 0, '', '', '', 2021, 'as', 'Aktif', '', 'XII.TKJ', 'XII TKJ', 0),
(155, '2021.059.0', '', 'Andika Setiawan', 1, '62926802', 'Tegal', '0000-00-00', '123123123', 28, 'a', '', '', '', 'a', '1', '1', 'as', 'asd', 'asd', 123599, 'asd', 'asd', '2342424', '234452342', 'siswa1@gmail.com', 'qasd', 'asd', '234234234', '', '', 0, '', '', '', '', '', '', 0, '', '', '', '', '', '', 0, '', '', '', 2021, 'as', 'Aktif', '', 'XII.TKJ', 'XII TKJ', 0),
(76, '202259001', '', 'AJIRA TRI UTAMI', 1, '0054826670', 'TANGERANG', '2007-03-01', '123123123', 28, 'a', '', '', '', 'a', '1', '1', 'as', 'asd', 'asd', 123520, 'asd', 'asd', '2342424', '234452342', 'siswa1@gmail.com', 'qasd', 'asd', '234234234', '', '', 0, '', '', '', '', '', '', 0, '', '', '', '', '', '', 0, '', '', '', 2022, 'as', 'Aktif', '', 'XI.AKL', 'XI AKL', 0),
(77, '202259002', '', 'ALISSA AULIA ACHMAD', 1, '0079450269', 'TANGERANG', '2007-05-25', '123123123', 28, 'a', '', '', '', 'a', '1', '1', 'as', 'asd', 'asd', 123521, 'asd', 'asd', '2342424', '234452342', 'siswa1@gmail.com', 'qasd', 'asd', '234234234', '', '', 0, '', '', '', '', '', '', 0, '', '', '', '', '', '', 0, '', '', '', 2022, 'as', 'Aktif', '', 'XI.AKL', 'XI AKL', 0),
(78, '202259003', '', 'CHAERUNISSA PUTRI MAULANA', 1, '0071487618', 'JAKARTA', '2007-02-15', '123123123', 28, 'a', '', '', '', 'a', '1', '1', 'as', 'asd', 'asd', 123522, 'asd', 'asd', '2342424', '234452342', 'siswa1@gmail.com', 'qasd', 'asd', '234234234', '', '', 0, '', '', '', '', '', '', 0, '', '', '', '', '', '', 0, '', '', '', 2022, 'as', 'Aktif', '', 'XI.AKL', 'XI AKL', 0),
(79, '202259004', '', 'CHECHELIA MAHARANI', 1, '0069714789', 'TANGERANG', '2006-01-31', '123123123', 28, 'a', '', '', '', 'a', '1', '1', 'as', 'asd', 'asd', 123523, 'asd', 'asd', '2342424', '234452342', 'siswa1@gmail.com', 'qasd', 'asd', '234234234', '', '', 0, '', '', '', '', '', '', 0, '', '', '', '', '', '', 0, '', '', '', 2022, 'as', 'Aktif', '', 'XI.AKL', 'XI AKL', 0),
(80, '202259005', '', 'Erni Sukaesih', 1, '0075681080', 'Brebes', '2007-05-20', '123123123', 28, 'a', '', '', '', 'a', '1', '1', 'as', 'asd', 'asd', 123524, 'asd', 'asd', '2342424', '234452342', 'siswa1@gmail.com', 'qasd', 'asd', '234234234', '', '', 0, '', '', '', '', '', '', 0, '', '', '', '', '', '', 0, '', '', '', 2022, 'as', 'Aktif', '', 'XI.AKL', 'XI AKL', 0),
(81, '202259006', '', 'HAFIDAH AGUSTIN', 1, '3076007164', 'TANGERANG', '2007-08-01', '123123123', 28, 'a', '', '', '', 'a', '1', '1', 'as', 'asd', 'asd', 123525, 'asd', 'asd', '2342424', '234452342', 'siswa1@gmail.com', 'qasd', 'asd', '234234234', '', '', 0, '', '', '', '', '', '', 0, '', '', '', '', '', '', 0, '', '', '', 2022, 'as', 'Aktif', '', 'XI.AKL', 'XI AKL', 0),
(82, '202259007', '', 'MUHAMMAD RIZKI RAMADHAN', 1, '0067753410', 'TANGERANG', '2006-10-12', '123123123', 28, 'a', '', '', '', 'a', '1', '1', 'as', 'asd', 'asd', 123526, 'asd', 'asd', '2342424', '234452342', 'siswa1@gmail.com', 'qasd', 'asd', '234234234', '', '', 0, '', '', '', '', '', '', 0, '', '', '', '', '', '', 0, '', '', '', 2022, 'as', 'Aktif', '', 'XI.AKL', 'XI AKL', 0),
(83, '202259008', '', 'Nayla Putri Sabrina', 1, '0072054883', 'Jakarta', '2007-05-08', '123123123', 28, 'a', '', '', '', 'a', '1', '1', 'as', 'asd', 'asd', 123527, 'asd', 'asd', '2342424', '234452342', 'siswa1@gmail.com', 'qasd', 'asd', '234234234', '', '', 0, '', '', '', '', '', '', 0, '', '', '', '', '', '', 0, '', '', '', 2022, 'as', 'Aktif', '', 'XI.AKL', 'XI AKL', 0),
(84, '202259009', '', 'Nia Adelliya', 1, '0063868278', 'Tangerang', '2006-05-23', '123123123', 28, 'a', '', '', '', 'a', '1', '1', 'as', 'asd', 'asd', 123528, 'asd', 'asd', '2342424', '234452342', 'siswa1@gmail.com', 'qasd', 'asd', '234234234', '', '', 0, '', '', '', '', '', '', 0, '', '', '', '', '', '', 0, '', '', '', 2022, 'as', 'Aktif', '', 'XI.AKL', 'XI AKL', 0),
(85, '202259010', '', 'Putri Aulia', 1, '0063970351', 'Tangerang', '2007-01-04', '123123123', 28, 'a', '', '', '', 'a', '1', '1', 'as', 'asd', 'asd', 123529, 'asd', 'asd', '2342424', '234452342', 'siswa1@gmail.com', 'qasd', 'asd', '234234234', '', '', 0, '', '', '', '', '', '', 0, '', '', '', '', '', '', 0, '', '', '', 2022, 'as', 'Aktif', '', 'XI.AKL', 'XI AKL', 0),
(86, '202259011', '', 'SINTA', 1, '0076587750', 'Karawang', '2007-01-10', '123123123', 28, 'a', '', '', '', 'a', '1', '1', 'as', 'asd', 'asd', 123530, 'asd', 'asd', '2342424', '234452342', 'siswa1@gmail.com', 'qasd', 'asd', '234234234', '', '', 0, '', '', '', '', '', '', 0, '', '', '', '', '', '', 0, '', '', '', 2022, 'as', 'Aktif', '', 'XI.AKL', 'XI AKL', 0),
(87, '202259012', '', 'Syifa Julianti Rabbani', 1, '0073405839', 'Tangerang', '2007-07-27', '123123123', 28, 'a', '', '', '', 'a', '1', '1', 'as', 'asd', 'asd', 123531, 'asd', 'asd', '2342424', '234452342', 'siswa1@gmail.com', 'qasd', 'asd', '234234234', '', '', 0, '', '', '', '', '', '', 0, '', '', '', '', '', '', 0, '', '', '', 2022, 'as', 'Aktif', '', 'XI.AKL', 'XI AKL', 0),
(88, '202259013', '', 'URIPAH', 1, '0075960573', 'JAKARTA', '2007-01-01', '123123123', 28, 'a', '', '', '', 'a', '1', '1', 'as', 'asd', 'asd', 123532, 'asd', 'asd', '2342424', '234452342', 'siswa1@gmail.com', 'qasd', 'asd', '234234234', '', '', 0, '', '', '', '', '', '', 0, '', '', '', '', '', '', 0, '', '', '', 2022, 'as', 'Aktif', '', 'XI.AKL', 'XI AKL', 0),
(89, '202259014', '', 'VINA PUSPITA DEWI', 1, '0073105521', 'JAKARTA', '2007-02-19', '123123123', 28, 'a', '', '', '', 'a', '1', '1', 'as', 'asd', 'asd', 123533, 'asd', 'asd', '2342424', '234452342', 'siswa1@gmail.com', 'qasd', 'asd', '234234234', '', '', 0, '', '', '', '', '', '', 0, '', '', '', '', '', '', 0, '', '', '', 2022, 'as', 'Aktif', '', 'XI.AKL', 'XI AKL', 0),
(90, '2021.059.0', '', 'Anggun Dwi Ramadani', 1, '0059835498', 'Tangerang', '2005-10-07', '123123123', 28, 'a', '', '', '', 'a', '1', '1', 'as', 'asd', 'asd', 123534, 'asd', 'asd', '2342424', '234452342', 'siswa1@gmail.com', 'qasd', 'asd', '234234234', '', '', 0, '', '', '', '', '', '', 0, '', '', '', '', '', '', 0, '', '', '', 2021, 'as', 'Aktif', '', 'XII.AKL', 'XII AKL', 0),
(91, '2021.059.0', '', 'ARFAH NURFADILAH', 1, '0064860402', 'TANGERANG', '2006-01-09', '123123123', 28, 'a', '', '', '', 'a', '1', '1', 'as', 'asd', 'asd', 123535, 'asd', 'asd', '2342424', '234452342', 'siswa1@gmail.com', 'qasd', 'asd', '234234234', '', '', 0, '', '', '', '', '', '', 0, '', '', '', '', '', '', 0, '', '', '', 2021, 'as', 'Aktif', '', 'XII.AKL', 'XII AKL', 0),
(92, '2021.059.0', '', 'Djenar Maesa Putri Awaludin', 1, '0062109532', 'Tangerang', '2007-01-27', '123123123', 28, 'a', '', '', '', 'a', '1', '1', 'as', 'asd', 'asd', 123536, 'asd', 'asd', '2342424', '234452342', 'siswa1@gmail.com', 'qasd', 'asd', '234234234', '', '', 0, '', '', '', '', '', '', 0, '', '', '', '', '', '', 0, '', '', '', 2021, 'as', 'Aktif', '', 'XII.AKL', 'XII AKL', 0),
(93, '2021.059.0', '', 'FELITA OKTADIANDRA', 1, '0069236262', 'TANGERANG', '2006-10-19', '123123123', 28, 'a', '', '', '', 'a', '1', '1', 'as', 'asd', 'asd', 123537, 'asd', 'asd', '2342424', '234452342', 'siswa1@gmail.com', 'qasd', 'asd', '234234234', '', '', 0, '', '', '', '', '', '', 0, '', '', '', '', '', '', 0, '', '', '', 2021, 'as', 'Aktif', '', 'XII.AKL', 'XII AKL', 0),
(94, '2021.059.0', '', 'Hanivah Rahmadani', 1, '0062947527', 'Jakarta', '2006-10-09', '123123123', 28, 'a', '', '', '', 'a', '1', '1', 'as', 'asd', 'asd', 123538, 'asd', 'asd', '2342424', '234452342', 'siswa1@gmail.com', 'qasd', 'asd', '234234234', '', '', 0, '', '', '', '', '', '', 0, '', '', '', '', '', '', 0, '', '', '', 2021, 'as', 'Aktif', '', 'XII.AKL', 'XII AKL', 0),
(95, '2021.059.0', '', 'JEANY DOMINIQUE AGISCA', 1, '0066743606', 'TANGERANG', '2006-04-17', '123123123', 28, 'a', '', '', '', 'a', '1', '1', 'as', 'asd', 'asd', 123539, 'asd', 'asd', '2342424', '234452342', 'siswa1@gmail.com', 'qasd', 'asd', '234234234', '', '', 0, '', '', '', '', '', '', 0, '', '', '', '', '', '', 0, '', '', '', 2021, 'as', 'Aktif', '', 'XII.AKL', 'XII AKL', 0),
(96, '2021.059.0', '', 'KHAYLA ADZRA AFIFA', 1, '0059538106', 'Tangerang', '2005-03-08', '123123123', 28, 'a', '', '', '', 'a', '1', '1', 'as', 'asd', 'asd', 123540, 'asd', 'asd', '2342424', '234452342', 'siswa1@gmail.com', 'qasd', 'asd', '234234234', '', '', 0, '', '', '', '', '', '', 0, '', '', '', '', '', '', 0, '', '', '', 2021, 'as', 'Aktif', '', 'XII.AKL', 'XII AKL', 0),
(97, '2021.059.0', '', 'LENI MEILANI', 1, '0063722224', 'TANGERANG', '2006-05-12', '123123123', 28, 'a', '', '', '', 'a', '1', '1', 'as', 'asd', 'asd', 123541, 'asd', 'asd', '2342424', '234452342', 'siswa1@gmail.com', 'qasd', 'asd', '234234234', '', '', 0, '', '', '', '', '', '', 0, '', '', '', '', '', '', 0, '', '', '', 2021, 'as', 'Aktif', '', 'XII.AKL', 'XII AKL', 0),
(98, '2021.059.0', '', 'MERI ANJANI', 1, '3065875661', 'TANGERANG', '2006-03-24', '123123123', 28, 'a', '', '', '', 'a', '1', '1', 'as', 'asd', 'asd', 123542, 'asd', 'asd', '2342424', '234452342', 'siswa1@gmail.com', 'qasd', 'asd', '234234234', '', '', 0, '', '', '', '', '', '', 0, '', '', '', '', '', '', 0, '', '', '', 2021, 'as', 'Aktif', '', 'XII.AKL', 'XII AKL', 0),
(99, '2021.059.0', '', 'Muhammad Rizki Fadillah', 1, '0069308098', 'Tangerang', '2006-07-31', '123123123', 28, 'a', '', '', '', 'a', '1', '1', 'as', 'asd', 'asd', 123543, 'asd', 'asd', '2342424', '234452342', 'siswa1@gmail.com', 'qasd', 'asd', '234234234', '', '', 0, '', '', '', '', '', '', 0, '', '', '', '', '', '', 0, '', '', '', 2021, 'as', 'Aktif', '', 'XII.AKL', 'XII AKL', 0),
(100, '2021.059.0', '', 'Novita Andin Syafitri', 1, '0055668099', 'Tangerang', '2005-11-16', '123123123', 28, 'a', '', '', '', 'a', '1', '1', 'as', 'asd', 'asd', 123544, 'asd', 'asd', '2342424', '234452342', 'siswa1@gmail.com', 'qasd', 'asd', '234234234', '', '', 0, '', '', '', '', '', '', 0, '', '', '', '', '', '', 0, '', '', '', 2021, 'as', 'Aktif', '', 'XII.AKL', 'XII AKL', 0),
(153, '2021.059.0', '', 'Ahmad Ananda Hadi Nugroho', 1, '3056376441', 'Tangerang', '0000-00-00', '123123123', 28, 'a', '', '', '', 'a', '1', '1', 'as', 'asd', 'asd', 123597, 'asd', 'asd', '2342424', '234452342', 'siswa1@gmail.com', 'qasd', 'asd', '234234234', '', '', 0, '', '', '', '', '', '', 0, '', '', '', '', '', '', 0, '', '', '', 2021, 'as', 'Aktif', '', 'XII.TKJ', 'XII TKJ', 0),
(154, '2021.059.0', '', 'Aldi Maulana Ilham', 1, '67572772', 'Tangerang', '0000-00-00', '123123123', 28, 'a', '', '', '', 'a', '1', '1', 'as', 'asd', 'asd', 123598, 'asd', 'asd', '2342424', '234452342', 'siswa1@gmail.com', 'qasd', 'asd', '234234234', '', '', 0, '', '', '', '', '', '', 0, '', '', '', '', '', '', 0, '', '', '', 2021, 'as', 'Aktif', '', 'XII.TKJ', 'XII TKJ', 0),
(152, '2021.059.0', '', 'Aditya Adryansyah', 1, '58395217', 'Tangerang', '0000-00-00', '123123123', 28, 'a', '', '', '', 'a', '1', '1', 'as', 'asd', 'asd', 123596, 'asd', 'asd', '2342424', '234452342', 'siswa1@gmail.com', 'qasd', 'asd', '234234234', '', '', 0, '', '', '', '', '', '', 0, '', '', '', '', '', '', 0, '', '', '', 2021, 'as', 'Aktif', '', 'XII.TKJ', 'XII TKJ', 0),
(149, '2021.059.0', '', 'TEVI ENJELINA', 1, '3062438404', 'TANGERANG', '2006-07-23', '123123123', 28, 'a', '', '', '', 'a', '1', '1', 'as', 'asd', 'asd', 123593, 'asd', 'asd', '2342424', '234452342', 'siswa1@gmail.com', 'qasd', 'asd', '234234234', '', '', 0, '', '', '', '', '', '', 0, '', '', '', '', '', '', 0, '', '', '', 2021, 'as', 'Aktif', '', 'XII.OTKP', 'XII OTKP', 0),
(150, '2021.059.0', '', 'TORIQ SHANAZ', 1, '3069155286', 'LEBAK', '2006-08-28', '123123123', 28, 'a', '', '', '', 'a', '1', '1', 'as', 'asd', 'asd', 123594, 'asd', 'asd', '2342424', '234452342', 'siswa1@gmail.com', 'qasd', 'asd', '234234234', '', '', 0, '', '', '', '', '', '', 0, '', '', '', '', '', '', 0, '', '', '', 2021, 'as', 'Aktif', '', 'XII.OTKP', 'XII OTKP', 0),
(151, '', '', 'TRI PRIWIDIANINGRUM', 1, '0052174955', 'Jakarta', '2005-03-02', '123123123', 28, 'a', '', '', '', 'a', '1', '1', 'as', 'asd', 'asd', 123595, 'asd', 'asd', '2342424', '234452342', 'siswa1@gmail.com', 'qasd', 'asd', '234234234', '', '', 0, '', '', '', '', '', '', 0, '', '', '', '', '', '', 0, '', '', '', 2021, 'as', 'Aktif', '', '', '', 0),
(147, '2021.059.0', '', 'SELLYPA NUR KHOLIZAH', 1, '0068425259', 'TANGERANG', '2006-06-02', '123123123', 28, 'a', '', '', '', 'a', '1', '1', 'as', 'asd', 'asd', 123591, 'asd', 'asd', '2342424', '234452342', 'siswa1@gmail.com', 'qasd', 'asd', '234234234', '', '', 0, '', '', '', '', '', '', 0, '', '', '', '', '', '', 0, '', '', '', 2021, 'as', 'Aktif', '', 'XII.OTKP', 'XII OTKP', 0),
(148, '', '', 'TALIA IRDJI AMANTA', 1, '0051726030', 'Jakarta', '2005-09-01', '123123123', 28, 'a', '', '', '', 'a', '1', '1', 'as', 'asd', 'asd', 123592, 'asd', 'asd', '2342424', '234452342', 'siswa1@gmail.com', 'qasd', 'asd', '234234234', '', '', 0, '', '', '', '', '', '', 0, '', '', '', '', '', '', 0, '', '', '', 2021, 'as', 'Aktif', '', 'XII.OTKP', 'XII OTKP', 0),
(146, '2021.059.0', '', 'RAJIB ABDURRAHMAN', 1, '0061550113', 'TANGERANG', '2006-08-07', '123123123', 28, 'a', '', '', '', 'a', '1', '1', 'as', 'asd', 'asd', 123590, 'asd', 'asd', '2342424', '234452342', 'siswa1@gmail.com', 'qasd', 'asd', '234234234', '', '', 0, '', '', '', '', '', '', 0, '', '', '', '', '', '', 0, '', '', '', 2021, 'as', 'Aktif', '', 'XII.OTKP', 'XII OTKP', 0),
(143, '2021.059.0', '', 'MUHAMMAD HAIDAR RAMADAN', 1, '0061401930', 'TANGERANG', '2006-10-23', '123123123', 28, 'a', '', '', '', 'a', '1', '1', 'as', 'asd', 'asd', 123587, 'asd', 'asd', '2342424', '234452342', 'siswa1@gmail.com', 'qasd', 'asd', '234234234', '', '', 0, '', '', '', '', '', '', 0, '', '', '', '', '', '', 0, '', '', '', 2021, 'as', 'Aktif', '', 'XII.OTKP', 'XII OTKP', 0),
(144, '2021.059.0', '', 'MUHAMMAD SAMSUL FAHRI', 1, '0049401443', 'TANGERANG', '2004-05-18', '123123123', 28, 'a', '', '', '', 'a', '1', '1', 'as', 'asd', 'asd', 123588, 'asd', 'asd', '2342424', '234452342', 'siswa1@gmail.com', 'qasd', 'asd', '234234234', '', '', 0, '', '', '', '', '', '', 0, '', '', '', '', '', '', 0, '', '', '', 2021, 'as', 'Aktif', '', 'XII.OTKP', 'XII OTKP', 0),
(145, '2021.059.0', '', 'MUHAMMAD TAUFIK SAIFULLOH', 1, '0064854681', 'TANGERANG', '2005-12-29', '123123123', 28, 'a', '', '', '', 'a', '1', '1', 'as', 'asd', 'asd', 123589, 'asd', 'asd', '2342424', '234452342', 'siswa1@gmail.com', 'qasd', 'asd', '234234234', '', '', 0, '', '', '', '', '', '', 0, '', '', '', '', '', '', 0, '', '', '', 2021, 'as', 'Aktif', '', 'XII.OTKP', 'XII OTKP', 0),
(140, '2021.059.0', '', 'JHONI ANDREAN', 1, '0058846123', 'TANGERANG', '2005-06-26', '123123123', 28, 'a', '', '', '', 'a', '1', '1', 'as', 'asd', 'asd', 123584, 'asd', 'asd', '2342424', '234452342', 'siswa1@gmail.com', 'qasd', 'asd', '234234234', '', '', 0, '', '', '', '', '', '', 0, '', '', '', '', '', '', 0, '', '', '', 2021, 'as', 'Aktif', '', 'XII.OTKP', 'XII OTKP', 0),
(141, '', '', 'KAMILAH MAULIDINA', 1, '0051157054', 'JAKARTA', '2005-04-22', '123123123', 28, 'a', '', '', '', 'a', '1', '1', 'as', 'asd', 'asd', 123585, 'asd', 'asd', '2342424', '234452342', 'siswa1@gmail.com', 'qasd', 'asd', '234234234', '', '', 0, '', '', '', '', '', '', 0, '', '', '', '', '', '', 0, '', '', '', 2021, 'as', 'Aktif', '', 'XII.OTKP', 'XII OTKP', 0),
(142, '', '', 'Lathiifah Nuur Jannah', 1, '0044795873', 'Tangerang', '2004-07-07', '123123123', 28, 'a', '', '', '', 'a', '1', '1', 'as', 'asd', 'asd', 123586, 'asd', 'asd', '2342424', '234452342', 'siswa1@gmail.com', 'qasd', 'asd', '234234234', '', '', 0, '', '', '', '', '', '', 0, '', '', '', '', '', '', 0, '', '', '', 2021, 'as', 'Aktif', '', 'XII.OTKP', 'XII OTKP', 0),
(137, '2021.059.0', '', 'ESTHA NOVALIANDRA', 1, '3058180233', 'TANGERANG', '2005-11-12', '123123123', 28, 'a', '', '', '', 'a', '1', '1', 'as', 'asd', 'asd', 123581, 'asd', 'asd', '2342424', '234452342', 'siswa1@gmail.com', 'qasd', 'asd', '234234234', '', '', 0, '', '', '', '', '', '', 0, '', '', '', '', '', '', 0, '', '', '', 2021, 'as', 'Aktif', '', 'XII.OTKP', 'XII OTKP', 0),
(138, '2021.050.0', '', 'FARHAN', 1, '0052889764', 'JAKARTA', '2005-12-12', '123123123', 28, 'a', '', '', '', 'a', '1', '1', 'as', 'asd', 'asd', 123582, 'asd', 'asd', '2342424', '234452342', 'siswa1@gmail.com', 'qasd', 'asd', '234234234', '', '', 0, '', '', '', '', '', '', 0, '', '', '', '', '', '', 0, '', '', '', 2021, 'as', 'Aktif', '', 'XII.OTKP', 'XII OTKP', 0),
(139, '2021.059.0', '', 'FARINA AZAHRA PUTRI', 1, '0067178393', 'TANGERANG', '2006-02-26', '123123123', 28, 'a', '', '', '', 'a', '1', '1', 'as', 'asd', 'asd', 123583, 'asd', 'asd', '2342424', '234452342', 'siswa1@gmail.com', 'qasd', 'asd', '234234234', '', '', 0, '', '', '', '', '', '', 0, '', '', '', '', '', '', 0, '', '', '', 2021, 'as', 'Aktif', '', 'XII.OTKP', 'XII OTKP', 0),
(133, '2021.059.0', '', 'Dea Maharani', 1, '0068892020', 'Banjar Sari', '2005-04-14', '123123123', 28, 'a', '', '', '', 'a', '1', '1', 'as', 'asd', 'asd', 123577, 'asd', 'asd', '2342424', '234452342', 'siswa1@gmail.com', 'qasd', 'asd', '234234234', '', '', 0, '', '', '', '', '', '', 0, '', '', '', '', '', '', 0, '', '', '', 2021, 'as', 'Aktif', '', 'XII.OTKP', 'XII OTKP', 0),
(134, '2021.059.0', '', 'DEDE KOMALA SARI', 1, '0019863895', 'TANGERANG', '2005-08-31', '123123123', 28, 'a', '', '', '', 'a', '1', '1', 'as', 'asd', 'asd', 123578, 'asd', 'asd', '2342424', '234452342', 'siswa1@gmail.com', 'qasd', 'asd', '234234234', '', '', 0, '', '', '', '', '', '', 0, '', '', '', '', '', '', 0, '', '', '', 2021, 'as', 'Aktif', '', 'XII.OTKP', 'XII OTKP', 0),
(135, '2021.059.0', '', 'DEVIKA APRILIA', 1, '0063997806', 'KOTA NAPAL', '2006-04-28', '123123123', 28, 'a', '', '', '', 'a', '1', '1', 'as', 'asd', 'asd', 123579, 'asd', 'asd', '2342424', '234452342', 'siswa1@gmail.com', 'qasd', 'asd', '234234234', '', '', 0, '', '', '', '', '', '', 0, '', '', '', '', '', '', 0, '', '', '', 2021, 'as', 'Aktif', '', 'XII.OTKP', 'XII OTKP', 0),
(136, '2021.059.0', '', 'ECAH FAREEL PEPRIYANTO', 1, '0061481426', 'Jakarta', '2006-02-11', '123123123', 28, 'a', '', '', '', 'a', '1', '1', 'as', 'asd', 'asd', 123580, 'asd', 'asd', '2342424', '234452342', 'siswa1@gmail.com', 'qasd', 'asd', '234234234', '', '', 0, '', '', '', '', '', '', 0, '', '', '', '', '', '', 0, '', '', '', 2021, 'as', 'Aktif', '', 'XII.OTKP', 'XII OTKP', 0),
(131, '2021.059.0', '', 'BAENI', 1, '0048365090', 'BANJAR', '2004-11-17', '123123123', 28, 'a', '', '', '', 'a', '1', '1', 'as', 'asd', 'asd', 123575, 'asd', 'asd', '2342424', '234452342', 'siswa1@gmail.com', 'qasd', 'asd', '234234234', '', '', 0, '', '', '', '', '', '', 0, '', '', '', '', '', '', 0, '', '', '', 2021, 'as', 'Aktif', '', 'XII.OTKP', 'XII OTKP', 0),
(132, '2021.059.0', '', 'CITRA RETNO PALUPI', 1, '0066534512', 'WONOGIRI', '2006-05-01', '123123123', 28, 'a', '', '', '', 'a', '1', '1', 'as', 'asd', 'asd', 123576, 'asd', 'asd', '2342424', '234452342', 'siswa1@gmail.com', 'qasd', 'asd', '234234234', '', '', 0, '', '', '', '', '', '', 0, '', '', '', '', '', '', 0, '', '', '', 2021, 'as', 'Aktif', '', 'XII.OTKP', 'XII OTKP', 0),
(128, '2021.059.0', '', 'ANDIKA LUVIYANSAH', 1, '0062109761', 'TANGERANG', '2006-06-22', '123123123', 28, 'a', '', '', '', 'a', '1', '1', 'as', 'asd', 'asd', 123572, 'asd', 'asd', '2342424', '234452342', 'siswa1@gmail.com', 'qasd', 'asd', '234234234', '', '', 0, '', '', '', '', '', '', 0, '', '', '', '', '', '', 0, '', '', '', 2021, 'as', 'Aktif', '', 'XII.OTKP', 'XII OTKP', 0),
(129, '2021.059.0', '', 'ANDRI BUDIMAN', 1, '0062471111', 'JAKARTA', '2006-01-25', '123123123', 28, 'a', '', '', '', 'a', '1', '1', 'as', 'asd', 'asd', 123573, 'asd', 'asd', '2342424', '234452342', 'siswa1@gmail.com', 'qasd', 'asd', '234234234', '', '', 0, '', '', '', '', '', '', 0, '', '', '', '', '', '', 0, '', '', '', 2021, 'as', 'Aktif', '', 'XII.OTKP', 'XII OTKP', 0),
(130, '2021.059.0', '', 'Azra Saputra', 1, '0065910659', 'Tangerang', '2006-09-11', '123123123', 28, 'a', '', '', '', 'a', '1', '1', 'as', 'asd', 'asd', 123574, 'asd', 'asd', '2342424', '234452342', 'siswa1@gmail.com', 'qasd', 'asd', '234234234', '', '', 0, '', '', '', '', '', '', 0, '', '', '', '', '', '', 0, '', '', '', 2021, 'as', 'Aktif', '', 'XII.OTKP', 'XII OTKP', 0),
(127, '2021.059.0', '', 'AISYAH KHUSNUL KHOIRIYAH', 1, '0053986231', 'TANGERANG', '2005-11-30', '123123123', 28, 'a', '', '', '', 'a', '1', '1', 'as', 'asd', 'asd', 123571, 'asd', 'asd', '2342424', '234452342', 'siswa1@gmail.com', 'qasd', 'asd', '234234234', '', '', 0, '', '', '', '', '', '', 0, '', '', '', '', '', '', 0, '', '', '', 2021, 'as', 'Aktif', '', 'XII.OTKP', 'XII OTKP', 0),
(125, '2021.059.0', '', 'THALIB RAMGANI', 1, '0046213598', 'TANGERANG', '2004-11-03', '123123123', 28, 'a', '', '', '', 'a', '1', '1', 'as', 'asd', 'asd', 123569, 'asd', 'asd', '2342424', '234452342', 'siswa1@gmail.com', 'qasd', 'asd', '234234234', '', '', 0, '', '', '', '', '', '', 0, '', '', '', '', '', '', 0, '', '', '', 2021, 'as', 'Aktif', '', 'XII.MM', 'XII MM', 0),
(126, '2021.059.0', '', 'AINUN SALSABILA PUTRI', 1, '0065868136', 'Pekan Baru', '2006-11-27', '123123123', 28, 'a', '', '', '', 'a', '1', '1', 'as', 'asd', 'asd', 123570, 'asd', 'asd', '2342424', '234452342', 'siswa1@gmail.com', 'qasd', 'asd', '234234234', '', '', 0, '', '', '', '', '', '', 0, '', '', '', '', '', '', 0, '', '', '', 2021, 'as', 'Aktif', '', 'XII.OTKP', 'XII OTKP', 0),
(124, '2021.059.0', '', 'Rizky Gustian', 1, '0044678568', 'Tangerang', '2006-08-16', '123123123', 28, 'a', '', '', '', 'a', '1', '1', 'as', 'asd', 'asd', 123568, 'asd', 'asd', '2342424', '234452342', 'siswa1@gmail.com', 'qasd', 'asd', '234234234', '', '', 0, '', '', '', '', '', '', 0, '', '', '', '', '', '', 0, '', '', '', 2021, 'as', 'Aktif', '', 'XII.MM', 'XII MM', 0),
(123, '2021.059.0', '', 'RIZALDI OTTOSURYA MOCHAMMAD', 1, '3060588989', 'DENPASAR', '2006-03-08', '123123123', 28, 'a', '', '', '', 'a', '1', '1', 'as', 'asd', 'asd', 123567, 'asd', 'asd', '2342424', '234452342', 'siswa1@gmail.com', 'qasd', 'asd', '234234234', '', '', 0, '', '', '', '', '', '', 0, '', '', '', '', '', '', 0, '', '', '', 2021, 'as', 'Aktif', '', 'XII.MM', 'XII MM', 0),
(107, '2021.059.0', '', 'Allysa Ramadhani Dyandra', 1, '0059130826', 'Jakarta', '2005-10-18', '123123123', 28, 'a', '', '', '', 'a', '1', '1', 'as', 'asd', 'asd', 123551, 'asd', 'asd', '2342424', '234452342', 'siswa1@gmail.com', 'qasd', 'asd', '234234234', '', '', 0, '', '', '', '', '', '', 0, '', '', '', '', '', '', 0, '', '', '', 2021, 'as', 'Aktif', '', 'XII.MM', 'XII MM', 0),
(106, '2021.059.0', '', 'ABIDZAR ALGIVARI', 1, '0056907389', 'TANGERANG', '2005-12-28', '123123123', 28, 'a', '', '', '', 'a', '1', '1', 'as', 'asd', 'asd', 123550, 'asd', 'asd', '2342424', '234452342', 'siswa1@gmail.com', 'qasd', 'asd', '234234234', '', '', 0, '', '', '', '', '', '', 0, '', '', '', '', '', '', 0, '', '', '', 2021, 'as', 'Aktif', '', 'XII.MM', 'XII MM', 0),
(101, '2021.059.0', '', 'PUTRI MELANI', 1, '0067742149', 'TANGERANG', '2006-05-07', '123123123', 28, 'a', '', '', '', 'a', '1', '1', 'as', 'asd', 'asd', 123545, 'asd', 'asd', '2342424', '234452342', 'siswa1@gmail.com', 'qasd', 'asd', '234234234', '', '', 0, '', '', '', '', '', '', 0, '', '', '', '', '', '', 0, '', '', '', 2021, 'as', 'Aktif', '', 'XII.AKL', 'XII AKL', 0),
(102, '2021.059.0', '', 'Saidah Nurul Aisah', 1, '0062035353', 'Tangerang', '2006-06-14', '123123123', 28, 'a', '', '', '', 'a', '1', '1', 'as', 'asd', 'asd', 123546, 'asd', 'asd', '2342424', '234452342', 'siswa1@gmail.com', 'qasd', 'asd', '234234234', '', '', 0, '', '', '', '', '', '', 0, '', '', '', '', '', '', 0, '', '', '', 2021, 'as', 'Aktif', '', 'XII.AKL', 'XII AKL', 0),
(103, '2021.059.0', '', 'Salma Handayani Alamsyah', 1, '0064537584', 'Tangerang', '2006-03-13', '123123123', 28, 'a', '', '', '', 'a', '1', '1', 'as', 'asd', 'asd', 123547, 'asd', 'asd', '2342424', '234452342', 'siswa1@gmail.com', 'qasd', 'asd', '234234234', '', '', 0, '', '', '', '', '', '', 0, '', '', '', '', '', '', 0, '', '', '', 2021, 'as', 'Aktif', '', 'XII.AKL', 'XII AKL', 0),
(104, '2021.059.0', '', 'SARI PUSPITA DEWI', 1, '0054580984', 'TANGERANG', '2005-09-10', '123123123', 28, 'a', '', '', '', 'a', '1', '1', 'as', 'asd', 'asd', 123548, 'asd', 'asd', '2342424', '234452342', 'siswa1@gmail.com', 'qasd', 'asd', '234234234', '', '', 0, '', '', '', '', '', '', 0, '', '', '', '', '', '', 0, '', '', '', 2021, 'as', 'Aktif', '', 'XII.AKL', 'XII AKL', 0),
(105, '2021.059.0', '', 'SHEILA SAFITRI', 1, '0052938722', 'JAKARTA', '2005-02-10', '123123123', 28, 'a', '', '', '', 'a', '1', '1', 'as', 'asd', 'asd', 123549, 'asd', 'asd', '2342424', '234452342', 'siswa1@gmail.com', 'qasd', 'asd', '234234234', '', '', 0, '', '', '', '', '', '', 0, '', '', '', '', '', '', 0, '', '', '', 2021, 'as', 'Aktif', '', 'XII.AKL', 'XII AKL', 0),
(74, '202259085', '', 'WICKY AHMAD CAESSAR', 1, '0066305926', 'Tangerang', '2006-09-15', '123123123', 28, 'a', '', '', '', 'a', '1', '1', 'as', 'asd', 'asd', 123518, 'asd', 'asd', '2342424', '234452342', 'siswa1@gmail.com', 'qasd', 'asd', '234234234', '', '', 0, '', '', '', '', '', '', 0, '', '', '', '', '', '', 0, '', '', '', 2022, 'as', 'Aktif', '', 'XI.MM', 'XI MM', 0),
(75, '202259086', '', 'YUMNA MADANIA', 1, '0065643184', 'TANGERANG', '2006-05-02', '123123123', 28, 'a', '', '', '', 'a', '1', '1', 'as', 'asd', 'asd', 123519, 'asd', 'asd', '2342424', '234452342', 'siswa1@gmail.com', 'qasd', 'asd', '234234234', '', '', 0, '', '', '', '', '', '', 0, '', '', '', '', '', '', 0, '', '', '', 2022, 'as', 'Aktif', '', 'XI.MM', 'XI MM', 0),
(71, '202259082', '', 'SYAFA AL SYAHRA FITRIANI', 1, '0075132055', 'PURBALINGGA', '2007-07-05', '123123123', 28, 'a', '', '', '', 'a', '1', '1', 'as', 'asd', 'asd', 123515, 'asd', 'asd', '2342424', '234452342', 'siswa1@gmail.com', 'qasd', 'asd', '234234234', '', '', 0, '', '', '', '', '', '', 0, '', '', '', '', '', '', 0, '', '', '', 2022, 'as', 'Aktif', '', 'XI.MM', 'XI MM', 0),
(72, '202259083', '', 'TEDI HERNAWAN', 1, '0078821945', 'TANGERANG', '2007-03-11', '123123123', 28, 'a', '', '', '', 'a', '1', '1', 'as', 'asd', 'asd', 123516, 'asd', 'asd', '2342424', '234452342', 'siswa1@gmail.com', 'qasd', 'asd', '234234234', '', '', 0, '', '', '', '', '', '', 0, '', '', '', '', '', '', 0, '', '', '', 2022, 'as', 'Aktif', '', 'XI.MM', 'XI MM', 0),
(73, '202259084', '', 'TIARA ANGGRAINI', 1, '0067365552', 'TANGERANG', '2006-06-07', '123123123', 28, 'a', '', '', '', 'a', '1', '1', 'as', 'asd', 'asd', 123517, 'asd', 'asd', '2342424', '234452342', 'siswa1@gmail.com', 'qasd', 'asd', '234234234', '', '', 0, '', '', '', '', '', '', 0, '', '', '', '', '', '', 0, '', '', '', 2022, 'as', 'Aktif', '', 'XI.MM', 'XI MM', 0),
(70, '202259087', '', 'Surya Bayhaq\'qi Syamkhair', 1, '0069129444', 'Tangerang', '2006-01-27', '123123123', 28, 'a', '', '', '', 'a', '1', '1', 'as', 'asd', 'asd', 123514, 'asd', 'asd', '2342424', '234452342', 'siswa1@gmail.com', 'qasd', 'asd', '234234234', '', '', 0, '', '', '', '', '', '', 0, '', '', '', '', '', '', 0, '', '', '', 2022, 'as', 'Aktif', '', 'XI.MM', 'XI MM', 0),
(69, '202259081', '', 'Salsabila Khoirunisa', 1, '0071870973', 'Tangerang', '2007-04-10', '123123123', 28, 'a', '', '', '', 'a', '1', '1', 'as', 'asd', 'asd', 123513, 'asd', 'asd', '2342424', '234452342', 'siswa1@gmail.com', 'qasd', 'asd', '234234234', '', '', 0, '', '', '', '', '', '', 0, '', '', '', '', '', '', 0, '', '', '', 2022, 'as', 'Aktif', '', 'XI.MM', 'XI MM', 0),
(66, '202259078', '', 'Rafi Abdullah', 1, '0076739668', 'Tangerang', '2007-03-01', '123123123', 28, 'a', '', '', '', 'a', '1', '1', 'as', 'asd', 'asd', 123510, 'asd', 'asd', '2342424', '234452342', 'siswa1@gmail.com', 'qasd', 'asd', '234234234', '', '', 0, '', '', '', '', '', '', 0, '', '', '', '', '', '', 0, '', '', '', 2022, 'as', 'Aktif', '', 'XI.MM', 'XI MM', 0),
(67, '202259079', '', 'RASSYA AYUS TRIAS SISCAWATI', 1, '0063189472', 'TANGERANG', '2006-07-31', '123123123', 28, 'a', '', '', '', 'a', '1', '1', 'as', 'asd', 'asd', 123511, 'asd', 'asd', '2342424', '234452342', 'siswa1@gmail.com', 'qasd', 'asd', '234234234', '', '', 0, '', '', '', '', '', '', 0, '', '', '', '', '', '', 0, '', '', '', 2022, 'as', 'Aktif', '', 'XI.MM', 'XI MM', 0),
(68, '202259080', '', 'Sahda Nabilah', 1, '0078538267', 'Tangerang', '2007-01-21', '123123123', 28, 'a', '', '', '', 'a', '1', '1', 'as', 'asd', 'asd', 123512, 'asd', 'asd', '2342424', '234452342', 'siswa1@gmail.com', 'qasd', 'asd', '234234234', '', '', 0, '', '', '', '', '', '', 0, '', '', '', '', '', '', 0, '', '', '', 2022, 'as', 'Aktif', '', 'XI.MM', 'XI MM', 0),
(65, '202259077', '', 'NAYLA DANISH AYESHA', 1, '0074732437', 'TANGERANG', '2007-06-25', '123123123', 28, 'a', '', '', '', 'a', '1', '1', 'as', 'asd', 'asd', 123509, 'asd', 'asd', '2342424', '234452342', 'siswa1@gmail.com', 'qasd', 'asd', '234234234', '', '', 0, '', '', '', '', '', '', 0, '', '', '', '', '', '', 0, '', '', '', 2022, 'as', 'Aktif', '', 'XI.MM', 'XI MM', 0),
(64, '202259076', '', 'NADILLA AULIA RUSDIANA', 1, '0079515620', 'TANGERANG', '2007-03-04', '123123123', 28, 'a', '', '', '', 'a', '1', '1', 'as', 'asd', 'asd', 123508, 'asd', 'asd', '2342424', '234452342', 'siswa1@gmail.com', 'qasd', 'asd', '234234234', '', '', 0, '', '', '', '', '', '', 0, '', '', '', '', '', '', 0, '', '', '', 2022, 'as', 'Aktif', '', 'XI.MM', 'XI MM', 0),
(63, '202259075', '', 'MUTIARA AFIRAH HANUM', 1, '0066323665', 'Jakarta', '2006-08-19', '123123123', 28, 'a', '', '', '', 'a', '1', '1', 'as', 'asd', 'asd', 123507, 'asd', 'asd', '2342424', '234452342', 'siswa1@gmail.com', 'qasd', 'asd', '234234234', '', '', 0, '', '', '', '', '', '', 0, '', '', '', '', '', '', 0, '', '', '', 2022, 'as', 'Aktif', '', 'XI.MM', 'XI MM', 0),
(62, '202259074', '', 'Muhammad Rahmatullah Raihan Hafizh', 1, '0079851000', 'Pangkalpinang', '2007-02-02', '123123123', 28, 'a', '', '', '', 'a', '1', '1', 'as', 'asd', 'asd', 123506, 'asd', 'asd', '2342424', '234452342', 'siswa1@gmail.com', 'qasd', 'asd', '234234234', '', '', 0, '', '', '', '', '', '', 0, '', '', '', '', '', '', 0, '', '', '', 2022, 'as', 'Aktif', '', 'XI.MM', 'XI MM', 0),
(61, '202259072', '', 'MUHAMMAD GHANI', 1, '0072430629', 'TANGERANG', '2007-02-12', '123123123', 28, 'a', '', '', '', 'a', '1', '1', 'as', 'asd', 'asd', 123505, 'asd', 'asd', '2342424', '234452342', 'siswa1@gmail.com', 'qasd', 'asd', '234234234', '', '', 0, '', '', '', '', '', '', 0, '', '', '', '', '', '', 0, '', '', '', 2022, 'as', 'Aktif', '', 'XI.MM', 'XI MM', 0),
(59, '202259073', '', 'MUHAMAD GILANG RAMADHAN', 1, '0058983836', 'TANGERANG', '2005-10-13', '123123123', 28, 'a', '', '', '', 'a', '1', '1', 'as', 'asd', 'asd', 123503, 'asd', 'asd', '2342424', '234452342', 'siswa1@gmail.com', 'qasd', 'asd', '234234234', '', '', 0, '', '', '', '', '', '', 0, '', '', '', '', '', '', 0, '', '', '', 2022, 'as', 'Aktif', '', 'XI.MM', 'XI MM', 0),
(60, '202259071', '', 'MUHAMMAD DZIDNI ILMANSYAH', 1, '0071679050', 'TANGERANG', '2007-08-22', '123123123', 28, 'a', '', '', '', 'a', '1', '1', 'as', 'asd', 'asd', 123504, 'asd', 'asd', '2342424', '234452342', 'siswa1@gmail.com', 'qasd', 'asd', '234234234', '', '', 0, '', '', '', '', '', '', 0, '', '', '', '', '', '', 0, '', '', '', 2022, 'as', 'Aktif', '', 'XI.MM', 'XI MM', 0),
(58, '202259070', '', 'Mohamad Farel Aldyan', 1, '0079570439', 'Jakarta', '2007-05-03', '123123123', 28, 'a', '', '', '', 'a', '1', '1', 'as', 'asd', 'asd', 123502, 'asd', 'asd', '2342424', '234452342', 'siswa1@gmail.com', 'qasd', 'asd', '234234234', '', '', 0, '', '', '', '', '', '', 0, '', '', '', '', '', '', 0, '', '', '', 2022, 'as', 'Aktif', '', 'XI.MM', 'XI MM', 0),
(56, '202259068', '', 'Lulu Nur Salsabila', 1, '0079152367', 'Tangerang', '2007-09-04', '123123123', 28, 'a', '', '', '', 'a', '1', '1', 'as', 'asd', 'asd', 123500, 'asd', 'asd', '2342424', '234452342', 'siswa1@gmail.com', 'qasd', 'asd', '234234234', '', '', 0, '', '', '', '', '', '', 0, '', '', '', '', '', '', 0, '', '', '', 2022, 'as', 'Aktif', '', 'XI.MM', 'XI MM', 0),
(57, '202259069', '', 'MARDIYANA SAFIROH', 1, '3072929776', 'Tangerang', '2007-02-17', '123123123', 28, 'a', '', '', '', 'a', '1', '1', 'as', 'asd', 'asd', 123501, 'asd', 'asd', '2342424', '234452342', 'siswa1@gmail.com', 'qasd', 'asd', '234234234', '', '', 0, '', '', '', '', '', '', 0, '', '', '', '', '', '', 0, '', '', '', 2022, 'as', 'Aktif', '', 'XI.MM', 'XI MM', 0),
(55, '202259067', '', 'Khalissa Najla Putri Hermawan', 1, '0078675593', 'Tangerang', '2007-08-16', '123123123', 28, 'a', '', '', '', 'a', '1', '1', 'as', 'asd', 'asd', 123499, 'asd', 'asd', '2342424', '234452342', 'siswa1@gmail.com', 'qasd', 'asd', '234234234', '', '', 0, '', '', '', '', '', '', 0, '', '', '', '', '', '', 0, '', '', '', 2022, 'as', 'Aktif', '', 'XI.MM', 'XI MM', 0),
(54, '202259066', '', 'IMAS KHOLIFAH', 1, '0078936991', 'TANGERANG', '2007-04-17', '123123123', 28, 'a', '', '', '', 'a', '1', '1', 'as', 'asd', 'asd', 123498, 'asd', 'asd', '2342424', '234452342', 'siswa1@gmail.com', 'qasd', 'asd', '234234234', '', '', 0, '', '', '', '', '', '', 0, '', '', '', '', '', '', 0, '', '', '', 2022, 'as', 'Aktif', '', 'XI.MM', 'XI MM', 0),
(52, '202259065', '', 'DAVA PUTRA RAMADHAN', 1, '0073602878', 'TANGERANG', '2006-10-01', '123123123', 28, 'a', '', '', '', 'a', '1', '1', 'as', 'asd', 'asd', 123496, 'asd', 'asd', '2342424', '234452342', 'siswa1@gmail.com', 'qasd', 'asd', '234234234', '', '', 0, '', '', '', '', '', '', 0, '', '', '', '', '', '', 0, '', '', '', 2022, 'as', 'Aktif', '', 'XI.MM', 'XI MM', 0),
(53, '202259089', '', 'ILHAM HABIBI LUBIS', 1, '0063339838', 'TANGERANG', '2006-08-04', '123123123', 28, 'a', '', '', '', 'a', '1', '1', 'as', 'asd', 'asd', 123497, 'asd', 'asd', '2342424', '234452342', 'siswa1@gmail.com', 'qasd', 'asd', '234234234', '', '', 0, '', '', '', '', '', '', 0, '', '', '', '', '', '', 0, '', '', '', 2022, 'as', 'Aktif', '', 'XI.MM', 'XI MM', 0),
(51, '202259064', '', 'ALFARABI SINATRYA KUSUMAH', 1, '0073982142', 'Jakarta', '2007-03-17', '123123123', 28, 'a', '', '', '', 'a', '1', '1', 'as', 'asd', 'asd', 123495, 'asd', 'asd', '2342424', '234452342', 'siswa1@gmail.com', 'qasd', 'asd', '234234234', '', '', 0, '', '', '', '', '', '', 0, '', '', '', '', '', '', 0, '', '', '', 2022, 'as', 'Aktif', '', 'XI.MM', 'XI MM', 0),
(49, '202259062', '', 'Abdul Hafist Mubarok', 1, '0078748141', 'Tangerang', '2007-05-17', '123123123', 28, 'a', '', '', '', 'a', '1', '1', 'as', 'asd', 'asd', 123493, 'asd', 'asd', '2342424', '234452342', 'siswa1@gmail.com', 'qasd', 'asd', '234234234', '', '', 0, '', '', '', '', '', '', 0, '', '', '', '', '', '', 0, '', '', '', 2022, 'as', 'Aktif', '', 'XI.MM', 'XI MM', 0),
(50, '202259063', '', 'Aisyah Putri Dinanti', 1, '0079625895', 'Jambi', '2007-07-20', '123123123', 28, 'a', '', '', '', 'a', '1', '1', 'as', 'asd', 'asd', 123494, 'asd', 'asd', '2342424', '234452342', 'siswa1@gmail.com', 'qasd', 'asd', '234234234', '', '', 0, '', '', '', '', '', '', 0, '', '', '', '', '', '', 0, '', '', '', 2022, 'as', 'Aktif', '', 'XI.MM', 'XI MM', 0),
(48, '202259041', '', 'ZAHFIRAH RACHMAWATI', 1, '0061076189', 'TANGERANG', '2006-07-26', '123123123', 28, 'a', '', '', '', 'a', '1', '1', 'as', 'asd', 'asd', 123492, 'asd', 'asd', '2342424', '234452342', 'siswa1@gmail.com', 'qasd', 'asd', '234234234', '', '', 0, '', '', '', '', '', '', 0, '', '', '', '', '', '', 0, '', '', '', 2022, 'as', 'Aktif', '', 'XI.OTKP', 'XI OTKP', 0),
(47, '202259040', '', 'WULAN HANDAYANI', 1, '0072551090', 'TANGERANG', '2007-04-08', '123123123', 27, 'a', '', '', '', 'a', '1', '1', 'as', 'asd', 'asd', 123491, 'asd', 'asd', '2342424', '234452342', 'siswa1@gmail.com', 'qasd', 'asd', '234234234', '', '', 0, '', '', '', '', '', '', 0, '', '', '', '', '', '', 0, '', '', '', 2022, 'as', 'Aktif', '', 'XI.OTKP', 'XI OTKP', 0),
(46, '202259039', '', 'SITI FATIMAH', 1, '0064286262', 'JAKARTA', '2006-11-28', '123123123', 26, 'a', '', '', '', 'a', '1', '1', 'as', 'asd', 'asd', 123490, 'asd', 'asd', '2342424', '234452342', 'siswa1@gmail.com', 'qasd', 'asd', '234234234', '', '', 0, '', '', '', '', '', '', 0, '', '', '', '', '', '', 0, '', '', '', 2022, 'as', 'Aktif', '', 'XI.OTKP', 'XI OTKP', 0),
(45, '202259038', '', 'SITI AISYAH', 1, '0087993864', 'JAKARTA', '2006-11-28', '123123123', 25, 'a', '', '', '', 'a', '1', '1', 'as', 'asd', 'asd', 123489, 'asd', 'asd', '2342424', '234452342', 'siswa1@gmail.com', 'qasd', 'asd', '234234234', '', '', 0, '', '', '', '', '', '', 0, '', '', '', '', '', '', 0, '', '', '', 2022, 'as', 'Aktif', '', 'XI.OTKP', 'XI OTKP', 0),
(44, '202259037', '', 'Shello Marcella Giandra', 1, '0074860594', 'Tangerang', '2007-03-09', '123123123', 24, 'a', '', '', '', 'a', '1', '1', 'as', 'asd', 'asd', 123488, 'asd', 'asd', '2342424', '234452342', 'siswa1@gmail.com', 'qasd', 'asd', '234234234', '', '', 0, '', '', '', '', '', '', 0, '', '', '', '', '', '', 0, '', '', '', 2022, 'as', 'Aktif', '', 'XI.OTKP', 'XI OTKP', 0),
(42, '202259035', '', 'Savira Nurfadilah', 1, '0077941600', 'Tangerang', '2007-07-02', '123123123', 22, 'a', '', '', '', 'a', '1', '1', 'as', 'asd', 'asd', 123486, 'asd', 'asd', '2342424', '234452342', 'siswa1@gmail.com', 'qasd', 'asd', '234234234', '', '', 0, '', '', '', '', '', '', 0, '', '', '', '', '', '', 0, '', '', '', 2022, 'as', 'Aktif', '', 'XI.OTKP', 'XI OTKP', 0),
(43, '202259036', '', 'Septiani Mandasari', 1, '0078902668', 'Tangerang', '2007-09-22', '123123123', 23, 'a', '', '', '', 'a', '1', '1', 'as', 'asd', 'asd', 123487, 'asd', 'asd', '2342424', '234452342', 'siswa1@gmail.com', 'qasd', 'asd', '234234234', '', '', 0, '', '', '', '', '', '', 0, '', '', '', '', '', '', 0, '', '', '', 2022, 'as', 'Aktif', '', 'XI.OTKP', 'XI OTKP', 0),
(41, '202259034', '', 'RIZKA AZZAHRA', 1, '0053722424', 'TANGERANG', '2005-09-29', '123123123', 21, 'a', '', '', '', 'a', '1', '1', 'as', 'asd', 'asd', 123485, 'asd', 'asd', '2342424', '234452342', 'siswa1@gmail.com', 'qasd', 'asd', '234234234', '', '', 0, '', '', '', '', '', '', 0, '', '', '', '', '', '', 0, '', '', '', 2022, 'as', 'Aktif', '', 'XI.OTKP', 'XI OTKP', 0),
(40, '202259033', '', 'RIFFA FABIANO RIZKI', 1, '0068113677', 'TANGERANG', '2006-11-14', '123123123', 20, 'a', '', '', '', 'a', '1', '1', 'as', 'asd', 'asd', 123484, 'asd', 'asd', '2342424', '234452342', 'siswa1@gmail.com', 'qasd', 'asd', '234234234', '', '', 0, '', '', '', '', '', '', 0, '', '', '', '', '', '', 0, '', '', '', 2022, 'as', 'Aktif', '', 'XI.OTKP', 'XI OTKP', 0),
(39, '202259032', '', 'Raya Ahmad', 1, '0073233987', 'Tangerang', '2006-02-27', '123123123', 19, 'a', '', '', '', 'a', '1', '1', 'as', 'asd', 'asd', 123483, 'asd', 'asd', '2342424', '234452342', 'siswa1@gmail.com', 'qasd', 'asd', '234234234', '', '', 0, '', '', '', '', '', '', 0, '', '', '', '', '', '', 0, '', '', '', 2022, 'as', 'Aktif', '', 'XI.OTKP', 'XI OTKP', 0),
(37, '202259030', '', 'NAYLA RAHADATUL AISY', 1, '0064383962', 'WONOSOBO', '2006-11-21', '123123123', 17, 'a', '', '', '', 'a', '1', '1', 'as', 'asd', 'asd', 123481, 'asd', 'asd', '2342424', '234452342', 'siswa1@gmail.com', 'qasd', 'asd', '234234234', '', '', 0, '', '', '', '', '', '', 0, '', '', '', '', '', '', 0, '', '', '', 2022, 'as', 'Aktif', '', 'XI.OTKP', 'XI OTKP', 0),
(38, '202259031', '', 'Nuri Irfani', 1, '0074127163', 'Tangerang', '2007-06-27', '123123123', 18, 'a', '', '', '', 'a', '1', '1', 'as', 'asd', 'asd', 123482, 'asd', 'asd', '2342424', '234452342', 'siswa1@gmail.com', 'qasd', 'asd', '234234234', '', '', 0, '', '', '', '', '', '', 0, '', '', '', '', '', '', 0, '', '', '', 2022, 'as', 'Aktif', '', 'XI.OTKP', 'XI OTKP', 0);
INSERT INTO `rb_siswa` (`id_siswa`, `nipd`, `password`, `nama`, `id_jenis_kelamin`, `nisn`, `tempat_lahir`, `tanggal_lahir`, `nik`, `id_agama`, `kebutuhan_khusus`, `asal_sekolah`, `tanggal_terima`, `tanggal_sah`, `alamat`, `rt`, `rw`, `dusun`, `kelurahan`, `kecamatan`, `kode_pos`, `jenis_tinggal`, `alat_transportasi`, `telepon`, `hp`, `email`, `skhun`, `penerima_kps`, `no_kps`, `foto`, `nama_ayah`, `tahun_lahir_ayah`, `pendidikan_ayah`, `pekerjaan_ayah`, `penghasilan_ayah`, `kebutuhan_khusus_ayah`, `no_telpon_ayah`, `nama_ibu`, `tahun_lahir_ibu`, `pendidikan_ibu`, `pekerjaan_ibu`, `penghasilan_ibu`, `kebutuhan_khusus_ibu`, `no_telpon_ibu`, `nama_wali`, `tahun_lahir_wali`, `pendidikan_wali`, `pekerjaan_wali`, `penghasilan_wali`, `angkatan`, `status_awal`, `status_siswa`, `tingkat`, `kode_kelas`, `kode_jurusan`, `id_sesi`) VALUES
(35, '202259027', '', 'Muhammad Fathir Awaluddin', 1, '0062039581', 'Tangerang', '2006-10-28', '123123123', 15, 'a', '', '', '', 'a', '1', '1', 'as', 'asd', 'asd', 123479, 'asd', 'asd', '2342424', '234452342', 'siswa1@gmail.com', 'qasd', 'asd', '234234234', '', '', 0, '', '', '', '', '', '', 0, '', '', '', '', '', '', 0, '', '', '', 2022, 'as', 'Aktif', '', 'XI.OTKP', 'XI OTKP', 0),
(36, '202259029', '', 'NABILA TRI KHASANAH', 1, '0077364127', 'TANGERANG', '2007-03-24', '123123123', 16, 'a', '', '', '', 'a', '1', '1', 'as', 'asd', 'asd', 123480, 'asd', 'asd', '2342424', '234452342', 'siswa1@gmail.com', 'qasd', 'asd', '234234234', '', '', 0, '', '', '', '', '', '', 0, '', '', '', '', '', '', 0, '', '', '', 2022, 'as', 'Aktif', '', 'XI.OTKP', 'XI OTKP', 0),
(34, '202259026', '', 'MUHAMMAD ARDANA TSAQIB', 1, '0068094956', 'JAKARTA', '2006-06-17', '123123123', 14, 'a', '', '', '', 'a', '1', '1', 'as', 'asd', 'asd', 123478, 'asd', 'asd', '2342424', '234452342', 'siswa1@gmail.com', 'qasd', 'asd', '234234234', '', '', 0, '', '', '', '', '', '', 0, '', '', '', '', '', '', 0, '', '', '', 2022, 'as', 'Aktif', '', 'XI.OTKP', 'XI OTKP', 0),
(33, '202259025', '', 'Muhammad Andrian', 1, '0056910835', 'Tangerang', '2005-08-04', '123123123', 13, 'a', '', '', '', 'a', '1', '1', 'as', 'asd', 'asd', 123477, 'asd', 'asd', '2342424', '234452342', 'siswa1@gmail.com', 'qasd', 'asd', '234234234', '', '', 0, '', '', '', '', '', '', 0, '', '', '', '', '', '', 0, '', '', '', 2022, 'as', 'Aktif', '', 'XI.OTKP', 'XI OTKP', 0),
(32, '202259028', '', 'Muhamad Zaki Karsita', 1, '0074609671', 'Tangerang', '2007-05-10', '123123123', 12, 'a', '', '', '', 'a', '1', '1', 'as', 'asd', 'asd', 123476, 'asd', 'asd', '2342424', '234452342', 'siswa1@gmail.com', 'qasd', 'asd', '234234234', '', '', 0, '', '', '', '', '', '', 0, '', '', '', '', '', '', 0, '', '', '', 2022, 'as', 'Aktif', '', 'XI.OTKP', 'XI OTKP', 0),
(30, '202259023', '', 'KEYLA GADIS RAHMADINI', 1, '0075245886', 'JAKARTA', '2007-07-23', '123123123', 10, 'a', '', '', '', 'a', '1', '1', 'as', 'asd', 'asd', 123474, 'asd', 'asd', '2342424', '234452342', 'siswa1@gmail.com', 'qasd', 'asd', '234234234', '', '', 0, '', '', '', '', '', '', 0, '', '', '', '', '', '', 0, '', '', '', 2022, 'as', 'Aktif', '', 'XI.OTKP', 'XI OTKP', 0),
(31, '202259024', '', 'MAYLANI AYU PUTRI', 1, '0079792631', 'TANGERANG', '2007-05-19', '123123123', 11, 'a', '', '', '', 'a', '1', '1', 'as', 'asd', 'asd', 123475, 'asd', 'asd', '2342424', '234452342', 'siswa1@gmail.com', 'qasd', 'asd', '234234234', '', '', 0, '', '', '', '', '', '', 0, '', '', '', '', '', '', 0, '', '', '', 2022, 'as', 'Aktif', '', 'XI.OTKP', 'XI OTKP', 0),
(29, '202259022', '', 'GITA PURNAMA', 1, '0077530753', 'BEKASI', '2007-09-07', '123123123', 9, 'a', '', '', '', 'a', '1', '1', 'as', 'asd', 'asd', 123473, 'asd', 'asd', '2342424', '234452342', 'siswa1@gmail.com', 'qasd', 'asd', '234234234', '', '', 0, '', '', '', '', '', '', 0, '', '', '', '', '', '', 0, '', '', '', 2022, 'as', 'Aktif', '', 'XI.OTKP', 'XI OTKP', 0),
(28, '202259021', '', 'FITRI NURAINI', 1, '0062531839', 'TANGERANG', '2006-10-16', '123123123', 8, 'a', '', '', '', 'a', '1', '1', 'as', 'asd', 'asd', 123472, 'asd', 'asd', '2342424', '234452342', 'siswa1@gmail.com', 'qasd', 'asd', '234234234', '', '', 0, '', '', '', '', '', '', 0, '', '', '', '', '', '', 0, '', '', '', 2022, 'as', 'Aktif', '', 'XI.OTKP', 'XI OTKP', 0),
(27, '202259020', '', 'Erlin Azzahra', 1, '0075522616', 'Tangerang', '2007-04-10', '123123123', 7, 'a', '', '', '', 'a', '1', '1', 'as', 'asd', 'asd', 123471, 'asd', 'asd', '2342424', '234452342', 'siswa1@gmail.com', 'qasd', 'asd', '234234234', '', '', 0, '', '', '', '', '', '', 0, '', '', '', '', '', '', 0, '', '', '', 2022, 'as', 'Aktif', '', 'XI.OTKP', 'XI OTKP', 0),
(26, '202259019', '', 'CESC FATILUNAMA', 1, '0072254010', 'TANGERANG', '2007-11-26', '123123123', 6, 'a', '', '', '', 'a', '1', '1', 'as', 'asd', 'asd', 123470, 'asd', 'asd', '2342424', '234452342', 'siswa1@gmail.com', 'qasd', 'asd', '234234234', '', '', 0, '', '', '', '', '', '', 0, '', '', '', '', '', '', 0, '', '', '', 2022, 'as', 'Aktif', '', 'XI.OTKP', 'XI OTKP', 0),
(25, '202259018', '', 'Anya Kurnia Sari', 1, '0064975085', 'Tangerang', '2006-09-11', '123123123', 5, 'a', '', '', '', 'a', '1', '1', 'as', 'asd', 'asd', 123469, 'asd', 'asd', '2342424', '234452342', 'siswa1@gmail.com', 'qasd', 'asd', '234234234', '', '', 0, '', '', '', '', '', '', 0, '', '', '', '', '', '', 0, '', '', '', 2022, 'as', 'Aktif', '', 'XI.OTKP', 'XI OTKP', 0),
(23, '202259016', '', 'AJI FALAKHUL ANAN', 1, '0075385812', 'PEMALANG', '2007-01-19', '123123123', 3, 'a', '', '', '', 'a', '1', '1', 'as', 'asd', 'asd', 123467, 'asd', 'asd', '2342424', '234452342', 'siswa1@gmail.com', 'qasd', 'asd', '234234234', '', '', 0, '', '', '', '', '', '', 0, '', '', '', '', '', '', 0, '', '', '', 2022, 'as', 'Aktif', '', 'XI.OTKP', 'XI OTKP', 0),
(24, '202259017', '', 'ANISA THOYIBAH', 1, '0076101454', 'JAKARTA', '2007-04-16', '123123123', 4, 'a', '', '', '', 'a', '1', '1', 'as', 'asd', 'asd', 123468, 'asd', 'asd', '2342424', '234452342', 'siswa1@gmail.com', 'qasd', 'asd', '234234234', '', '', 0, '', '', '', '', '', '', 0, '', '', '', '', '', '', 0, '', '', '', 2022, 'as', 'Aktif', '', 'XI.OTKP', 'XI OTKP', 0),
(21, '202259061', '', 'Yusril Idza Anafi', 1, '0066449226', 'Tangerang', '2007-06-04', '123123123', 1, 'a', '', '', '', 'a', '1', '1', 'as', 'asd', 'asd', 123465, 'asd', 'asd', '2342424', '234452342', 'siswa1@gmail.com', 'qasd', 'asd', '234234234', '', '', 0, '', '', '', '', '', '', 0, '', '', '', '', '', '', 0, '', '', '', 2022, 'as', 'Aktif', '', 'XI.TKJ', 'XI TKJ', 0),
(22, '202259015', '', 'AINI SANALI', 1, '3072515010', 'TANGERANG SELATAN', '2007-02-19', '123123123', 2, 'a', '', '', '', 'a', '1', '1', 'as', 'asd', 'asd', 123466, 'asd', 'asd', '2342424', '234452342', 'siswa1@gmail.com', 'qasd', 'asd', '234234234', '', '', 0, '', '', '', '', '', '', 0, '', '', '', '', '', '', 0, '', '', '', 2022, 'as', 'Aktif', '', 'XI.OTKP', 'XI OTKP', 0),
(20, '202259060', '', 'REZA FAHLEVI', 1, '0072689377', 'TANGERANG', '2007-03-02', '123123123', 1, 'a', '', '', '', 'a', '1', '1', 'as', 'asd', 'asd', 123464, 'asd', 'asd', '2342424', '234452342', 'siswa1@gmail.com', 'qasd', 'asd', '234234234', '', '', 0, '', '', '', '', '', '', 0, '', '', '', '', '', '', 0, '', '', '', 2022, 'as', 'Aktif', '', 'XI.TKJ', 'XI TKJ', 0),
(19, '202259059', '', 'RAJWA NAILA HUSNA', 1, '0061486709', 'TANGERANG', '2006-11-18', '123123123', 1, 'a', '', '', '', 'a', '1', '1', 'as', 'asd', 'asd', 123463, 'asd', 'asd', '2342424', '234452342', 'siswa1@gmail.com', 'qasd', 'asd', '234234234', '', '', 0, '', '', '', '', '', '', 0, '', '', '', '', '', '', 0, '', '', '', 2022, 'as', 'Aktif', '', 'XI.TKJ', 'XI TKJ', 0),
(18, '202259058', '', 'Muhammad Raihan Pasyha', 1, '0071668941', 'Jakarta', '2007-03-15', '123123123', 1, 'a', '', '', '', 'a', '1', '1', 'as', 'asd', 'asd', 123462, 'asd', 'asd', '2342424', '234452342', 'siswa1@gmail.com', 'qasd', 'asd', '234234234', '', '', 0, '', '', '', '', '', '', 0, '', '', '', '', '', '', 0, '', '', '', 2022, 'as', 'Aktif', '', 'XI.TKJ', 'XI TKJ', 0),
(17, '202259057', '', 'Muhammad Rafi Alifatih Hidayat', 1, '0066264093', 'Tangerang', '2006-11-16', '123123123', 1, 'a', '', '', '', 'a', '1', '1', 'as', 'asd', 'asd', 123461, 'asd', 'asd', '2342424', '234452342', 'siswa1@gmail.com', 'qasd', 'asd', '234234234', '', '', 0, '', '', '', '', '', '', 0, '', '', '', '', '', '', 0, '', '', '', 2022, 'as', 'Aktif', '', 'XI.TKJ', 'XI TKJ', 0),
(16, '202259056', '', 'MUHAMMAD IQBAL KURNIANSYAH', 1, '0075956903', 'Jakarta', '2007-01-28', '123123123', 1, 'a', '', '', '', 'a', '1', '1', 'as', 'asd', 'asd', 123460, 'asd', 'asd', '2342424', '234452342', 'siswa1@gmail.com', 'qasd', 'asd', '234234234', '', '', 0, '', '', '', '', '', '', 0, '', '', '', '', '', '', 0, '', '', '', 2022, 'as', 'Aktif', '', 'XI.TKJ', 'XI TKJ', 0),
(14, '202259054', '', 'MUHAMMAD ARFAN', 1, '3061543075', 'BLORA', '2006-05-19', '123123123', 1, 'a', '', '', '', 'a', '1', '1', 'as', 'asd', 'asd', 123458, 'asd', 'asd', '2342424', '234452342', 'siswa1@gmail.com', 'qasd', 'asd', '234234234', '', '', 0, '', '', '', '', '', '', 0, '', '', '', '', '', '', 0, '', '', '', 2022, 'as', 'Aktif', '', 'XI.TKJ', 'XI TKJ', 0),
(15, '202259055', '', 'Muhammad Fadillah Ramadhan', 1, '3067679213', 'Jakarta', '2006-09-25', '123123123', 1, 'a', '', '', '', 'a', '1', '1', 'as', 'asd', 'asd', 123459, 'asd', 'asd', '2342424', '234452342', 'siswa1@gmail.com', 'qasd', 'asd', '234234234', '', '', 0, '', '', '', '', '', '', 0, '', '', '', '', '', '', 0, '', '', '', 2022, 'as', 'Aktif', '', 'XI.TKJ', 'XI TKJ', 0),
(13, '202259053', '', 'Muhammad Aldhrian Syah', 1, '0064752941', 'Tangerang', '2006-12-25', '123123123', 1, 'a', '', '', '', 'a', '1', '1', 'as', 'asd', 'asd', 123457, 'asd', 'asd', '2342424', '234452342', 'siswa1@gmail.com', 'qasd', 'asd', '234234234', '', '', 0, '', '', '', '', '', '', 0, '', '', '', '', '', '', 0, '', '', '', 2022, 'as', 'Aktif', '', 'XI.TKJ', 'XI TKJ', 0),
(12, '202259052', '', 'ILHAM HAKIM', 1, '0074474092', 'GUNUNG KIDUL', '2007-06-27', '123123123', 1, 'a', '', '', '', 'a', '1', '1', 'as', 'asd', 'asd', 123456, 'asd', 'asd', '2342424', '234452342', 'siswa1@gmail.com', 'qasd', 'asd', '234234234', '', '', 0, '', '', '', '', '', '', 0, '', '', '', '', '', '', 0, '', '', '', 2022, 'as', 'Aktif', '', 'XI.TKJ', 'XI TKJ', 0),
(11, '202259051', '', 'IKHWAN FADILLA', 1, '0062712964', 'JAKARTA', '2006-11-08', '123123123', 1, 'a', '', '', '', 'a', '1', '1', 'as', 'asd', 'asd', 123455, 'asd', 'asd', '2342424', '234452342', 'siswa1@gmail.com', 'qasd', 'asd', '234234234', '', '', 0, '', '', '', '', '', '', 0, '', '', '', '', '', '', 0, '', '', '', 2022, 'as', 'Aktif', '', 'XI.TKJ', 'XI TKJ', 0),
(10, '202259050', '', 'GALANG U\'ANG AL-GHAZALI', 1, '0075303024', 'TEGAL', '2007-05-30', '123123123', 1, 'a', '', '', '', 'a', '1', '1', 'as', 'asd', 'asd', 123454, 'asd', 'asd', '2342424', '234452342', 'siswa1@gmail.com', 'qasd', 'asd', '234234234', '', '', 0, '', '', '', '', '', '', 0, '', '', '', '', '', '', 0, '', '', '', 2022, 'as', 'Aktif', '', 'XI.TKJ', 'XI TKJ', 0),
(9, '202259049', '', 'Fariz Mudaffa Adzikra', 1, '0062383420', 'Tangerang', '2006-12-01', '123123123', 1, 'a', '', '', '', 'a', '1', '1', 'as', 'asd', 'asd', 123453, 'asd', 'asd', '2342424', '234452342', 'siswa1@gmail.com', 'qasd', 'asd', '234234234', '', '', 0, '', '', '', '', '', '', 0, '', '', '', '', '', '', 0, '', '', '', 2022, 'as', 'Aktif', '', 'XI.TKJ', 'XI TKJ', 0),
(6, '202259046', '', 'Bunga Insania Kamil', 1, '0077470671', 'Tangerang', '2007-02-11', '123123123', 1, 'a', '', '', '', 'a', '1', '1', 'as', 'asd', 'asd', 123450, 'asd', 'asd', '2342424', '234452342', 'siswa1@gmail.com', 'qasd', 'asd', '234234234', '', '', 0, '', '', '', '', '', '', 0, '', '', '', '', '', '', 0, '', '', '', 2022, 'as', 'Aktif', '', 'XI.TKJ', 'XI TKJ', 0),
(7, '202259047', '', 'DZAKIRA ADI PERMANA', 1, '0078386288', 'TANGERANG', '2007-07-24', '123123123', 1, 'a', '', '', '', 'a', '1', '1', 'as', 'asd', 'asd', 123451, 'asd', 'asd', '2342424', '234452342', 'siswa1@gmail.com', 'qasd', 'asd', '234234234', '', '', 0, '', '', '', '', '', '', 0, '', '', '', '', '', '', 0, '', '', '', 2022, 'as', 'Aktif', '', 'XI.TKJ', 'XI TKJ', 0),
(8, '202259048', '', 'Enggar Setyoko', 1, '0064444364', 'Tangerang', '2006-10-03', '123123123', 1, 'a', '', '', '', 'a', '1', '1', 'as', 'asd', 'asd', 123452, 'asd', 'asd', '2342424', '234452342', 'siswa1@gmail.com', 'qasd', 'asd', '234234234', '', '', 0, '', '', '', '', '', '', 0, '', '', '', '', '', '', 0, '', '', '', 2022, 'as', 'Aktif', '', 'XI.TKJ', 'XI TKJ', 0),
(5, '202259045', '', 'Bagaskoro Adjie Saputro', 1, '0067210342', 'Tangerang', '2006-06-03', '123123123', 1, 'a', '', '', '', 'a', '1', '1', 'as', 'asd', 'asd', 123449, 'asd', 'asd', '2342424', '234452342', 'siswa1@gmail.com', 'qasd', 'asd', '234234234', '', '', 0, '', '', '', '', '', '', 0, '', '', '', '', '', '', 0, '', '', '', 2022, 'as', 'Aktif', '', 'XI.TKJ', 'XI TKJ', 0),
(4, '202259088', '', 'ANTONI LOUIS SAPUTRA', 1, '0065493516', 'TANGERANG', '2006-07-18', '123123123', 1, 'a', '', '', '', 'a', '1', '1', 'as', 'asd', 'asd', 123448, 'asd', 'asd', '2342424', '234452342', 'siswa1@gmail.com', 'qasd', 'asd', '234234234', '', '', 0, '', '', '', '', '', '', 0, '', '', '', '', '', '', 0, '', '', '', 2022, 'as', 'Aktif', '', 'XI.TKJ', 'XI TKJ', 0),
(1, '202259042', '', 'Ahmad Kausar', 1, '0076051213', 'Tangerang', '2007-06-20', '123123123', 1, 'a', '', '', '', 'a', '1', '1', 'as', 'asd', 'asd', 123445, 'asd', 'asd', '2342424', '234452342', 'siswa1@gmail.com', 'qasd', 'asd', '234234234', '', '', 0, '', '', '', '', '', '', 0, '', '', '', '', '', '', 0, '', '', '', 2022, 'as', 'Aktif', '', 'XI.TKJ', 'XI TKJ', 0),
(3, '202259044', '', 'ANDHIKA FEBRIANTO', 1, '0069462744', 'Bandung', '2006-02-24', '123123123', 1, 'a', '', '', '', 'a', '1', '1', 'as', 'asd', 'asd', 123447, 'asd', 'asd', '2342424', '234452342', 'siswa1@gmail.com', 'qasd', 'asd', '234234234', '', '', 0, '', '', '', '', '', '', 0, '', '', '', '', '', '', 0, '', '', '', 2022, 'as', 'Aktif', '', 'XI.TKJ', 'XI TKJ', 0),
(2, '202259043', '', 'ALI ROHMAT HIDAYAT', 1, '0068976414', 'BREBES', '2006-08-06', '123123123', 1, 'a', '', '', '', 'a', '1', '1', 'as', 'asd', 'asd', 123446, 'asd', 'asd', '2342424', '234452342', 'siswa1@gmail.com', 'qasd', 'asd', '234234234', '', '', 0, '', '', '', '', '', '', 0, '', '', '', '', '', '', 0, '', '', '', 2022, 'as', 'Aktif', '', 'XI.TKJ', 'XI TKJ', 0),
(1565, '132', '1', 'siswa x TJKT', 0, '132', '', '0000-00-00', '', 0, '', '', '', '', '', '00', '00', '', '', '', 0, '', '', '', '', '', '', '', '', '', '', 0, '', '', '', '', '', '', 0, '', '', '', '', '', '', 0, '', '', '', 2023, '', 'Aktif', '', 'X TJKT / F', 'X TJKT', 0),
(1566, '132', '1', 'siswa x TJKT', 1, '132', '', '0000-00-00', '', 1, '', '', '', '', '', '00', '00', '', '', '', 0, '', '', '', '', '', '', '', '', '', '', 0, '', '', '', '', '', '', 0, '', '', '', '', '', '', 0, '', '', '', 2023, '', 'Aktif', '', 'X TJKT / F', 'X TJKT', 0),
(1567, '1322', '1', 'siswa x TJKT', 1, '1322', '', '0000-00-00', '', 1, '', '', '', '', '', '00', '00', '', '', '', 0, '', '', '', '', '', '', '', '', '', '', 0, '', '', '', '', '', '', 0, '', '', '', '', '', '', 0, '', '', '', 2023, '', 'Aktif', '', 'X TJKT / F', 'X TJKT', 0),
(1568, '1322', '1', 'siswabaru  x TJKT', 1, '1322', '', '0000-00-00', '', 1, '', '', '', '', '', '00', '00', '', '', '', 0, '', '', '', '', '', '', '', '', '', '', 0, '', '', '', '', '', '', 0, '', '', '', '', '', '', 0, '', '', '', 2023, '', 'Aktif', '', 'X TJKT / F', 'X TJKT', 0),
(1569, '1322', '1', 'siswabaru  x TJKT', 1, '1322', '', '0000-00-00', '', 1, '', '', '', '', '', '00', '00', '', '', '', 0, '', '', '', '', '', '', '', '', '', '', 0, '', '', '', '', '', '', 0, '', '', '', '', '', '', 0, '', '', '', 2023, '', 'Aktif', '', 'X TJKT / F', 'X TJKT / F', 0),
(1570, '08754', '1', 'siswabaru  x TJKT', 1, '09876', '', '0000-00-00', '', 1, '', '', '', '', '', '00', '00', '', '', '', 0, '', '', '', '', '', '', '', '', '', '', 0, '', '', '', '', '', '', 0, '', '', '', '', '', '', 0, '', '', '', 2023, '', 'Aktif', '', 'X TJKT / F', 'X TJKT / F', 0),
(1571, '01', '1', 'siswa baru x tjkt', 1, '11', '', '0000-00-00', '', 1, '', '', '', '', '', '00', '00', '', '', '', 0, '', '', '', '', '', '', '', '', '', '', 0, '', '', '', '', '', '', 0, '', '', '', '', '', '', 0, '', '', '', 2023, '', 'Aktif', '', 'X TJKT / F', 'X TJKT / F', 0),
(1572, '01', '1', 'siswa baru x tjkt', 1, '11', '', '0000-00-00', '', 1, '', '', '', '', '', '00', '00', '', '', '', 0, '', '', '', '', '', '', '', '', '', '', 0, '', '', '', '', '', '', 0, '', '', '', '', '', '', 0, '', '', '', 2023, '', 'Aktif', '', 'XTJKT ', 'X TJKT / F', 0),
(1573, '0132', '1', 'siswa baru x tjkta', 1, '111', '', '0000-00-00', '', 1, '', 'SMP Al Mubarak', '12 Agustus 2023', '2 September 2023', '', '00', '00', '', '', '', 0, '', '', '', '', '', '', '', '', '', '', 0, '', '', '', '', '', '', 0, '', '', '', '', '', '', 0, '', '', '', 2023, '', 'Aktif', '', 'XI - TJKT', 'X.TJKT', 0),
(1574, '0132', '1', 'siswa baru x tjkta', 1, '111', '', '0000-00-00', '', 1, '', 'SMP Al Mubarak', '12 Agustus 2023', '2 September 2023', '', '00', '00', '', '', '', 0, '', '', '', '', '', '', '', '', '', '', 0, '', '', '', '', '', '', 0, '', '', '', '', '', '', 0, '', '', '', 2023, '', 'Aktif', '', 'XI - TJKT', 'X.TJKT', 0),
(1575, '0132', '1', 'siswa baru x tjkta', 1, '111', '', '0000-00-00', '', 1, '', 'SMP Al Mubarak', '12 Agustus 2023', '2 September 2023', '', '00', '00', '', '', '', 0, '', '', '', '', '', '', '', '', '', '', 0, '', '', '', '', '', '', 0, '', '', '', '', '', '', 0, '', '', '', 2023, '', 'Aktif', '', 'XI - TJKT', 'X.TJKT', 0),
(1576, '0132', '1', 'siswa baru x tjkta', 1, '111', '', '0000-00-00', '', 1, '', 'SMP Al Mubarak', '12 Agustus 2023', '2 September 2023', '', '00', '00', '', '', '', 0, '', '', '', '', '', '', '', '', '', '', 0, '', '', '', '', '', '', 0, '', '', '', '', '', '', 0, '', '', '', 2023, '', 'Aktif', '', 'XI - TJKT', 'X.TJKT', 0),
(1577, '0132', '1', 'siswa baru x tjkta', 1, '111', '', '0000-00-00', '', 1, '', 'SMP Al Mubarak', '12 Agustus 2023', '2 September 2023', '', '00', '00', '', '', '', 0, '', '', '', '', '', '', '', '', '', '', 0, '', '', '', '', '', '', 0, '', '', '', '', '', '', 0, '', '', '', 2023, '', 'Aktif', '', 'XI - TJKT', 'X.TJKT', 0),
(1578, '0132', '1', 'siswa baru x tjkta', 1, '111', '', '0000-00-00', '', 1, '', 'SMP Al Mubarak', '12 Agustus 2023', '2 September 2023', '', '00', '00', '', '', '', 0, '', '', '', '', '', '', '', '', '', '', 0, '', '', '', '', '', '', 0, '', '', '', '', '', '', 0, '', '', '', 2023, '', 'Aktif', '', 'XI - TJKT', 'X.TJKT', 0),
(1579, '015', '1', 'siswa baru x tjkta', 1, '121', '', '0000-00-00', '', 1, '', '', '', '', '', '00', '00', '', '', '', 0, '', '', '', '', '', '', '', '', '', '', 0, '', '', '', '', '', '', 0, '', '', '', '', '', '', 0, '', '', '', 2023, '', 'Aktif', '', 'X.TJKT/Fas', 'X.TJKT/Fas', 0),
(1580, '015', '1', 'siswa baru x tjkta', 1, '121', '', '0000-00-00', '', 1, '', '', '', '', '', '00', '00', '', '', '', 0, '', '', '', '', '', '', '', '', '', '', 0, '', '', '', '', '', '', 0, '', '', '', '', '', '', 0, '', '', '', 2023, '', 'Aktif', '', 'X.TJKT/Fas', 'X.TJKT/Fas', 0),
(1581, '001', '1', 'Ahmad Hafif Fikri', 1, '001', '', '0000-00-00', '', 1, '', '', '', '', '', '00', '00', '', '', '', 0, '', '', '', '', '', '', '', '', '', '', 0, '', '', '', '', '', '', 0, '', '', '', '', '', '', 0, '', '', '', 2023, '', 'Aktif', '', 'XII - TJKT', 'X.TJKT', 0),
(1582, '0082172600', '1', 'Bima Satria', 1, '0082172600', '', '0000-00-00', '', 1, '', '', '', '', '', '00', '00', '', '', '', 0, '', '', '', '', '', '', '', '', '', '', 0, '', '', '', '', '', '', 0, '', '', '', '', '', '', 0, '', '', '', 2023, '', 'Aktif', '', 'XII - TJKT', 'X.TJKT', 0),
(1583, '3128013327', '1', 'Dendra Putra Setiawan', 1, '3128013327', '', '0000-00-00', '', 1, '', '', '', '', '', '00', '00', '', '', '', 0, '', '', '', '', '', '', '', '', '', '', 0, '', '', '', '', '', '', 0, '', '', '', '', '', '', 0, '', '', '', 2023, '', 'Aktif', '', 'XII - TJKT', 'X.TJKT', 0),
(1584, '0088564051', '1', 'Fahri Rizki Rianto', 1, '0088564051', '', '0000-00-00', '', 1, '', '', '', '', '', '00', '00', '', '', '', 0, '', '', '', '', '', '', '', '', '', '', 0, '', '', '', '', '', '', 0, '', '', '', '', '', '', 0, '', '', '', 2023, '', 'Aktif', '', 'XII - TJKT', 'X.TJKT', 0),
(1585, '0088887292', '1', 'Ichsan Ardiansyah', 1, '0088887292', '', '0000-00-00', '', 1, '', '', '', '', '', '00', '00', '', '', '', 0, '', '', '', '', '', '', '', '', '', '', 0, '', '', '', '', '', '', 0, '', '', '', '', '', '', 0, '', '', '', 2023, '', 'Aktif', '', 'XII - TJKT', 'X.TJKT', 0),
(1586, '002', '1', 'Juwan Sebastiyan', 1, '002', '', '0000-00-00', '', 1, '', '', '', '', '', '00', '00', '', '', '', 0, '', '', '', '', '', '', '', '', '', '', 0, '', '', '', '', '', '', 0, '', '', '', '', '', '', 0, '', '', '', 2023, '', 'Aktif', '', 'XII - TJKT', 'X.TJKT', 0),
(1587, '0089523921', '1', 'Keandre Rafif Anindika', 1, '0089523921', '', '0000-00-00', '', 1, '', '', '', '', '', '00', '00', '', '', '', 0, '', '', '', '', '', '', '', '', '', '', 0, '', '', '', '', '', '', 0, '', '', '', '', '', '', 0, '', '', '', 2023, '', 'Aktif', '', 'XII - TJKT', 'X.TJKT', 0),
(1588, '003', '1', 'Maulana Malik Ibrahim', 1, '003', '', '0000-00-00', '', 1, '', '', '', '', '', '00', '00', '', '', '', 0, '', '', '', '', '', '', '', '', '', '', 0, '', '', '', '', '', '', 0, '', '', '', '', '', '', 0, '', '', '', 2023, '', 'Aktif', '', 'XII - TJKT', 'X.TJKT', 0),
(1589, '004', '1', 'Mohamad Zaqie', 1, '004', '', '0000-00-00', '', 1, '', '', '', '', '', '00', '00', '', '', '', 0, '', '', '', '', '', '', '', '', '', '', 0, '', '', '', '', '', '', 0, '', '', '', '', '', '', 0, '', '', '', 2023, '', 'Aktif', '', 'XII - TJKT', 'X.TJKT', 0),
(1590, '005', '1', 'Muhammad Alif Hamzah', 1, '005', '', '0000-00-00', '', 1, '', '', '', '', '', '00', '00', '', '', '', 0, '', '', '', '', '', '', '', '', '', '', 0, '', '', '', '', '', '', 0, '', '', '', '', '', '', 0, '', '', '', 2023, '', 'Aktif', '', 'XII - TJKT', 'X.TJKT', 0),
(1591, '006', '1', 'Muhammad Fauzan Azmi', 1, '006', '', '0000-00-00', '', 1, '', '', '', '', '', '00', '00', '', '', '', 0, '', '', '', '', '', '', '', '', '', '', 0, '', '', '', '', '', '', 0, '', '', '', '', '', '', 0, '', '', '', 2023, '', 'Aktif', '', 'XII - TJKT', 'X.TJKT', 0),
(1592, '0073040500', '1', 'Muhammad Noufal Alfarezell', 1, '0073040500', '', '0000-00-00', '', 1, '', '', '', '', '', '00', '00', '', '', '', 0, '', '', '', '', '', '', '', '', '', '', 0, '', '', '', '', '', '', 0, '', '', '', '', '', '', 0, '', '', '', 2023, '', 'Aktif', '', 'XII - TJKT', 'X.TJKT', 0),
(1593, '0082685943', '1', 'Reinhart Franklyn Jericho', 1, '0082685943', '', '0000-00-00', '', 1, '', '', '', '', '', '00', '00', '', '', '', 0, '', '', '', '', '', '', '', '', '', '', 0, '', '', '', '', '', '', 0, '', '', '', '', '', '', 0, '', '', '', 2023, '', 'Aktif', '', 'XII - TJKT', 'X.TJKT', 0),
(1594, '0071047602', '1', 'Saiful Ahmad Fauzi', 1, '0071047602', '', '0000-00-00', '', 1, '', '', '', '', '', '00', '00', '', '', '', 0, '', '', '', '', '', '', '', '', '', '', 0, '', '', '', '', '', '', 0, '', '', '', '', '', '', 0, '', '', '', 2023, '', 'Aktif', '', 'XII - TJKT', 'X.TJKT', 0),
(1595, '0085365444', '1', 'Umar Fatih Saleh', 1, '0085365444', '', '0000-00-00', '', 1, '', '', '', '', '', '00', '00', '', '', '', 0, '', '', '', '', '', '', '', '', '', '', 0, '', '', '', '', '', '', 0, '', '', '', '', '', '', 0, '', '', '', 2023, '', 'Aktif', '', 'XII - TJKT', 'X.TJKT', 0),
(1596, '0068021959', '1', 'Zacky Ardiansyah', 1, '0068021959', '', '0000-00-00', '', 1, '', '', '', '', '', '00', '00', '', '', '', 0, '', '', '', '', '', '', '', '', '', '', 0, '', '', '', '', '', '', 0, '', '', '', '', '', '', 0, '', '', '', 2023, '', 'Aktif', '', 'XII - TJKT', 'X.TJKT', 0),
(1597, 'nipd', 'password', 'nama', 0, 'nisn', 'tempat_lahir', '0000-00-00', 'nik', 0, 'kebutuhan_khusus', '', '', '', 'alamat', 'rt', 'rw', 'dusun', 'kelurahan', 'kecamatan', 0, 'jenis_tinggal', 'alat_transportasi', 'telepon', 'hp', 'email', 'skhun', 'penerima_kps', 'no_kps', 'foto', 'nama_ayah', 0, 'pendidikan_ayah', 'pekerjaan_ayah', 'penghasilan_ayah', 'kebutuhan_khusus_ayah', 'no_telpon_ayah', 'nama_ibu', 0, 'pendidikan_ibu', 'pekerjaan_ibu', 'penghasilan_ibu', 'kebutuhan_khusus_ibu', 'no_telpon_ibu', 'nama_wali', 0, 'pendidikan_wali', 'pekerjaan_wali', 'penghasilan_wali', 0, 'status_awal', '', 'tingkat', 'kode_kelas', 'kode_jurus', 0),
(1598, '0083008616', '1', 'Anggi Maria Costa', 1, '0083008616', 'KUNINGAN', '2008-04-11', '3208215104080001', 1, '', '', '', '', '', '', '', '', '', '', 0, '', '', '', '', '', '', '', '', '', '', 0, '', '', '', '', '', '', 0, '', '', '', '', '', '', 0, '', '', '', 2025, '', 'Aktif', '', 'XI - TJKT', 'X.AKL', 0),
(1599, '0078950348', '1', 'Anisa Oktavia Ramadhani', 1, '0078950348', 'BOGOR ', '2007-10-03', '3671064310070002', 1, '', '', '', '', '', '', '', '', '', '', 0, '', '', '', '', '', '', '', '', '', '', 0, '', '', '', '', '', '', 0, '', '', '', '', '', '', 0, '', '', '', 2023, '', 'Aktif', '', 'XII - AKL', 'X.AKL', 0),
(1600, '0084678634', '1', 'Bunga Citra Lestari', 1, '0084678634', 'TANGERANG', '2008-03-31', '3674037103081001', 1, '', '', '', '', '', '', '', '', '', '', 0, '', '', '', '', '', '', '', '', '', '', 0, '', '', '', '', '', '', 0, '', '', '', '', '', '', 0, '', '', '', 2023, '', 'Aktif', '', 'XII - AKL', 'X.AKL', 0),
(1601, '0082021338', '1', 'Elsa Artika Dewi', 0, '0082021338', 'JAKARTA', '2008-08-17', '3521175708080001', 1, '', '', '', '', '', '', '', '', '', '', 0, '', '', '', '', '', '', '', '', '', '', 0, '', '', '', '', '', '', 0, '', '', '', '', '', '', 0, '', '', '', 2023, '', 'Aktif', '', 'XII - AKL', 'X.AKL', 0),
(1602, '0073404541', '1', 'Hafidz Aswan', 1, '0073404541', 'JAKARTA', '2007-08-03', '3171070308071001', 1, '', '', '', '', '', '', '', '', '', '', 0, '', '', '', '', '', '', '', '', '', '', 0, '', '', '', '', '', '', 0, '', '', '', '', '', '', 0, '', '', '', 2023, '', 'Aktif', '', 'XII - AKL', 'X.AKL', 0),
(1603, '0073484570', '1', 'Keysha Nazwa Felisha', 1, '0073484570', 'TANGERANG', '2007-11-29', '3674036911070008', 1, '', '', '', '', '', '', '', '', '', '', 0, '', '', '', '', '', '', '', '', '', '', 0, '', '', '', '', '', '', 0, '', '', '', '', '', '', 0, '', '', '', 2023, '', 'Aktif', '', 'XII - AKL', 'X.AKL', 0),
(1604, '0085853829', '1', 'Kurniawan Chandra Wijaya', 1, '0085853829', 'TANGERANG', '2008-02-18', '3674031802080005', 1, '', '', '', '', '', '', '', '', '', '', 0, '', '', '', '', '', '', '', '', '', '', 0, '', '', '', '', '', '', 0, '', '', '', '', '', '', 0, '', '', '', 2023, '', 'Aktif', '', 'XII - AKL', 'X.AKL', 0),
(1605, '0081894685', '1', 'Marvel Rezkiawan', 1, '0081894685', 'Tangerang', '2008-05-23', '3674032305080004', 1, '', '', '', '', '', '', '', '', '', '', 0, '', '', '', '', '', '', '', '', '', '', 0, '', '', '', '', '', '', 0, '', '', '', '', '', '', 0, '', '', '', 2023, '', 'Aktif', '', 'XII - AKL', 'X.AKL', 0),
(1606, '0082205108', '1', 'Miftahul Jannah', 0, '0082205108', 'TANGERANG', '2008-02-24', '3674036402080003', 1, '', '', '', '', '', '', '', '', '', '', 0, '', '', '', '', '', '', '', '', '', '', 0, '', '', '', '', '', '', 0, '', '', '', '', '', '', 0, '', '', '', 2023, '', 'Aktif', '', 'XII - AKL', 'X.AKL', 0),
(1607, '0086154556', '1', 'Mutiara Ayu Oktaviani', 0, '0086154556', 'Tangerang', '2008-10-29', '3674036910080001', 1, '', '', '', '', '', '', '', '', '', '', 0, '', '', '', '', '', '', '', '', '', '', 0, '', '', '', '', '', '', 0, '', '', '', '', '', '', 0, '', '', '', 2023, '', 'Aktif', '', 'XII - AKL', 'X.AKL', 0),
(1608, '0083279509', '1', 'Mutiara Solidarita', 0, '0083279509', 'TANGERANG', '2008-05-11', '3674035105080011', 1, '', '', '', '', '', '', '', '', '', '', 0, '', '', '', '', '', '', '', '', '', '', 0, '', '', '', '', '', '', 0, '', '', '', '', '', '', 0, '', '', '', 2023, '', 'Aktif', '', 'XII - AKL', 'X.AKL', 0),
(1609, '0077355966', '1', 'Nadya Firahana Putri', 0, '0077355966', 'Tangerang', '2007-09-24', '3176086409071003', 1, '', '', '', '', '', '', '', '', '', '', 0, '', '', '', '', '', '', '', '', '', '', 0, '', '', '', '', '', '', 0, '', '', '', '', '', '', 0, '', '', '', 2023, '', 'Aktif', '', 'XII - AKL', 'X.AKL', 0),
(1610, '0085670161', '1', 'Naila Anastasya', 0, '0085670161', 'Tangerang', '2008-03-10', '3674035003080004', 1, '', '', '', '', '', '', '', '', '', '', 0, '', '', '', '', '', '', '', '', '', '', 0, '', '', '', '', '', '', 0, '', '', '', '', '', '', 0, '', '', '', 2023, '', 'Aktif', '', 'XII - AKL', 'X.AKL', 0),
(1611, '0083027845', '1', 'Najla Salsabila', 0, '0083027845', 'TANGERANG ', '2008-03-19', '3674034903080005', 1, '', '', '', '', '', '', '', '', '', '', 0, '', '', '', '', '', '', '', '', '', '', 0, '', '', '', '', '', '', 0, '', '', '', '', '', '', 0, '', '', '', 2023, '', 'Aktif', '', 'XII - AKL', 'X.AKL', 0),
(1612, '0078790319', '1', 'Nila Amalian Nabila', 0, '0078790319', 'Tangerang', '2007-12-30', '3674037012080001', 1, '', '', '', '', '', '', '', '', '', '', 0, '', '', '', '', '', '', '', '', '', '', 0, '', '', '', '', '', '', 0, '', '', '', '', '', '', 0, '', '', '', 2023, '', 'Aktif', '', 'XII - AKL', 'X.AKL', 0),
(1613, '0081744347', '1', 'Siti Aqila Maimoonah Kurnia', 0, '0081744347', 'TANGERANG', '2008-08-23', '3671016308080001', 1, '', '', '', '', '', '', '', '', '', '', 0, '', '', '', '', '', '', '', '', '', '', 0, '', '', '', '', '', '', 0, '', '', '', '', '', '', 0, '', '', '', 2023, '', 'Aktif', '', 'XII - AKL', 'X.AKL', 0),
(1614, '3077278013', '1', 'Suci Oktavyani Syawalyah', 0, '3077278013', 'SUMEDANG', '2007-10-15', '3211225510070006', 1, '', '', '', '', '', '', '', '', '', '', 0, '', '', '', '', '', '', '', '', '', '', 0, '', '', '', '', '', '', 0, '', '', '', '', '', '', 0, '', '', '', 2023, '', 'Aktif', '', 'XII - AKL', 'X.AKL', 0),
(1615, '0081954702', '1', 'Aina Nur Hasna', 0, '0081954702', 'Tangerang', '2008-05-09', '3671064905080001', 1, '', '', '', '', '', '', '', '', '', '', 0, '', '', '', '', '', '', '', '', '', '', 0, '', '', '', '', '', '', 0, '', '', '', '', '', '', 0, '', '', '', 2023, '', 'Aktif', '', 'XII - DKV', 'X.DKV', 0),
(1616, '0085270132', '1', 'Alisha Aurelia Adhwa', 0, '0085270132', 'JAKARTA', '2008-02-03', '3174054302081004', 1, '', '', '', '', '', '', '', '', '', '', 0, '', '', '', '', '', '', '', '', '', '', 0, '', '', '', '', '', '', 0, '', '', '', '', '', '', 0, '', '', '', 2025, '', 'Aktif', '', 'XI - TJKT', 'X.DKV', 0),
(1617, '3077420190', '1', 'Alisya Nadila', 0, '3077420190', 'Tangerang', '2007-04-19', '3674035904070001', 1, '', '', '', '', '', '', '', '', '', '', 0, '', '', '', '', '', '', '', '', '', '', 0, '', '', '', '', '', '', 0, '', '', '', '', '', '', 0, '', '', '', 2023, '', 'Aktif', '', 'XII - DKV', 'X.DKV', 0),
(1618, '0073178908', '1', 'Alysa Fitra Khairunnisa', 0, '0073178908', 'TANGERANG', '2007-12-31', '3674037112070008', 1, '', '', '', '', '', '', '', '', '', '', 0, '', '', '', '', '', '', '', '', '', '', 0, '', '', '', '', '', '', 0, '', '', '', '', '', '', 0, '', '', '', 2023, '', 'Aktif', '', 'XII - DKV', 'X.DKV', 0),
(1619, '0079081864', '1', 'Anton Srikael Tarigan', 1, '0079081864', 'PASIR MBELANG', '2007-08-13', '1211061308070002', 1, '', '', '', '', '', '', '', '', '', '', 0, '', '', '', '', '', '', '', '', '', '', 0, '', '', '', '', '', '', 0, '', '', '', '', '', '', 0, '', '', '', 2023, '', 'Aktif', '', 'XII - DKV', 'X.DKV', 0),
(1620, '0071892866', '1', 'Carla Aulia', 0, '0071892866', 'TANGERANG', '2007-12-21', '3674036112070010', 1, '', '', '', '', '', '', '', '', '', '', 0, '', '', '', '', '', '', '', '', '', '', 0, '', '', '', '', '', '', 0, '', '', '', '', '', '', 0, '', '', '', 2023, '', 'Aktif', '', 'XII - DKV', 'X.DKV', 0),
(1621, '0074648641', '1', 'Dafina Azharia', 0, '0074648641', 'Tangerang', '2007-12-28', '3674036812070004', 1, '', '', '', '', '', '', '', '', '', '', 0, '', '', '', '', '', '', '', '', '', '', 0, '', '', '', '', '', '', 0, '', '', '', '', '', '', 0, '', '', '', 2023, '', 'Aktif', '', 'XII - DKV', 'X.DKV', 0),
(1622, '0074781889', '1', 'Fadri Ilham Nife', 1, '0074781889', 'Jakarta', '2007-06-01', '3674040106070003', 1, '', '', '', '', '', '', '', '', '', '', 0, '', '', '', '', '', '', '', '', '', '', 0, '', '', '', '', '', '', 0, '', '', '', '', '', '', 0, '', '', '', 2023, '', 'Aktif', '', 'XII - DKV', 'X.DKV', 0),
(1623, '0075388318', '1', 'Farrel Briananda', 1, '0075388318', 'TANGERANG', '2007-06-15', '3674031506070008', 1, '', '', '', '', '', '', '', '', '', '', 0, '', '', '', '', '', '', '', '', '', '', 0, '', '', '', '', '', '', 0, '', '', '', '', '', '', 0, '', '', '', 2023, '', 'Aktif', '', 'XII - DKV', 'X.DKV', 0),
(1624, '0077224034', '1', 'Kayla Ramadhani', 0, '0077224034', 'TANGERANG', '2007-09-29', '3674036709010009', 1, '', '', '', '', '', '', '', '', '', '', 0, '', '', '', '', '', '', '', '', '', '', 0, '', '', '', '', '', '', 0, '', '', '', '', '', '', 0, '', '', '', 2023, '', 'Aktif', '', 'XII - DKV', 'X.DKV', 0),
(1625, '0072332038', '1', 'Keysa Malika Dewi', 0, '0072332038', 'Tangerang', '2007-09-13', '3674025309070003', 1, '', '', '', '', '', '', '', '', '', '', 0, '', '', '', '', '', '', '', '', '', '', 0, '', '', '', '', '', '', 0, '', '', '', '', '', '', 0, '', '', '', 2023, '', 'Aktif', '', 'XII - DKV', 'X.DKV', 0),
(1626, '0078807783', '1', 'Muhamad Fahmi Aruf', 1, '0078807783', 'TANGERANG', '2007-07-19', '3526081907070004', 1, '', '', '', '', '', '', '', '', '', '', 0, '', '', '', '', '', '', '', '', '', '', 0, '', '', '', '', '', '', 0, '', '', '', '', '', '', 0, '', '', '', 2023, '', 'Aktif', '', 'XII - DKV', 'X.DKV', 0),
(1627, '0082587083', '1', 'Muhammad Abidzar Attahmid', 1, '0082587083', 'Tangerang', '2008-02-20', '3674032002080004', 1, '', '', '', '', '', '', '', '', '', '', 0, '', '', '', '', '', '', '', '', '', '', 0, '', '', '', '', '', '', 0, '', '', '', '', '', '', 0, '', '', '', 2023, '', 'Aktif', '', 'XII - DKV', 'X.DKV', 0),
(1628, '0089610903', '1', 'Muhammad Augie Affan', 1, '0089610903', 'Jakarta', '2008-07-27', '3174062707080001', 1, '', '', '', '', '', '', '', '', '', '', 0, '', '', '', '', '', '', '', '', '', '', 0, '', '', '', '', '', '', 0, '', '', '', '', '', '', 0, '', '', '', 2023, '', 'Aktif', '', 'XII - DKV', 'X.DKV', 0),
(1629, '0086951064', '1', 'Muhammad Dwi Andika', 1, '0086951064', 'Tangerang', '2008-08-06', '3674030608080003', 1, '', '', '', '', '', '', '', '', '', '', 0, '', '', '', '', '', '', '', '', '', '', 0, '', '', '', '', '', '', 0, '', '', '', '', '', '', 0, '', '', '', 2023, '', 'Aktif', '', 'XII - DKV', 'X.DKV', 0),
(1630, '0061679153', '1', 'Muhammad Kemal Ibrahim', 1, '0061679153', 'TANGERANG', '2006-12-03', '3671060312060005', 1, '', '', '', '', '', '', '', '', '', '', 0, '', '', '', '', '', '', '', '', '', '', 0, '', '', '', '', '', '', 0, '', '', '', '', '', '', 0, '', '', '', 2023, '', 'Aktif', '', 'XII - DKV', 'X.DKV', 0),
(1631, '0083769238', '1', 'Muhammad Sapei', 1, '0083769238', 'TANGERANG', '2008-06-24', '3674032406080002', 1, '', '', '', '', '', '', '', '', '', '', 0, '', '', '', '', '', '', '', '', '', '', 0, '', '', '', '', '', '', 0, '', '', '', '', '', '', 0, '', '', '', 2023, '', 'Aktif', '', 'XII - DKV', 'X.DKV', 0),
(1632, '0074237156', '1', 'Nadila Anjani Nento', 0, '0074237156', 'TANGERANG', '2007-12-14', '3674035412070007', 1, '', '', '', '', '', '', '', '', '', '', 0, '', '', '', '', '', '', '', '', '', '', 0, '', '', '', '', '', '', 0, '', '', '', '', '', '', 0, '', '', '', 2023, '', 'Aktif', '', 'XII - DKV', 'X.DKV', 0),
(1633, '0071318949', '1', 'Naisyila', 0, '0071318949', 'Bireuen', '2008-05-24', '1111166405080001', 1, '', '', '', '', '', '', '', '', '', '', 0, '', '', '', '', '', '', '', '', '', '', 0, '', '', '', '', '', '', 0, '', '', '', '', '', '', 0, '', '', '', 2023, '', 'Aktif', '', 'XII - DKV', 'X.DKV', 0),
(1634, '0084240735', '1', 'Nasywa Athallah Qurratu\' Ain', 0, '0084240735', 'JAKARTA', '2008-11-19', '3174035911081007', 1, '', '', '', '', '', '', '', '', '', '', 0, '', '', '', '', '', '', '', '', '', '', 0, '', '', '', '', '', '', 0, '', '', '', '', '', '', 0, '', '', '', 2023, '', 'Aktif', '', 'XII - DKV', 'X.DKV', 0),
(1635, '0078921728', '1', 'Rahmat Syawaludin', 1, '0078921728', 'Tangerang', '2007-10-17', '3674031710070001', 1, '', '', '', '', '', '', '', '', '', '', 0, '', '', '', '', '', '', '', '', '', '', 0, '', '', '', '', '', '', 0, '', '', '', '', '', '', 0, '', '', '', 2023, '', 'Aktif', '', 'XII - DKV', 'X.DKV', 0),
(1636, '0081974295', '1', 'Ranumainda Mahrin', 0, '0081974295', 'JAKARTA', '2008-02-17', '3173085702081003', 1, '', '', '', '', '', '', '', '', '', '', 0, '', '', '', '', '', '', '', '', '', '', 0, '', '', '', '', '', '', 0, '', '', '', '', '', '', 0, '', '', '', 2023, '', 'Aktif', '', 'XII - DKV', 'X.DKV', 0),
(1637, '0088665954', '1', 'Saskia Khoirunissa', 0, '0088665954', 'Tangerang', '2008-01-14', '3674035401080002', 1, '', '', '', '', '', '', '', '', '', '', 0, '', '', '', '', '', '', '', '', '', '', 0, '', '', '', '', '', '', 0, '', '', '', '', '', '', 0, '', '', '', 2023, '', 'Aktif', '', 'XII - DKV', 'X.DKV', 0),
(1638, '0074348072', '1', 'Tavi Oligarki Pradiko', 1, '0074348072', 'Jakarta', '2007-02-18', '3275021802070007', 1, '', '', '', '', '', '', '', '', '', '', 0, '', '', '', '', '', '', '', '', '', '', 0, '', '', '', '', '', '', 0, '', '', '', '', '', '', 0, '', '', '', 2023, '', 'Aktif', '', 'XII - DKV', 'X.DKV', 0),
(1639, '0082195229', '1', 'Zaskya Ardwina Putri', 0, '0082195229', 'Tangerang', '2008-04-06', '3674044604080003', 1, '', '', '', '', '', '', '', '', '', '', 0, '', '', '', '', '', '', '', '', '', '', 0, '', '', '', '', '', '', 0, '', '', '', '', '', '', 0, '', '', '', 2023, '', 'Aktif', '', 'XII - DKV', 'X.DKV', 0),
(1640, '0071922839', '1', 'Anastasya Ramadhani Ibrahim', 1, '0071922839', 'Tangerang', '2007-10-10', '3674035010070001', 1, '', '', '', '', '', '', '', '', '', '', 0, '', '', '', '', '', '', '', '', '', '', 0, '', '', '', '', '', '', 0, '', '', '', '', '', '', 0, '', '', '', 2023, '', 'Aktif', '', 'XII - MPLB', 'X.MPLB', 0),
(1641, '0082080625', '1', 'Anggun Tri Lestari', 1, '0082080625', 'PURBALINGGA', '2008-08-18', '3303035808080003', 1, '', '', '', '', '', '', '', '', '', '', 0, '', '', '', '', '', '', '', '', '', '', 0, '', '', '', '', '', '', 0, '', '', '', '', '', '', 0, '', '', '', 2023, '', 'Aktif', '', 'XII - MPLB', 'X.MPLB', 0),
(1642, '0088587780', '1', 'Chantika Inestasya', 1, '0088587780', 'TANGERANG', '2008-04-20', '3674036004080011', 1, '', '', '', '', '', '', '', '', '', '', 0, '', '', '', '', '', '', '', '', '', '', 0, '', '', '', '', '', '', 0, '', '', '', '', '', '', 0, '', '', '', 2023, '', 'Aktif', '', 'XII - MPLB', 'X.MPLB', 0),
(1643, '0087753971', '1', 'Cheisya Naira Ramadhanie', 1, '0087753971', 'Tangerang', '2008-09-15', '3674035509080010', 1, '', '', '', '', '', '', '', '', '', '', 0, '', '', '', '', '', '', '', '', '', '', 0, '', '', '', '', '', '', 0, '', '', '', '', '', '', 0, '', '', '', 2023, '', 'Aktif', '', 'XII - MPLB', 'X.MPLB', 0),
(1644, '0081057583', '1', 'Cilla Marcella', 1, '0081057583', 'TANGERANG', '2008-08-22', '3674036208080009', 1, '', '', '', '', '', '', '', '', '', '', 0, '', '', '', '', '', '', '', '', '', '', 0, '', '', '', '', '', '', 0, '', '', '', '', '', '', 0, '', '', '', 2023, '', 'Aktif', '', 'XII - MPLB', 'X.MPLB', 0),
(1645, '0076823248', '1', 'Dealova Lastafara', 1, '0076823248', 'Pemalang', '2008-12-12', '3674035212080008', 1, '', '', '', '', '', '', '', '', '', '', 0, '', '', '', '', '', '', '', '', '', '', 0, '', '', '', '', '', '', 0, '', '', '', '', '', '', 0, '', '', '', 2023, '', 'Aktif', '', 'XII - MPLB', 'X.MPLB', 0),
(1646, '0083429453', '1', 'Dhea Arfianti', 1, '0083429453', 'TANGERANG', '2008-06-19', '3674035906080001', 1, '', '', '', '', '', '', '', '', '', '', 0, '', '', '', '', '', '', '', '', '', '', 0, '', '', '', '', '', '', 0, '', '', '', '', '', '', 0, '', '', '', 2023, '', 'Aktif', '', 'XII - MPLB', 'X.MPLB', 0),
(1647, '0087213294', '1', 'Dwi Budi Utami', 1, '0087213294', 'Tangerang Selatan', '2008-05-14', '3674035405080014', 1, '', '', '', '', '', '', '', '', '', '', 0, '', '', '', '', '', '', '', '', '', '', 0, '', '', '', '', '', '', 0, '', '', '', '', '', '', 0, '', '', '', 2023, '', 'Aktif', '', 'XII - MPLB', 'X.MPLB', 0),
(1648, '0089326570', '1', 'Fajar Ilham', 1, '0089326570', 'TANGERANG', '2008-03-17', '3671121703080001', 1, '', '', '', '', '', '', '', '', '', '', 0, '', '', '', '', '', '', '', '', '', '', 0, '', '', '', '', '', '', 0, '', '', '', '', '', '', 0, '', '', '', 2023, '', 'Aktif', '', 'XII - MPLB', 'X.MPLB', 0),
(1649, '0079062629', '1', 'Farel Firansyah', 1, '0079062629', 'CILEGON', '2007-10-17', '3672056103820002', 1, '', '', '', '', '', '', '', '', '', '', 0, '', '', '', '', '', '', '', '', '', '', 0, '', '', '', '', '', '', 0, '', '', '', '', '', '', 0, '', '', '', 2023, '', 'Aktif', '', 'XII - MPLB', 'X.MPLB', 0),
(1650, '0078106905', '1', 'Iranti Mahardini', 1, '0078106905', 'PACITAN', '2007-12-25', '3501036512070001', 1, '', '', '', '', '', '', '', '', '', '', 0, '', '', '', '', '', '', '', '', '', '', 0, '', '', '', '', '', '', 0, '', '', '', '', '', '', 0, '', '', '', 2023, '', 'Aktif', '', 'XII - MPLB', 'X.MPLB', 0),
(1651, '0089888354', '1', 'Keyla Anisa Bela', 1, '0089888354', 'TANGERANG', '2008-08-07', '3674054708080004', 1, '', '', '', '', '', '', '', '', '', '', 0, '', '', '', '', '', '', '', '', '', '', 0, '', '', '', '', '', '', 0, '', '', '', '', '', '', 0, '', '', '', 2023, '', 'Aktif', '', 'XII - MPLB', 'X.MPLB', 0),
(1652, '3085641111', '1', 'Khadijah Sabha Az-Zahra', 1, '3085641111', 'TANGERANG ', '2008-12-17', '3674025712080002', 1, '', '', '', '', '', '', '', '', '', '', 0, '', '', '', '', '', '', '', '', '', '', 0, '', '', '', '', '', '', 0, '', '', '', '', '', '', 0, '', '', '', 2023, '', 'Aktif', '', 'XII - MPLB', 'X.MPLB', 0),
(1653, '0088010321', '1', 'Meila Evin Riyani', 1, '0088010321', 'Cilacap', '2008-10-09', '3301154910080001', 1, '', '', '', '', '', '', '', '', '', '', 0, '', '', '', '', '', '', '', '', '', '', 0, '', '', '', '', '', '', 0, '', '', '', '', '', '', 0, '', '', '', 2023, '', 'Aktif', '', 'XII - MPLB', 'X.MPLB', 0),
(1654, '0084753404', '1', 'Muhammad Gebriel Khadafi', 1, '0084753404', 'TANGERANG', '2008-02-02', '3674030202080002', 1, '', '', '', '', '', '', '', '', '', '', 0, '', '', '', '', '', '', '', '', '', '', 0, '', '', '', '', '', '', 0, '', '', '', '', '', '', 0, '', '', '', 2023, '', 'Aktif', '', 'XII - MPLB', 'X.MPLB', 0),
(1655, '0087614061', '1', 'Muhammad Hilmi Ramadhan', 1, '0087614061', 'Tangerang', '2008-08-31', '3674033108080001', 1, '', '', '', '', '', '', '', '', '', '', 0, '', '', '', '', '', '', '', '', '', '', 0, '', '', '', '', '', '', 0, '', '', '', '', '', '', 0, '', '', '', 2023, '', 'Aktif', '', 'XII - MPLB', 'X.MPLB', 0),
(1656, '0083893846', '1', 'Muhammad Raihan Gusti Syah Putra', 1, '0083893846', 'Tangerang', '2008-02-15', '3173051502080005', 1, '', '', '', '', '', '', '', '', '', '', 0, '', '', '', '', '', '', '', '', '', '', 0, '', '', '', '', '', '', 0, '', '', '', '', '', '', 0, '', '', '', 2023, '', 'Aktif', '', 'XII - MPLB', 'X.MPLB', 0),
(1657, '0087575211', '1', 'Nayla Nurul Aini', 1, '0087575211', 'Tangerang', '2008-05-12', '3674035205080003', 1, '', '', '', '', '', '', '', '', '', '', 0, '', '', '', '', '', '', '', '', '', '', 0, '', '', '', '', '', '', 0, '', '', '', '', '', '', 0, '', '', '', 2023, '', 'Aktif', '', 'XII - MPLB', 'X.MPLB', 0),
(1658, '0079761170', '1', 'Nur Fadilah', 1, '0079761170', 'TANGERANG', '2007-11-16', '3674045611070007', 1, '', '', '', '', '', '', '', '', '', '', 0, '', '', '', '', '', '', '', '', '', '', 0, '', '', '', '', '', '', 0, '', '', '', '', '', '', 0, '', '', '', 2023, '', 'Aktif', '', 'XII - MPLB', 'X.MPLB', 0),
(1659, '0084253683', '1', 'Ovin Anggita Kirani', 1, '0084253683', 'Banjarnegara', '2008-04-14', '3304015404080001', 1, '', '', '', '', '', '', '', '', '', '', 0, '', '', '', '', '', '', '', '', '', '', 0, '', '', '', '', '', '', 0, '', '', '', '', '', '', 0, '', '', '', 2023, '', 'Aktif', '', 'XII - MPLB', 'X.MPLB', 0),
(1660, '0085410440', '1', 'Rachael Rafnafia', 1, '0085410440', 'Tangerang', '2008-08-07', '3674064708080005', 1, '', '', '', '', '', '', '', '', '', '', 0, '', '', '', '', '', '', '', '', '', '', 0, '', '', '', '', '', '', 0, '', '', '', '', '', '', 0, '', '', '', 2023, '', 'Aktif', '', 'XII - MPLB', 'X.MPLB', 0),
(1661, '0076255911', '1', 'Raisya Indah Cahyani', 1, '0076255911', 'Tangerang', '2007-10-24', '3674036410070008', 1, '', '', '', '', '', '', '', '', '', '', 0, '', '', '', '', '', '', '', '', '', '', 0, '', '', '', '', '', '', 0, '', '', '', '', '', '', 0, '', '', '', 2023, '', 'Aktif', '', 'XII - MPLB', 'X.MPLB', 0),
(1662, '0081229404', '1', 'Selvi Febriyanti', 1, '0081229404', 'TANGERANG', '2008-02-14', '3201176302070001', 1, '', '', '', '', '', '', '', '', '', '', 0, '', '', '', '', '', '', '', '', '', '', 0, '', '', '', '', '', '', 0, '', '', '', '', '', '', 0, '', '', '', 2023, '', 'Aktif', '', 'XII - MPLB', 'X.MPLB', 0),
(1663, '0085016287', '1', 'Stevany Putri Jelita', 1, '0085016287', 'Tangerang', '2008-05-30', '3674037005080007', 1, '', '', '', '', '', '', '', '', '', '', 0, '', '', '', '', '', '', '', '', '', '', 0, '', '', '', '', '', '', 0, '', '', '', '', '', '', 0, '', '', '', 2023, '', 'Aktif', '', 'XII - MPLB', 'X.MPLB', 0),
(1664, '0084232844', '1', 'Tyas Anatasya', 1, '0084232844', 'Jakarta', '2008-05-27', '3174096705080000', 1, '', '', '', '', '', '', '', '', '', '', 0, '', '', '', '', '', '', '', '', '', '', 0, '', '', '', '', '', '', 0, '', '', '', '', '', '', 0, '', '', '', 2023, '', 'Aktif', '', 'XII - MPLB', 'X.MPLB', 0),
(1665, '0075336339', '1', 'Zahrotussifa', 1, '0075336339', 'TANGERANG', '2007-12-03', '3674034312070009', 1, '', '', '', '', '', '', '', '', '', '', 0, '', '', '', '', '', '', '', '', '', '', 0, '', '', '', '', '', '', 0, '', '', '', '', '', '', 0, '', '', '', 2023, '', 'Aktif', '', 'XII - MPLB', 'X.MPLB', 0),
(1886, '202359053', '1', 'Mohamad Zahran Fadhila', 1, '202359053', '', '0000-00-00', '', 1, '', '', '', '', '', '00', '00', '', '', '', 0, '', '', '', '', '', '', '', '', '', '', 0, '', '', '', '', '', '', 0, '', '', '', '', '', '', 0, '', '', '', 2023, '', 'Aktif', '', 'XII - TJKT', 'X.TJKT', 0),
(1885, '202359045', '1', 'Bagas Yusuf Bahtiar', 1, '202359045', '', '0000-00-00', '', 1, '', '', '', '', '', '00', '00', '', '', '', 0, '', '', '', '', '', '', '', '', '', '', 0, '', '', '', '', '', '', 0, '', '', '', '', '', '', 0, '', '', '', 2023, '', 'Aktif', '', 'XII - TJKT', 'X.TJKT', 0),
(1889, '202359001', '1', 'Aila Rahmawati Putri', 2, '202359001', '', '0000-00-00', '', 1, '', '', '', '', '', '00', '00', '', '', '', 0, '', '', '', '', '', '', '', '', '', '', 0, '', '', '', '', '', '', 0, '', '', '', '', '', '', 0, '', '', '', 2023, '', 'Aktif', '', 'XII - AKL', 'X.AKL', 0),
(1888, '202359059', '1', 'Ritmy Azriel Tempessy', 1, '202359059', '', '0000-00-00', '', 1, '', '', '', '', '', '00', '00', '', '', '', 0, '', '', '', '', '', '', '', '', '', '', 0, '', '', '', '', '', '', 0, '', '', '', '', '', '', 0, '', '', '', 2023, '', 'Aktif', '', 'XII - TJKT', 'X.TJKT', 0),
(1887, '1122', '1', 'Muhamad Ibnu Safi', 1, '1122', '', '0000-00-00', '', 1, '', '', '', '', '', '00', '00', '', '', '', 0, '', '', '', '', '', '', '', '', '', '', 0, '', '', '', '', '', '', 0, '', '', '', '', '', '', 0, '', '', '', 2023, '', 'Aktif', '', 'XII - TJKT', 'X.TJKT', 0),
(1890, '20235901', '1', 'Siswa Baru MPLB', 1, '20235901', '', '0000-00-01', '', 1, '', '', '', '', '', '0', '0', '', '', '', 0, '', '', '', '', '', '', '', '', '', '', 0, '', '', '', '', '', '', 0, '', '', '', '', '', '', 0, '', '', '', 2025, '', 'Aktif', '', 'A1', 'XAKL', 0),
(1892, '202459048', '1', 'Aira Zalva Ramadan', 1, '0087325980', 'jakarta', '2015-11-02', '3674037008090001', 1, '', '', '', '', '', '', '', '', '', '', 0, '', '', '', '', '', '', '', '', '', '', 0, '', '', '', '', '', '', 0, '', '', '', '', '', '', 0, '', '', '', 2024, '', 'Aktif', '', 'XI - AKL', 'XI.AKL', 0),
(1893, 'nipd', 'password', 'nama', 0, 'nisn', 'tempat_lahir', '0000-00-00', 'nik', 0, 'kebutuhan_khusus', 'asal_sekolah', 'tanggal_terima', 'tanggal_sah', 'alamat', 'rt', 'rw', 'dusun', 'kelurahan', 'kecamatan', 0, 'jenis_tinggal', 'alat_transportasi', 'telepon', 'hp', 'email', 'skhun', 'penerima_kps', 'no_kps', 'foto', 'nama_ayah', 0, 'pendidikan_ayah', 'pekerjaan_ayah', 'penghasilan_ayah', 'kebutuhan_khusus_ayah', 'no_telpon_ayah', 'nama_ibu', 0, 'pendidikan_ibu', 'pekerjaan_ibu', 'penghasilan_ibu', 'kebutuhan_khusus_ibu', 'no_telpon_ibu', 'nama_wali', 0, 'pendidikan_wali', 'pekerjaan_wali', 'penghasilan_wali', 0, 'status_awal', '', 'tingkat', 'kode_kelas', 'kode_jurus', 0),
(1894, '202459049', '1', 'ANGGREK DIAS RAMADHANI', 1, '0089547424', 'jakarta', '0000-00-00', '3301024909080003', 1, '', '', '', '', '', '', '', '', '', '', 0, '', '', '', '', '', '', '', '', '', '', 0, '', '', '', '', '', '', 0, '', '', '', '', '', '', 0, '', '', '', 2024, '', 'Aktif', '', 'XI - AKL', 'XI.AKL', 0),
(1895, 'nipd', 'password', 'nama', 0, 'nisn', 'tempat_lahir', '0000-00-00', 'nik', 0, 'kebutuhan_khusus', 'asal_sekolah', 'tanggal_terima', 'tanggal_sah', 'alamat', 'rt', 'rw', 'dusun', 'kelurahan', 'kecamatan', 0, 'jenis_tinggal', 'alat_transportasi', 'telepon', 'hp', 'email', 'skhun', 'penerima_kps', 'no_kps', 'foto', 'nama_ayah', 0, 'pendidikan_ayah', 'pekerjaan_ayah', 'penghasilan_ayah', 'kebutuhan_khusus_ayah', 'no_telpon_ayah', 'nama_ibu', 0, 'pendidikan_ibu', 'pekerjaan_ibu', 'penghasilan_ibu', 'kebutuhan_khusus_ibu', 'no_telpon_ibu', 'nama_wali', 0, 'pendidikan_wali', 'pekerjaan_wali', 'penghasilan_wali', 0, 'status_awal', '', 'tingkat', 'kode_kelas', 'kode_jurus', 0),
(1896, '202459050', '1', 'BEMBY NADIRA', 1, '3092961204', 'jakarta', '0000-00-00', '3173075810091005', 1, '', '', '', '', '', '', '', '', '', '', 0, '', '', '', '', '', '', '', '', '', '', 0, '', '', '', '', '', '', 0, '', '', '', '', '', '', 0, '', '', '', 2024, '', 'Aktif', '', 'XI - AKL', 'XI.AKL', 0);
INSERT INTO `rb_siswa` (`id_siswa`, `nipd`, `password`, `nama`, `id_jenis_kelamin`, `nisn`, `tempat_lahir`, `tanggal_lahir`, `nik`, `id_agama`, `kebutuhan_khusus`, `asal_sekolah`, `tanggal_terima`, `tanggal_sah`, `alamat`, `rt`, `rw`, `dusun`, `kelurahan`, `kecamatan`, `kode_pos`, `jenis_tinggal`, `alat_transportasi`, `telepon`, `hp`, `email`, `skhun`, `penerima_kps`, `no_kps`, `foto`, `nama_ayah`, `tahun_lahir_ayah`, `pendidikan_ayah`, `pekerjaan_ayah`, `penghasilan_ayah`, `kebutuhan_khusus_ayah`, `no_telpon_ayah`, `nama_ibu`, `tahun_lahir_ibu`, `pendidikan_ibu`, `pekerjaan_ibu`, `penghasilan_ibu`, `kebutuhan_khusus_ibu`, `no_telpon_ibu`, `nama_wali`, `tahun_lahir_wali`, `pendidikan_wali`, `pekerjaan_wali`, `penghasilan_wali`, `angkatan`, `status_awal`, `status_siswa`, `tingkat`, `kode_kelas`, `kode_jurusan`, `id_sesi`) VALUES
(1897, '202459051', '1', 'Charisya Setiawan Putri', 1, '0087290528', 'jakarta', '0000-00-00', '3674035110080004', 1, '', '', '', '', '', '', '', '', '', '', 0, '', '', '', '', '', '', '', '', '', '', 0, '', '', '', '', '', '', 0, '', '', '', '', '', '', 0, '', '', '', 2024, '', 'Aktif', '', 'XI - AKL', 'XI.AKL', 0),
(1898, '202459052', '1', 'FITRIA RAHMAH', 1, '0086959317', 'jakarta', '0000-00-00', '3674036309080012', 1, '', '', '', '', '', '', '', '', '', '', 0, '', '', '', '', '', '', '', '', '', '', 0, '', '', '', '', '', '', 0, '', '', '', '', '', '', 0, '', '', '', 2024, '', 'Aktif', '', 'XI - AKL', 'XI.AKL', 0),
(1899, '202459079', '1', 'Isnaini Meisya Ardiana', 1, '0095771553', 'jakarta', '0000-00-00', '3323184405090003', 1, '', '', '', '', '', '', '', '', '', '', 0, '', '', '', '', '', '', '', '', '', '', 0, '', '', '', '', '', '', 0, '', '', '', '', '', '', 0, '', '', '', 2024, '', 'Aktif', '', 'XI - AKL', 'XI.AKL', 0),
(1900, '202459053', '1', 'Mohammad Fachri', 1, '3083181446', 'jakarta', '0000-00-00', '3674040203081001', 1, '', '', '', '', '', '', '', '', '', '', 0, '', '', '', '', '', '', '', '', '', '', 0, '', '', '', '', '', '', 0, '', '', '', '', '', '', 0, '', '', '', 2024, '', 'Aktif', '', 'XI - AKL', 'XI.AKL', 0),
(1901, '202459081', '1', 'Nasywa Ramadhani', 1, '0081771445', 'jakarta', '0000-00-00', '3315126009080002', 1, '', '', '', '', '', '', '', '', '', '', 0, '', '', '', '', '', '', '', '', '', '', 0, '', '', '', '', '', '', 0, '', '', '', '', '', '', 0, '', '', '', 2024, '', 'Aktif', '', 'XI - AKL', 'XI.AKL', 0),
(1902, '202459054', '1', 'OLIVIA PUTRI AGUSTINA', 1, '0099570241', 'jakarta', '0000-00-00', '3501085504090002', 1, '', '', '', '', '', '', '', '', '', '', 0, '', '', '', '', '', '', '', '', '', '', 0, '', '', '', '', '', '', 0, '', '', '', '', '', '', 0, '', '', '', 2024, '', 'Aktif', '', 'XI - AKL', 'XI.AKL', 0),
(1903, '202459055', '1', 'QUANEISHA FAIHA', 1, '0095706002', 'jakarta', '0000-00-00', '3671065304090001', 1, '', '', '', '', '', '', '', '', '', '', 0, '', '', '', '', '', '', '', '', '', '', 0, '', '', '', '', '', '', 0, '', '', '', '', '', '', 0, '', '', '', 2024, '', 'Aktif', '', 'XI - AKL', 'XI.AKL', 0),
(1904, '202459056', '1', 'RISTIYA AULIA', 1, '3090788832', 'jakarta', '0000-00-00', '3674034701090011', 1, '', '', '', '', '', '', '', '', '', '', 0, '', '', '', '', '', '', '', '', '', '', 0, '', '', '', '', '', '', 0, '', '', '', '', '', '', 0, '', '', '', 2024, '', 'Aktif', '', 'XI - AKL', 'XI.AKL', 0),
(1905, '202459057', '1', 'SAGITA RIZQIKA NINGRUM', 1, '0092524802', 'jakarta', '0000-00-00', '3306135403090001', 1, '', '', '', '', '', '', '', '', '', '', 0, '', '', '', '', '', '', '', '', '', '', 0, '', '', '', '', '', '', 0, '', '', '', '', '', '', 0, '', '', '', 2024, '', 'Aktif', '', 'XI - AKL', 'XI.AKL', 0),
(1906, '202459058', '1', 'Syifa Maulina', 1, '0099153470', 'jakarta', '0000-00-00', '3674046006090004', 1, '', '', '', '', '', '', '', '', '', '', 0, '', '', '', '', '', '', '', '', '', '', 0, '', '', '', '', '', '', 0, '', '', '', '', '', '', 0, '', '', '', 2024, '', 'Aktif', '', 'XI - AKL', 'XI.AKL', 0),
(1907, '202459059', '1', 'ARUM SIS UTAMI', 1, '0097982152', 'TANGERANG\r\n', '2015-11-02', '3302014707090002', 1, '', '', '', '', '', '', '', '', '', '', 0, '', '', '', '', '', '', '', '', '', '', 0, '', '', '', '', '', '', 0, '', '', '', '', '', '', 0, '', '', '', 2024, '', 'Aktif', '', 'XI - MPLB', 'XI.MPLB', 1),
(1908, 'nipd', 'password', 'nama', 0, 'nisn', 'tempat_lahir', '0000-00-00', 'nik', 0, 'kebutuhan_khusus', 'asal_sekolah', 'tanggal_terima', 'tanggal_sah', 'alamat', 'rt', 'rw', 'dusun', 'kelurahan', 'kecamatan', 0, 'jenis_tinggal', 'alat_transportasi', 'telepon', 'hp', 'email', 'skhun', 'penerima_kps', 'no_kps', 'foto', 'nama_ayah', 0, 'pendidikan_ayah', 'pekerjaan_ayah', 'penghasilan_ayah', 'kebutuhan_khusus_ayah', 'no_telpon_ayah', 'nama_ibu', 0, 'pendidikan_ibu', 'pekerjaan_ibu', 'penghasilan_ibu', 'kebutuhan_khusus_ibu', 'no_telpon_ibu', 'nama_wali', 0, 'pendidikan_wali', 'pekerjaan_wali', 'penghasilan_wali', 0, 'status_awal', '', 'tingkat', 'kode_kelas', 'kode_jurus', 0),
(1909, '202459060', '1', 'Cahya Dina Al Mira', 1, '0096944802', 'Kebumen', '0000-00-00', '3305175708090003', 1, '', '', '', '', '', '', '', '', '', '', 0, '', '', '', '', '', '', '', '', '', '', 0, '', '', '', '', '', '', 0, '', '', '', '', '', '', 0, '', '', '', 2024, '', 'Aktif', '', 'XI - MPLB', 'XI.MPLB', 0),
(1910, '202459061', '1', 'Cindy Amalia Putri', 1, '0087861882', 'Tangerang', '0000-00-00', '3671066312080003', 1, '', '', '', '', '', '', '', '', '', '', 0, '', '', '', '', '', '', '', '', '', '', 0, '', '', '', '', '', '', 0, '', '', '', '', '', '', 0, '', '', '', 2024, '', 'Aktif', '', 'XI - MPLB', 'XI.MPLB', 0),
(1911, '202459062', '1', 'Demas Tsamratul Anhar', 1, '0093048908', 'Tangerang', '0000-00-00', '3674030207090010', 1, '', '', '', '', '', '', '', '', '', '', 0, '', '', '', '', '', '', '', '', '', '', 0, '', '', '', '', '', '', 0, '', '', '', '', '', '', 0, '', '', '', 2024, '', 'Aktif', '', 'XI - MPLB', 'XI.MPLB', 0),
(1912, '202459063', '1', 'DESNITA KARINA FITRI', 1, '0083344499', 'JAKARTA', '0000-00-00', '3174106612080003', 1, '', '', '', '', '', '', '', '', '', '', 0, '', '', '', '', '', '', '', '', '', '', 0, '', '', '', '', '', '', 0, '', '', '', '', '', '', 0, '', '', '', 2024, '', 'Aktif', '', 'XI - MPLB', 'XI.MPLB', 0),
(1913, '202459080', '1', 'KEYLA SITA RAMADHANI', 1, '3084570515', 'TANGERANG', '0000-00-00', '3674035009080003', 1, '', '', '', '', '', '', '', '', '', '', 0, '', '', '', '', '', '', '', '', '', '', 0, '', '', '', '', '', '', 0, '', '', '', '', '', '', 0, '', '', '', 2024, '', 'Aktif', '', 'XI - MPLB', 'XI.MPLB', 0),
(1914, '202459064', '1', 'KHAIRI IBRAHIM', 1, '0094656745', 'Tangerang', '0000-00-00', '3674030104090004', 1, '', '', '', '', '', '', '', '', '', '', 0, '', '', '', '', '', '', '', '', '', '', 0, '', '', '', '', '', '', 0, '', '', '', '', '', '', 0, '', '', '', 2024, '', 'Aktif', '', 'XI - MPLB', 'XI.MPLB', 0),
(1915, '202459065', '1', 'KHANZA', 1, '0096002978', 'Tangerang Selatan', '0000-00-00', '3674036101090008', 1, '', '', '', '', '', '', '', '', '', '', 0, '', '', '', '', '', '', '', '', '', '', 0, '', '', '', '', '', '', 0, '', '', '', '', '', '', 0, '', '', '', 2024, '', 'Aktif', '', 'XI - MPLB', 'XI.MPLB', 0),
(1916, '202459067', '1', 'Marissa Azzahra', 1, '0089135550', 'Tangerang', '0000-00-00', '3521035703080002', 1, '', '', '', '', '', '', '', '', '', '', 0, '', '', '', '', '', '', '', '', '', '', 0, '', '', '', '', '', '', 0, '', '', '', '', '', '', 0, '', '', '', 2024, '', 'Aktif', '', 'XI - MPLB', 'XI.MPLB', 0),
(1917, '202459069', '1', 'MUHAMAD BADAR RAYA', 1, '0087942249', 'Tegal', '0000-00-00', '3173051203081001', 1, '', '', '', '', '', '', '', '', '', '', 0, '', '', '', '', '', '', '', '', '', '', 0, '', '', '', '', '', '', 0, '', '', '', '', '', '', 0, '', '', '', 2024, '', 'Aktif', '', 'XI - MPLB', 'XI.MPLB', 0),
(1918, '202459068', '1', 'Muhammad Ardiyanto Ramadhan', 1, '0084378757', 'Tangerang', '0000-00-00', '3671060909080005', 1, '', '', '', '', '', '', '', '', '', '', 0, '', '', '', '', '', '', '', '', '', '', 0, '', '', '', '', '', '', 0, '', '', '', '', '', '', 0, '', '', '', 2024, '', 'Aktif', '', 'XI - MPLB', 'XI.MPLB', 0),
(1919, '202459070', '1', 'Muhammad Farhan', 1, '0091783693', 'Tangerang', '0000-00-00', '3674031507090004', 1, '', '', '', '', '', '', '', '', '', '', 0, '', '', '', '', '', '', '', '', '', '', 0, '', '', '', '', '', '', 0, '', '', '', '', '', '', 0, '', '', '', 2024, '', 'Aktif', '', 'XI - MPLB', 'XI.MPLB', 0),
(1920, '202459071', '1', 'NABIL NUR RIFQY', 1, '0093640811', 'TANGERANG', '0000-00-00', '3304090607090001', 1, '', '', '', '', '', '', '', '', '', '', 0, '', '', '', '', '', '', '', '', '', '', 0, '', '', '', '', '', '', 0, '', '', '', '', '', '', 0, '', '', '', 2024, '', 'Aktif', '', 'XI - MPLB', 'XI.MPLB', 0),
(1921, '202459072', '1', 'NAYLA OLIVIA RAMADANI', 1, '0094178294', 'MARGA BATIN', '0000-00-00', '1807206308090001', 1, '', '', '', '', '', '', '', '', '', '', 0, '', '', '', '', '', '', '', '', '', '', 0, '', '', '', '', '', '', 0, '', '', '', '', '', '', 0, '', '', '', 2024, '', 'Aktif', '', 'XI - MPLB', 'XI.MPLB', 0),
(1922, '202459073', '1', 'NAZMI ZAKKIAH', 1, '3091666244', 'TANGERANG', '0000-00-00', '3674035605090006', 1, '', '', '', '', '', '', '', '', '', '', 0, '', '', '', '', '', '', '', '', '', '', 0, '', '', '', '', '', '', 0, '', '', '', '', '', '', 0, '', '', '', 2024, '', 'Aktif', '', 'XI - MPLB', 'XI.MPLB', 0),
(1923, '202459074', '1', 'SABRINA NURUL AISYAH', 1, '3086609313', 'TANGERANG', '0000-00-00', '3674036605080008', 1, '', '', '', '', '', '', '', '', '', '', 0, '', '', '', '', '', '', '', '', '', '', 0, '', '', '', '', '', '', 0, '', '', '', '', '', '', 0, '', '', '', 2024, '', 'Aktif', '', 'XI - MPLB', 'XI.MPLB', 0),
(1924, '202459075', '1', 'SALWA SALSABILA', 1, '0095734916', 'TANGERANG', '0000-00-00', '3674034906090006', 1, '', '', '', '', '', '', '', '', '', '', 0, '', '', '', '', '', '', '', '', '', '', 0, '', '', '', '', '', '', 0, '', '', '', '', '', '', 0, '', '', '', 2024, '', 'Aktif', '', 'XI - MPLB', 'XI.MPLB', 0),
(1925, '202459076', '1', 'Sasqya Manohara', 1, '0092800291', 'Tangerang', '0000-00-00', '3674036006090002', 1, '', '', '', '', '', '', '', '', '', '', 0, '', '', '', '', '', '', '', '', '', '', 0, '', '', '', '', '', '', 0, '', '', '', '', '', '', 0, '', '', '', 2024, '', 'Aktif', '', 'XI - MPLB', 'XI.MPLB', 0),
(1926, '202459077', '1', 'Thalitha Syahda', 1, '3098357075', 'Tangerang', '0000-00-00', '3674034604090003', 1, '', '', '', '', '', '', '', '', '', '', 0, '', '', '', '', '', '', '', '', '', '', 0, '', '', '', '', '', '', 0, '', '', '', '', '', '', 0, '', '', '', 2024, '', 'Aktif', '', 'XI - MPLB', 'XI.MPLB', 0),
(1927, 'nipd', 'password', 'nama', 0, 'nisn', 'tempat_lahir', '0000-00-00', 'nik', 0, 'kebutuhan_khusus', 'asal_sekolah', 'tanggal_terima', 'tanggal_sah', 'alamat', 'rt', 'rw', 'dusun', 'kelurahan', 'kecamatan', 0, 'jenis_tinggal', 'alat_transportasi', 'telepon', 'hp', 'email', 'skhun', 'penerima_kps', 'no_kps', 'foto', 'nama_ayah', 0, 'pendidikan_ayah', 'pekerjaan_ayah', 'penghasilan_ayah', 'kebutuhan_khusus_ayah', 'no_telpon_ayah', 'nama_ibu', 0, 'pendidikan_ibu', 'pekerjaan_ibu', 'penghasilan_ibu', 'kebutuhan_khusus_ibu', 'no_telpon_ibu', 'nama_wali', 0, 'pendidikan_wali', 'pekerjaan_wali', 'penghasilan_wali', 0, 'status_awal', '', 'tingkat', 'kode_kelas', 'kode_jurus', 0),
(1928, '202459001', '1', 'ADDI ABIMAYU', 1, '0082027662', '', '0000-00-00', '', 0, '', '', '', '', '', '', '', '', '', '', 0, '', '', '', '', '', '', '', '', '', '', 0, '', '', '', '', '', '', 0, '', '', '', '', '', '', 0, '', '', '', 2024, '', 'Aktif', '', 'XI - TJKT', 'XI.TJKT', 0),
(1929, '202459003', '1', 'Akbar Reski Fahrezi', 1, '0096350775', 'Banyumas', '0000-00-00', '3302171206090001', 1, '', '', '', '', '', '', '', '', '', '', 0, '', '', '', '', '', '', '', '', '', '', 0, '', '', '', '', '', '', 0, '', '', '', '', '', '', 0, '', '', '', 2024, '', 'Aktif', '', 'XI - TJKT', 'X.TJKT', 0),
(1930, '202459000', '1', 'AZARENKA AL FAEZ', 1, '0091000736', 'Tangerang', '0000-00-00', '3674032703090006', 1, '', '', '', '', '', '', '', '', '', '', 0, '', '', '', '', '', '', '', '', '', '', 0, '', '', '', '', '', '', 0, '', '', '', '', '', '', 0, '', '', '', 2024, '', 'Aktif', '', 'XI - TJKT', 'XI.TJKT', 0),
(1931, '202459004', '1', 'BAGUS BIMA PRADITYA', 1, '0089202469', 'JAKARTA', '0000-00-00', '3671131504080007', 1, '', '', '', '', '', '', '', '', '', '', 0, '', '', '', '', '', '', '', '', '', '', 0, '', '', '', '', '', '', 0, '', '', '', '', '', '', 0, '', '', '', 2024, '', 'Aktif', '', 'XI - TJKT', 'XI.TJKT', 0),
(1932, '202459005', '1', 'Faisal Kamil', 1, '0099171151', 'Tangerang', '0000-00-00', '3674031109080004', 1, '', '', '', '', '', '', '', '', '', '', 0, '', '', '', '', '', '', '', '', '', '', 0, '', '', '', '', '', '', 0, '', '', '', '', '', '', 0, '', '', '', 2024, '', 'Aktif', '', 'XI - TJKT', 'XI.TJKT', 0),
(1933, '202459006', '1', 'Faiz Fallah Azwar', 1, '0088155023', 'Depok', '0000-00-00', '3674043011080012', 1, '', '', '', '', '', '', '', '', '', '', 0, '', '', '', '', '', '', '', '', '', '', 0, '', '', '', '', '', '', 0, '', '', '', '', '', '', 0, '', '', '', 2024, '', 'Aktif', '', 'XI - TJKT', 'XI.TJKT', 0),
(1934, '202459007', '1', 'HANUNG BRAMANTHYO', 1, '0088810255', 'TANGERANG', '0000-00-00', '3674030706080001', 1, '', '', '', '', '', '', '', '', '', '', 0, '', '', '', '', '', '', '', '', '', '', 0, '', '', '', '', '', '', 0, '', '', '', '', '', '', 0, '', '', '', 2024, '', 'Aktif', '', 'XI - TJKT', 'XI.TJKT', 0),
(1935, '202459008', '1', 'Iksan Fadil Rizkan', 1, '0083965527', 'Tangerang', '0000-00-00', '3674031212080012', 1, '', '', '', '', '', '', '', '', '', '', 0, '', '', '', '', '', '', '', '', '', '', 0, '', '', '', '', '', '', 0, '', '', '', '', '', '', 0, '', '', '', 2024, '', 'Aktif', '', 'XI - TJKT', 'XI.TJKT', 0),
(1936, '202459009', '1', 'JULIETA URWATUL WUSQO', 1, '0094693001', 'TANGERANG', '0000-00-00', '3674034407090002', 1, '', '', '', '', '', '', '', '', '', '', 0, '', '', '', '', '', '', '', '', '', '', 0, '', '', '', '', '', '', 0, '', '', '', '', '', '', 0, '', '', '', 2024, '', 'Aktif', '', 'XI - TJKT', 'XI.TJKT', 0),
(1937, '202459010', '1', 'Keisha Fehima Chalisa', 1, '0095870478', 'T KARANG', '0000-00-00', '3674036104090010', 1, '', '', '', '', '', '', '', '', '', '', 0, '', '', '', '', '', '', '', '', '', '', 0, '', '', '', '', '', '', 0, '', '', '', '', '', '', 0, '', '', '', 2024, '', 'Aktif', '', 'XI - TJKT', 'XI.TJKT', 0),
(1938, '202459096', '1', 'KHALFANO ARYAPUTRA PRASETYA', 1, '0091984464', 'TANGERANG', '0000-00-00', '3674031608090001', 1, '', '', '', '', '', '', '', '', '', '', 0, '', '', '', '', '', '', '', '', '', '', 0, '', '', '', '', '', '', 0, '', '', '', '', '', '', 0, '', '', '', 2024, '', 'Aktif', '', 'XI - TJKT', 'XI.TJKT', 0),
(1939, '202459011', '1', 'KHINAN AFLAH PRATAMA', 1, '0094710185', 'Banyumas', '0000-00-00', '3602112004090002', 1, '', '', '', '', '', '', '', '', '', '', 0, '', '', '', '', '', '', '', '', '', '', 0, '', '', '', '', '', '', 0, '', '', '', '', '', '', 0, '', '', '', 2024, '', 'Aktif', '', 'XI - TJKT', 'XI.TJKT', 0),
(1940, '202459012', '1', 'MUHAMAD AQMAL ZAVI', 1, '0094708903', 'TANGERANG', '0000-00-00', '3674031202090006', 1, '', '', '', '', '', '', '', '', '', '', 0, '', '', '', '', '', '', '', '', '', '', 0, '', '', '', '', '', '', 0, '', '', '', '', '', '', 0, '', '', '', 2024, '', 'Aktif', '', 'XI - TJKT', 'XI.TJKT', 0),
(1941, '202459013', '1', 'Muhamad Pasha Dwi Putra', 1, '3079282968', 'Tangerang', '0000-00-00', '3674032302070001', 1, '', '', '', '', '', '', '', '', '', '', 0, '', '', '', '', '', '', '', '', '', '', 0, '', '', '', '', '', '', 0, '', '', '', '', '', '', 0, '', '', '', 2024, '', 'Aktif', '', 'XI - TJKT', 'XI.TJKT', 0),
(1942, '202459014', '1', 'Muhammad Afan Az Zahri', 1, '0094949580', 'Tangerang', '0000-00-00', '3671112810080013', 1, '', '', '', '', '', '', '', '', '', '', 0, '', '', '', '', '', '', '', '', '', '', 0, '', '', '', '', '', '', 0, '', '', '', '', '', '', 0, '', '', '', 2024, '', 'Aktif', '', 'XI - TJKT', 'XI.TJKT', 0),
(1943, '202459015', '1', 'MUHAMMAD FAISAL', 1, '3093237235', 'TANGERANG SELATAN', '0000-00-00', '3674042704090001', 1, '', '', '', '', '', '', '', '', '', '', 0, '', '', '', '', '', '', '', '', '', '', 0, '', '', '', '', '', '', 0, '', '', '', '', '', '', 0, '', '', '', 2024, '', 'Aktif', '', 'XI - TJKT', 'XI.TJKT', 0),
(1944, '202459016', '1', 'Muhammad Irsyad Albais', 1, '0084034981', 'Tangerang', '0000-00-00', '3674041511081001', 1, '', '', '', '', '', '', '', '', '', '', 0, '', '', '', '', '', '', '', '', '', '', 0, '', '', '', '', '', '', 0, '', '', '', '', '', '', 0, '', '', '', 2024, '', 'Aktif', '', 'XI - TJKT', 'XI.TJKT', 0),
(1945, '202459017', '1', 'Muhammad Rifqi Hibatullah', 1, '0084150889', 'Jakarta', '0000-00-00', '3674030411080010', 1, '', '', '', '', '', '', '', '', '', '', 0, '', '', '', '', '', '', '', '', '', '', 0, '', '', '', '', '', '', 0, '', '', '', '', '', '', 0, '', '', '', 2024, '', 'Aktif', '', 'XI - TJKT', 'XI.TJKT', 0),
(1946, '202459018', '1', 'Muhammad Rizki Abdilah', 1, '0084683530', 'Tangerang', '0000-00-00', '3674030410080002', 1, '', '', '', '', '', '', '', '', '', '', 0, '', '', '', '', '', '', '', '', '', '', 0, '', '', '', '', '', '', 0, '', '', '', '', '', '', 0, '', '', '', 2024, '', 'Aktif', '', 'XI - TJKT', 'XI.TJKT', 0),
(1947, '202459019', '1', 'Nazwa Tu Nissa', 1, '0082343629', 'Tangerang', '0000-00-00', '3674035012080002', 1, '', '', '', '', '', '', '', '', '', '', 0, '', '', '', '', '', '', '', '', '', '', 0, '', '', '', '', '', '', 0, '', '', '', '', '', '', 0, '', '', '', 2024, '', 'Aktif', '', 'XI - TJKT', 'XI.TJKT', 0),
(1948, '202459020', '1', 'Raffa Dwi Aditya', 1, '0092779385', 'Jakarta', '0000-00-00', '3674030302090001', 1, '', '', '', '', '', '', '', '', '', '', 0, '', '', '', '', '', '', '', '', '', '', 0, '', '', '', '', '', '', 0, '', '', '', '', '', '', 0, '', '', '', 2024, '', 'Aktif', '', 'XI - TJKT', 'XI.TJKT', 0),
(1949, '202459021', '1', 'REZKY APRILLIO', 1, '0098235882', 'TANGERANG', '0000-00-00', '3674052404090010', 1, '', '', '', '', '', '', '', '', '', '', 0, '', '', '', '', '', '', '', '', '', '', 0, '', '', '', '', '', '', 0, '', '', '', '', '', '', 0, '', '', '', 2024, '', 'Aktif', '', 'XI - TJKT', 'XI.TJKT', 0),
(1950, '202459022', '1', 'SYAFA\'ATUL HUZMAH', 1, '0091788922', 'JAKARTA', '0000-00-00', '3671136503090003', 1, '', '', '', '', '', '', '', '', '', '', 0, '', '', '', '', '', '', '', '', '', '', 0, '', '', '', '', '', '', 0, '', '', '', '', '', '', 0, '', '', '', 2024, '', 'Aktif', '', 'XI - TJKT', 'XI.TJKT', 0),
(1951, '202459023', '1', 'Viba Aidil Putra Yanhar', 1, '0082748617', 'Jakarta', '0000-00-00', '3674030110081001', 1, '', '', '', '', '', '', '', '', '', '', 0, '', '', '', '', '', '', '', '', '', '', 0, '', '', '', '', '', '', 0, '', '', '', '', '', '', 0, '', '', '', 2024, '', 'Aktif', '', 'XI - TJKT', 'XI.TJKT', 0),
(1952, 'nipd', 'password', 'nama', 1, 'nisn', 'tempat_lahir', '0000-00-00', 'nik', 0, 'kebutuhan_khusus', 'asal_sekolah', 'tanggal_terima', 'tanggal_sah', 'alamat', 'rt', 'rw', 'dusun', 'kelurahan', 'kecamatan', 0, 'jenis_tinggal', 'alat_transportasi', 'telepon', 'hp', 'email', 'skhun', 'penerima_kps', 'no_kps', 'foto', 'nama_ayah', 0, 'pendidikan_ayah', 'pekerjaan_ayah', 'penghasilan_ayah', 'kebutuhan_khusus_ayah', 'no_telpon_ayah', 'nama_ibu', 0, 'pendidikan_ibu', 'pekerjaan_ibu', 'penghasilan_ibu', 'kebutuhan_khusus_ibu', 'no_telpon_ibu', 'nama_wali', 0, 'pendidikan_wali', 'pekerjaan_wali', 'penghasilan_wali', 0, 'status_awal', '', 'tingkat', 'kode_kelas', 'kode_jurus', 0),
(1953, '202459095', '1', 'ACHMAD IRWANSYAH', 1, '3086270586', 'TANGERANG', '0000-00-00', '3674032410080011', 1, '', '', '', '', '', '', '', '', '', '', 0, '', '', '', '', '', '', '', '', '', '', 0, '', '', '', '', '', '', 0, '', '', '', '', '', '', 0, '', '', '', 2024, '', 'Aktif', '', 'XI - DKV', 'XI.DKV', 0),
(1954, '202459024', '1', 'AGUSTINA RAMADHANTI', 1, '0094091592', 'GUNUNGKIDUL', '0000-00-00', '3403096908090001', 1, '', '', '', '', '', '', '', '', '', '', 0, '', '', '', '', '', '', '', '', '', '', 0, '', '', '', '', '', '', 0, '', '', '', '', '', '', 0, '', '', '', 2024, '', 'Aktif', '', 'XI - DKV', 'XI.DKV', 0),
(1955, '202459025', '1', 'AHMAD FERY FIRDAUS', 1, '0096554279', 'JAKARTA', '0000-00-00', '3276020104090005', 1, '', '', '', '', '', '', '', '', '', '', 0, '', '', '', '', '', '', '', '', '', '', 0, '', '', '', '', '', '', 0, '', '', '', '', '', '', 0, '', '', '', 2024, '', 'Aktif', '', 'XI - DKV', 'XI.DKV', 0),
(1956, '202459026', '1', 'AIRIN KUSUMAWATI', 1, '0082457334', 'TANGERANG', '0000-00-00', '3674035308080002', 1, '', '', '', '', '', '', '', '', '', '', 0, '', '', '', '', '', '', '', '', '', '', 0, '', '', '', '', '', '', 0, '', '', '', '', '', '', 0, '', '', '', 2024, '', 'Aktif', '', 'XI - DKV', 'XI.DKV', 0),
(1957, '202459028', '1', 'AZZAM RIFAT SAPUTRA', 1, '0083596957', 'Tangerang', '0000-00-00', '3674032709080002', 1, '', '', '', '', '', '', '', '', '', '', 0, '', '', '', '', '', '', '', '', '', '', 0, '', '', '', '', '', '', 0, '', '', '', '', '', '', 0, '', '', '', 2024, '', 'Aktif', '', 'XI - DKV', 'XI.DKV', 0),
(1958, '202459029', '1', 'Diva Desthiya', 1, '0081865760', 'Tangerang', '0000-00-00', '3674065912080010', 1, '', '', '', '', '', '', '', '', '', '', 0, '', '', '', '', '', '', '', '', '', '', 0, '', '', '', '', '', '', 0, '', '', '', '', '', '', 0, '', '', '', 2024, '', 'Aktif', '', 'XI - DKV', 'XI.DKV', 0),
(1959, '202459030', '1', 'GALUH NUNNAH FATIMAH', 1, '3095182319', 'TANGERANG SELATAN', '0000-00-00', '3325135902090002', 1, '', '', '', '', '', '', '', '', '', '', 0, '', '', '', '', '', '', '', '', '', '', 0, '', '', '', '', '', '', 0, '', '', '', '', '', '', 0, '', '', '', 2024, '', 'Aktif', '', 'XI - DKV', 'XI.DKV', 0),
(1960, '202459078', '1', 'Gendhis Savana Kyandaru', 1, '0098480875', 'Tangerang', '0000-00-00', '3674035107090005', 1, '', '', '', '', '', '', '', '', '', '', 0, '', '', '', '', '', '', '', '', '', '', 0, '', '', '', '', '', '', 0, '', '', '', '', '', '', 0, '', '', '', 2024, '', 'Aktif', '', 'XI - DKV', 'XI.DKV', 0),
(1961, '202459031', '1', 'GHIFALDO APRILYANSYAH', 1, '0096585326', 'TANGERANG SELATAN', '0000-00-00', '3674031904091001', 1, '', '', '', '', '', '', '', '', '', '', 0, '', '', '', '', '', '', '', '', '', '', 0, '', '', '', '', '', '', 0, '', '', '', '', '', '', 0, '', '', '', 2024, '', 'Aktif', '', 'XI - DKV', 'XI.DKV', 0),
(1962, '202459032', '1', 'Izni Karina Wulan Dari', 1, '0086014820', 'Jakarta', '0000-00-00', '3174075507081003', 1, '', '', '', '', '', '', '', '', '', '', 0, '', '', '', '', '', '', '', '', '', '', 0, '', '', '', '', '', '', 0, '', '', '', '', '', '', 0, '', '', '', 2024, '', 'Aktif', '', 'XI - DKV', 'XI.DKV', 0),
(1963, '202459033', '1', 'KHORISAH NURAINI', 1, '0086833352', 'Tangerang', '0000-00-00', '3674035808080004', 1, '', '', '', '', '', '', '', '', '', '', 0, '', '', '', '', '', '', '', '', '', '', 0, '', '', '', '', '', '', 0, '', '', '', '', '', '', 0, '', '', '', 2024, '', 'Aktif', '', 'XI - DKV', 'XI.DKV', 0),
(1964, '202459034', '1', 'Luthfi Al Hauwaidi', 1, '0098346224', 'Tangerang', '0000-00-00', '3674032404090001', 1, '', '', '', '', '', '', '', '', '', '', 0, '', '', '', '', '', '', '', '', '', '', 0, '', '', '', '', '', '', 0, '', '', '', '', '', '', 0, '', '', '', 2024, '', 'Aktif', '', 'XI - DKV', 'XI.DKV', 0),
(1965, '202459036', '1', 'Muhamad Rafli Arifin', 1, '3087343930', 'Tangerang', '0000-00-00', '3674031702090005', 1, '', '', '', '', '', '', '', '', '', '', 0, '', '', '', '', '', '', '', '', '', '', 0, '', '', '', '', '', '', 0, '', '', '', '', '', '', 0, '', '', '', 2024, '', 'Aktif', '', 'XI - DKV', 'XI.DKV', 0),
(1966, '202459037', '1', 'MUHAMMAD HARIS ABDUL WAHAB', 1, '3086543312', 'TANGERANG', '0000-00-00', '3674031911090009', 1, '', '', '', '', '', '', '', '', '', '', 0, '', '', '', '', '', '', '', '', '', '', 0, '', '', '', '', '', '', 0, '', '', '', '', '', '', 0, '', '', '', 2024, '', 'Aktif', '', 'XI - DKV', 'XI.DKV', 0),
(1967, '202459038', '1', 'Muhammad Viky Firdaus', 1, '0099179236', 'Jakarta', '0000-00-00', '3173082803091001', 1, '', '', '', '', '', '', '', '', '', '', 0, '', '', '', '', '', '', '', '', '', '', 0, '', '', '', '', '', '', 0, '', '', '', '', '', '', 0, '', '', '', 2024, '', 'Aktif', '', 'XI - DKV', 'XI.DKV', 0),
(1968, '202459039', '1', 'NABILA ASYIFA', 1, '0084602260', 'TANGERANG', '0000-00-00', '3674035206080003', 1, '', '', '', '', '', '', '', '', '', '', 0, '', '', '', '', '', '', '', '', '', '', 0, '', '', '', '', '', '', 0, '', '', '', '', '', '', 0, '', '', '', 2024, '', 'Aktif', '', 'XI - DKV', 'XI.DKV', 0),
(1969, '202459040', '1', 'PAISAL ARRASID', 1, '3082821023', 'TANGERANG', '0000-00-00', '3674032111080006', 1, '', '', '', '', '', '', '', '', '', '', 0, '', '', '', '', '', '', '', '', '', '', 0, '', '', '', '', '', '', 0, '', '', '', '', '', '', 0, '', '', '', 2024, '', 'Aktif', '', 'XI - DKV', 'XI.DKV', 0),
(1970, '202459041', '1', 'PRISYA AULIA ZAHWA', 1, '0099796677', 'WONOGIRI', '0000-00-00', '3312216102090002', 1, '', '', '', '', '', '', '', '', '', '', 0, '', '', '', '', '', '', '', '', '', '', 0, '', '', '', '', '', '', 0, '', '', '', '', '', '', 0, '', '', '', 2024, '', 'Aktif', '', 'XI - DKV', 'XI.DKV', 0),
(1971, '202459042', '1', 'RADITYA JANUAR', 1, '0094509526', 'TANGERANG', '0000-00-00', '3674030301090002', 1, '', '', '', '', '', '', '', '', '', '', 0, '', '', '', '', '', '', '', '', '', '', 0, '', '', '', '', '', '', 0, '', '', '', '', '', '', 0, '', '', '', 2024, '', 'Aktif', '', 'XI - DKV', 'XI.DKV', 0),
(1972, '202459043', '1', 'RAHMA DANIANTI', 1, '0085716581', 'TANGERANG', '0000-00-00', '3674036709080011', 1, '', '', '', '', '', '', '', '', '', '', 0, '', '', '', '', '', '', '', '', '', '', 0, '', '', '', '', '', '', 0, '', '', '', '', '', '', 0, '', '', '', 2024, '', 'Aktif', '', 'XI - DKV', 'XI.DKV', 0),
(1973, '202459044', '1', 'REYHAN AKSA PUTRA SATRIYA', 1, '0082987111', 'TANGERANG', '0000-00-00', '3671132805080004', 1, '', '', '', '', '', '', '', '', '', '', 0, '', '', '', '', '', '', '', '', '', '', 0, '', '', '', '', '', '', 0, '', '', '', '', '', '', 0, '', '', '', 2024, '', 'Aktif', '', 'XI - DKV', 'XI.DKV', 0),
(1974, '202459045', '1', 'REYSHA FEBRIANSYAH', 1, '0093389555', 'TANGERANG', '0000-00-00', '3674035602090001', 1, '', '', '', '', '', '', '', '', '', '', 0, '', '', '', '', '', '', '', '', '', '', 0, '', '', '', '', '', '', 0, '', '', '', '', '', '', 0, '', '', '', 2024, '', 'Aktif', '', 'XI - DKV', 'XI.DKV', 0),
(1975, '202459046', '1', 'SEPTIA TIARA AMANDA', 1, '3089259224', 'TANGERANG', '0000-00-00', '3674035106070006', 1, '', '', '', '', '', '', '', '', '', '', 0, '', '', '', '', '', '', '', '', '', '', 0, '', '', '', '', '', '', 0, '', '', '', '', '', '', 0, '', '', '', 2024, '', 'Aktif', '', 'XI - DKV', 'XI.DKV', 0),
(1976, '202459047', '1', 'Seynna Shelly Ferdian', 1, '0091817993', 'TANGERANG', '0000-00-00', '3674033101090002', 1, '', '', '', '', '', '', '', '', '', '', 0, '', '', '', '', '', '', '', '', '', '', 0, '', '', '', '', '', '', 0, '', '', '', '', '', '', 0, '', '', '', 2023, '', 'Aktif', '', 'XI - DKV', 'XI.DKV', 0),
(1977, '00009000', '1', 'siswa demo tjkt', 1, '009888999', 'jakarta', '0000-00-00', '', 1, '', '', '', '', '', '', '', '', '', '', 0, '', '', '', '', '', '', '', '', '', '', 0, '', '', '', '', '', '', 0, '', '', '', '', '', '', 0, '', '', '', 2024, '', 'Aktif', '', 'XI - TJKT', 'XI.TJKT', 0),
(1978, '00900', '1', 'siswa demo 2', 1, '010900', '', '0000-00-00', '', 0, '', '', '', '', '', '', '', '', '', '', 0, '', '', '', '', '', '', '', '', '', '', 0, '', '', '', '', '', '', 0, '', '', '', '', '', '', 0, '', '', '', 0, '', 'Aktif', '', 'XI - TJKT', 'XI.TJKT', 0),
(1979, 'nipd', 'password', 'nama', 0, 'nisn', 'tempat_lahir', '0000-00-00', 'nik', 0, 'kebutuhan_khusus', 'asal_sekolah', 'tanggal_terima', 'tanggal_sah', 'alamat', 'rt', 'rw', 'dusun', 'kelurahan', 'kecamatan', 0, 'jenis_tinggal', 'alat_transportasi', 'telepon', 'hp', 'email', 'skhun', 'penerima_kps', 'no_kps', 'foto', 'nama_ayah', 0, 'pendidikan_ayah', 'pekerjaan_ayah', 'penghasilan_ayah', 'kebutuhan_khusus_ayah', 'no_telpon_ayah', 'nama_ibu', 0, 'pendidikan_ibu', 'pekerjaan_ibu', 'penghasilan_ibu', 'kebutuhan_khusus_ibu', 'no_telpon_ibu', 'nama_wali', 0, 'pendidikan_wali', 'pekerjaan_wali', 'penghasilan_wali', 0, 'status_awal', '', 'tingkat', 'kode_kelas', 'kode_jurus', 0),
(1980, '202559001', '1', 'AMANDA LIONTINA', 1, '0097298759', 'TANGERANG', '0000-00-00', '', 0, '', '', '', '', '', '', '', '', '', '', 0, '', '', '', '', '', '', '', '', '', '', 0, '', '', '', '', '', '', 0, '', '', '', '', '', '', 0, '', '', '', 0, '', 'Aktif', '', 'X - AKL', 'X.AKL', 0),
(1981, '202559002', '1', 'Annisa Rosdian syah', 1, '0094824111', 'Tangerang', '0000-00-00', '', 0, '', '', '', '', '', '', '', '', '', '', 0, '', '', '', '', '', '', '', '', '', '', 0, '', '', '', '', '', '', 0, '', '', '', '', '', '', 0, '', '', '', 0, '', 'Aktif', '', 'X - AKL', 'X.AKL', 0),
(1982, '202559003', '1', 'Aulia Isma Maulida', 1, '0091132117', 'Jakarta', '0000-00-00', '', 0, '', '', '', '', '', '', '', '', '', '', 0, '', '', '', '', '', '', '', '', '', '', 0, '', '', '', '', '', '', 0, '', '', '', '', '', '', 0, '', '', '', 0, '', 'Aktif', '', 'X - AKL', 'X.AKL', 0),
(1983, '202559004', '1', 'Aurel Asry Agustini', 1, '3102084661', 'Jakarta', '0000-00-00', '', 0, '', '', '', '', '', '', '', '', '', '', 0, '', '', '', '', '', '', '', '', '', '', 0, '', '', '', '', '', '', 0, '', '', '', '', '', '', 0, '', '', '', 0, '', 'Aktif', '', 'X - AKL', 'X.AKL', 0),
(1984, '202559005', '1', 'Azizah Nurul Aini', 1, '0108846494', 'TANGERANG SELATAN', '0000-00-00', '', 0, '', '', '', '', '', '', '', '', '', '', 0, '', '', '', '', '', '', '', '', '', '', 0, '', '', '', '', '', '', 0, '', '', '', '', '', '', 0, '', '', '', 0, '', 'Aktif', '', 'X - AKL', 'X.AKL', 0),
(1985, '202559006', '1', 'Bima Dwi Putra', 1, '0099452217', 'Tangerang', '0000-00-00', '', 0, '', '', '', '', '', '', '', '', '', '', 0, '', '', '', '', '', '', '', '', '', '', 0, '', '', '', '', '', '', 0, '', '', '', '', '', '', 0, '', '', '', 0, '', 'Aktif', '', 'X - AKL', 'X.AKL', 0),
(1986, '202559007', '1', 'Cantika Dwi Putri Aulia', 1, '0105838239', 'Tangerang Selatan', '0000-00-00', '', 0, '', '', '', '', '', '', '', '', '', '', 0, '', '', '', '', '', '', '', '', '', '', 0, '', '', '', '', '', '', 0, '', '', '', '', '', '', 0, '', '', '', 0, '', 'Aktif', '', 'X - AKL', 'X.AKL', 0),
(1987, '202559008', '1', 'CINTA KIRANA LARASHATI', 1, '0092693921', 'BANDUNG', '0000-00-00', '', 0, '', '', '', '', '', '', '', '', '', '', 0, '', '', '', '', '', '', '', '', '', '', 0, '', '', '', '', '', '', 0, '', '', '', '', '', '', 0, '', '', '', 0, '', 'Aktif', '', 'X - AKL', 'X.AKL', 0),
(1988, '202559009', '1', 'Erica Putri Rahmawati', 1, '0097001282', 'Tangerang', '0000-00-00', '', 0, '', '', '', '', '', '', '', '', '', '', 0, '', '', '', '', '', '', '', '', '', '', 0, '', '', '', '', '', '', 0, '', '', '', '', '', '', 0, '', '', '', 0, '', 'Aktif', '', 'X - AKL', 'X.AKL', 0),
(1989, '202559010', '1', 'FITRIANA', 1, '0082734060', 'TANGERANG', '0000-00-00', '', 0, '', '', '', '', '', '', '', '', '', '', 0, '', '', '', '', '', '', '', '', '', '', 0, '', '', '', '', '', '', 0, '', '', '', '', '', '', 0, '', '', '', 0, '', 'Aktif', '', 'X - AKL', 'X.AKL', 0),
(1990, '202559011', '1', 'JANEETA NAJLA RAISSA', 1, '0101283838', 'BEKASI', '0000-00-00', '', 0, '', '', '', '', '', '', '', '', '', '', 0, '', '', '', '', '', '', '', '', '', '', 0, '', '', '', '', '', '', 0, '', '', '', '', '', '', 0, '', '', '', 0, '', 'Aktif', '', 'X - AKL', 'X.AKL', 0),
(1991, '202559012', '1', 'Karmila Windadari', 1, '0084530116', 'Tangerang', '0000-00-00', '', 0, '', '', '', '', '', '', '', '', '', '', 0, '', '', '', '', '', '', '', '', '', '', 0, '', '', '', '', '', '', 0, '', '', '', '', '', '', 0, '', '', '', 0, '', 'Aktif', '', 'X - AKL', 'X.AKL', 0),
(1992, '202559013', '1', 'KEISHA AZALEA FLORINA SETIAWAN', 1, '0092902336', 'TANGERANG', '0000-00-00', '', 0, '', '', '', '', '', '', '', '', '', '', 0, '', '', '', '', '', '', '', '', '', '', 0, '', '', '', '', '', '', 0, '', '', '', '', '', '', 0, '', '', '', 0, '', 'Aktif', '', 'X - AKL', 'X.AKL', 0),
(1993, '202559014', '1', 'KEYLA AZZAHRA', 1, '0097444842', 'TANGERANG SELATAN', '0000-00-00', '', 0, '', '', '', '', '', '', '', '', '', '', 0, '', '', '', '', '', '', '', '', '', '', 0, '', '', '', '', '', '', 0, '', '', '', '', '', '', 0, '', '', '', 0, '', 'Aktif', '', 'X - AKL', 'X.AKL', 0),
(1994, '202559015', '1', 'Khoirul Fajar', 1, '0094684024', 'Tangerang', '0000-00-00', '', 0, '', '', '', '', '', '', '', '', '', '', 0, '', '', '', '', '', '', '', '', '', '', 0, '', '', '', '', '', '', 0, '', '', '', '', '', '', 0, '', '', '', 0, '', 'Aktif', '', 'X - AKL', 'X.AKL', 0),
(1995, '202559016', '1', 'KHUMAIRA', 1, '0091683883', 'Tangerang', '0000-00-00', '', 0, '', '', '', '', '', '', '', '', '', '', 0, '', '', '', '', '', '', '', '', '', '', 0, '', '', '', '', '', '', 0, '', '', '', '', '', '', 0, '', '', '', 0, '', 'Aktif', '', 'X - AKL', 'X.AKL', 0),
(1996, '202559017', '1', 'Mochammad Gatot Saputra', 1, '0093290078', 'Blora', '0000-00-00', '', 0, '', '', '', '', '', '', '', '', '', '', 0, '', '', '', '', '', '', '', '', '', '', 0, '', '', '', '', '', '', 0, '', '', '', '', '', '', 0, '', '', '', 0, '', 'Aktif', '', 'X - AKL', 'X.AKL', 0),
(1997, '202559018', '1', 'Moreli Raharja', 1, '0099775883', 'Jakarta', '0000-00-00', '', 0, '', '', '', '', '', '', '', '', '', '', 0, '', '', '', '', '', '', '', '', '', '', 0, '', '', '', '', '', '', 0, '', '', '', '', '', '', 0, '', '', '', 0, '', 'Aktif', '', 'X - AKL', 'X.AKL', 0),
(1998, '202559019', '1', 'Muhamad Raffi Al Faqih', 1, '0104904850', 'Tangerang Selatan', '0000-00-00', '', 0, '', '', '', '', '', '', '', '', '', '', 0, '', '', '', '', '', '', '', '', '', '', 0, '', '', '', '', '', '', 0, '', '', '', '', '', '', 0, '', '', '', 0, '', 'Aktif', '', 'X - AKL', 'X.AKL', 0),
(1999, '202559020', '1', 'MUHAMMAD RADIT PRASETYO', 1, '0096595778', 'Tangerang Selatan', '0000-00-00', '', 0, '', '', '', '', '', '', '', '', '', '', 0, '', '', '', '', '', '', '', '', '', '', 0, '', '', '', '', '', '', 0, '', '', '', '', '', '', 0, '', '', '', 0, '', 'Aktif', '', 'X - AKL', 'X.AKL', 0),
(2000, '202559021', '1', 'Nayla Salsabillah', 1, '0105192014', 'Tangerang', '0000-00-00', '', 0, '', '', '', '', '', '', '', '', '', '', 0, '', '', '', '', '', '', '', '', '', '', 0, '', '', '', '', '', '', 0, '', '', '', '', '', '', 0, '', '', '', 0, '', 'Aktif', '', 'X - AKL', 'X.AKL', 0),
(2001, '202559022', '1', 'NOFENDRA SAPUTRA', 1, '0105321267', 'KOTABUMI', '0000-00-00', '', 0, '', '', '', '', '', '', '', '', '', '', 0, '', '', '', '', '', '', '', '', '', '', 0, '', '', '', '', '', '', 0, '', '', '', '', '', '', 0, '', '', '', 0, '', 'Aktif', '', 'X - AKL', 'X.AKL', 0),
(2002, '202559023', '1', 'Nova Yea Razzah', 1, '0095996438', 'Jakarta', '0000-00-00', '', 0, '', '', '', '', '', '', '', '', '', '', 0, '', '', '', '', '', '', '', '', '', '', 0, '', '', '', '', '', '', 0, '', '', '', '', '', '', 0, '', '', '', 0, '', 'Aktif', '', 'X - AKL', 'X.AKL', 0),
(2003, '202559024', '1', 'RAISYA NURANZANI', 1, '0092205354', 'TANGERANG SELATAN ', '0000-00-00', '', 0, '', '', '', '', '', '', '', '', '', '', 0, '', '', '', '', '', '', '', '', '', '', 0, '', '', '', '', '', '', 0, '', '', '', '', '', '', 0, '', '', '', 0, '', 'Aktif', '', 'X - AKL', 'X.AKL', 0),
(2004, '202559025', '1', 'REVAN AL-FATIH DARMAWAN', 1, '0096674944', 'JAKARTA', '0000-00-00', '', 0, '', '', '', '', '', '', '', '', '', '', 0, '', '', '', '', '', '', '', '', '', '', 0, '', '', '', '', '', '', 0, '', '', '', '', '', '', 0, '', '', '', 0, '', 'Aktif', '', 'X - AKL', 'X.AKL', 0),
(2005, '202559026', '1', 'RISKA ALEXSA PUTRI', 1, '0096722833', 'JAKARTA', '0000-00-00', '', 0, '', '', '', '', '', '', '', '', '', '', 0, '', '', '', '', '', '', '', '', '', '', 0, '', '', '', '', '', '', 0, '', '', '', '', '', '', 0, '', '', '', 0, '', 'Aktif', '', 'X - AKL', 'X.AKL', 0),
(2006, '202559027', '1', 'RISZFIA NUR HASANAH', 1, '0098529454', 'TANGERANG', '0000-00-00', '', 0, '', '', '', '', '', '', '', '', '', '', 0, '', '', '', '', '', '', '', '', '', '', 0, '', '', '', '', '', '', 0, '', '', '', '', '', '', 0, '', '', '', 0, '', 'Aktif', '', 'X - AKL', 'X.AKL', 0),
(2007, '202559028', '1', 'Rossa Aprilia', 1, '0102403928', 'Tangerang Selatan', '0000-00-00', '', 0, '', '', '', '', '', '', '', '', '', '', 0, '', '', '', '', '', '', '', '', '', '', 0, '', '', '', '', '', '', 0, '', '', '', '', '', '', 0, '', '', '', 0, '', 'Aktif', '', 'X - AKL', 'X.AKL', 0),
(2008, '202559029', '1', 'Sabrina Jian Kurnia Rahma', 1, '0102626839', 'Sidoarjo', '0000-00-00', '', 0, '', '', '', '', '', '', '', '', '', '', 0, '', '', '', '', '', '', '', '', '', '', 0, '', '', '', '', '', '', 0, '', '', '', '', '', '', 0, '', '', '', 0, '', 'Aktif', '', 'X - AKL', 'X.AKL', 0),
(2009, '202559030', '1', 'SAFANA ALFARISYACH SUPENDI', 1, '3090314660', 'TANGERANG', '0000-00-00', '', 0, '', '', '', '', '', '', '', '', '', '', 0, '', '', '', '', '', '', '', '', '', '', 0, '', '', '', '', '', '', 0, '', '', '', '', '', '', 0, '', '', '', 0, '', 'Aktif', '', 'X - AKL', 'X.AKL', 0),
(2010, '202559031', '1', 'SISKA AZAHRA', 1, '0101993668', 'TANGERANG', '0000-00-00', '', 0, '', '', '', '', '', '', '', '', '', '', 0, '', '', '', '', '', '', '', '', '', '', 0, '', '', '', '', '', '', 0, '', '', '', '', '', '', 0, '', '', '', 0, '', 'Aktif', '', 'X - AKL', 'X.AKL', 0),
(2011, '202559032', '1', 'SYAFA RAHMATIKA', 1, '3106028344', 'TANGERANG SELATAN', '0000-00-00', '', 0, '', '', '', '', '', '', '', '', '', '', 0, '', '', '', '', '', '', '', '', '', '', 0, '', '', '', '', '', '', 0, '', '', '', '', '', '', 0, '', '', '', 0, '', 'Aktif', '', 'X - AKL', 'X.AKL', 0),
(2012, '202559033', '1', 'TALITHA AQILA', 1, '0109188911', 'TANGERANG', '0000-00-00', '', 0, '', '', '', '', '', '', '', '', '', '', 0, '', '', '', '', '', '', '', '', '', '', 0, '', '', '', '', '', '', 0, '', '', '', '', '', '', 0, '', '', '', 0, '', 'Aktif', '', 'X - AKL', 'X.AKL', 0),
(2013, '202559034', '1', 'TAQIM FAUZI', 1, '0092872196', 'JAKARTA', '0000-00-00', '', 0, '', '', '', '', '', '', '', '', '', '', 0, '', '', '', '', '', '', '', '', '', '', 0, '', '', '', '', '', '', 0, '', '', '', '', '', '', 0, '', '', '', 0, '', 'Aktif', '', 'X - AKL', 'X.AKL', 0),
(2014, '202559035', '1', 'VERLINA', 1, '0103537155', 'TANGERANG', '0000-00-00', '', 0, '', '', '', '', '', '', '', '', '', '', 0, '', '', '', '', '', '', '', '', '', '', 0, '', '', '', '', '', '', 0, '', '', '', '', '', '', 0, '', '', '', 0, '', 'Aktif', '', 'X - AKL', 'X.AKL', 0),
(2015, '202559036', '1', 'VERONICA', 1, '0093751976', 'PONTIANAK', '0000-00-00', '', 0, '', '', '', '', '', '', '', '', '', '', 0, '', '', '', '', '', '', '', '', '', '', 0, '', '', '', '', '', '', 0, '', '', '', '', '', '', 0, '', '', '', 0, '', 'Aktif', '', 'X - AKL', 'X.AKL', 0),
(2016, 'nipd', 'password', 'nama', 0, 'nisn', 'tempat_lahir', '0000-00-00', 'nik', 0, 'kebutuhan_khusus', 'asal_sekolah', 'tanggal_terima', 'tanggal_sah', 'alamat', 'rt', 'rw', 'dusun', 'kelurahan', 'kecamatan', 0, 'jenis_tinggal', 'alat_transportasi', 'telepon', 'hp', 'email', 'skhun', 'penerima_kps', 'no_kps', 'foto', 'nama_ayah', 0, 'pendidikan_ayah', 'pekerjaan_ayah', 'penghasilan_ayah', 'kebutuhan_khusus_ayah', 'no_telpon_ayah', 'nama_ibu', 0, 'pendidikan_ibu', 'pekerjaan_ibu', 'penghasilan_ibu', 'kebutuhan_khusus_ibu', 'no_telpon_ibu', 'nama_wali', 0, 'pendidikan_wali', 'pekerjaan_wali', 'penghasilan_wali', 0, 'status_awal', '', 'tingkat', 'kode_kelas', 'kode_jurus', 0),
(2017, '202559037', '1', 'Abi Maulana Ihwan', 1, '0092327088', '', '0000-00-00', '', 0, '', '', '', '', '', '', '', '', '', '', 0, '', '', '', '', '', '', '', '', '', '', 0, '', '', '', '', '', '', 0, '', '', '', '', '', '', 0, '', '', '', 2025, '', 'Aktif', '', 'X - DKV1', 'X.DKV1', 0),
(2018, '202559038', '1', 'AFIF NUR ALVIANSYAH', 1, '3098049399', '', '0000-00-00', '', 0, '', '', '', '', '', '', '', '', '', '', 0, '', '', '', '', '', '', '', '', '', '', 0, '', '', '', '', '', '', 0, '', '', '', '', '', '', 0, '', '', '', 2025, '', 'Aktif', '', 'X - DKV1', 'X.DKV1', 0),
(2019, '202559039', '1', 'Ahli Deaharumi Nata', 1, '0093937531', '', '0000-00-00', '', 0, '', '', '', '', '', '', '', '', '', '', 0, '', '', '', '', '', '', '', '', '', '', 0, '', '', '', '', '', '', 0, '', '', '', '', '', '', 0, '', '', '', 2025, '', 'Aktif', '', 'X - DKV1', 'X.DKV1', 0),
(2020, '202559040', '1', 'AHMAD ZAENAL MUTTAQIN', 1, '3104276152', '', '0000-00-00', '', 0, '', '', '', '', '', '', '', '', '', '', 0, '', '', '', '', '', '', '', '', '', '', 0, '', '', '', '', '', '', 0, '', '', '', '', '', '', 0, '', '', '', 2025, '', 'Aktif', '', 'X - DKV1', 'X.DKV1', 0),
(2021, '202559041', '1', 'Aisyah Gina Pratiwi', 1, '0095269581', '', '0000-00-00', '', 0, '', '', '', '', '', '', '', '', '', '', 0, '', '', '', '', '', '', '', '', '', '', 0, '', '', '', '', '', '', 0, '', '', '', '', '', '', 0, '', '', '', 2025, '', 'Aktif', '', 'X - DKV1', 'X.DKV1', 0),
(2022, '202559042', '1', 'ALEA PUTRI WARDHANI', 1, '0099271662', '', '0000-00-00', '', 0, '', '', '', '', '', '', '', '', '', '', 0, '', '', '', '', '', '', '', '', '', '', 0, '', '', '', '', '', '', 0, '', '', '', '', '', '', 0, '', '', '', 2025, '', 'Aktif', '', 'X - DKV1', 'X.DKV1', 0),
(2023, '202559043', '1', 'ALEESYA DANIA', 1, '0104223925', '', '0000-00-00', '', 0, '', '', '', '', '', '', '', '', '', '', 0, '', '', '', '', '', '', '', '', '', '', 0, '', '', '', '', '', '', 0, '', '', '', '', '', '', 0, '', '', '', 2025, '', 'Aktif', '', 'X - DKV1', 'X.DKV1', 0),
(2024, '202559044', '1', 'BHAGAS ADHITIA SAPUTRA', 1, '0109371077', '', '0000-00-00', '', 0, '', '', '', '', '', '', '', '', '', '', 0, '', '', '', '', '', '', '', '', '', '', 0, '', '', '', '', '', '', 0, '', '', '', '', '', '', 0, '', '', '', 2025, '', 'Aktif', '', 'X - DKV1', 'X.DKV1', 0),
(2025, '202559045', '1', 'DAPA HASBULLOH', 1, '0091574233', '', '0000-00-00', '', 0, '', '', '', '', '', '', '', '', '', '', 0, '', '', '', '', '', '', '', '', '', '', 0, '', '', '', '', '', '', 0, '', '', '', '', '', '', 0, '', '', '', 2025, '', 'Aktif', '', 'X - DKV1', 'X.DKV1', 0),
(2026, '202559046', '1', 'GEBRIL ALVIANSYAH', 1, '0092424596', '', '0000-00-00', '', 0, '', '', '', '', '', '', '', '', '', '', 0, '', '', '', '', '', '', '', '', '', '', 0, '', '', '', '', '', '', 0, '', '', '', '', '', '', 0, '', '', '', 2025, '', 'Aktif', '', 'X - DKV1', 'X.DKV1', 0),
(2027, '202559047', '1', 'GHESIA ISTIHANA', 1, '0092313677', '', '0000-00-00', '', 0, '', '', '', '', '', '', '', '', '', '', 0, '', '', '', '', '', '', '', '', '', '', 0, '', '', '', '', '', '', 0, '', '', '', '', '', '', 0, '', '', '', 2025, '', 'Aktif', '', 'X - DKV1', 'X.DKV1', 0),
(2028, '202559048', '1', 'Hamkah Alamsyah', 1, '0093407682', '', '0000-00-00', '', 0, '', '', '', '', '', '', '', '', '', '', 0, '', '', '', '', '', '', '', '', '', '', 0, '', '', '', '', '', '', 0, '', '', '', '', '', '', 0, '', '', '', 2025, '', 'Aktif', '', 'X - DKV1', 'X.DKV1', 0),
(2029, '202559049', '1', 'HARLAN FAHMI FADILAH', 1, '0102488651', '', '0000-00-00', '', 0, '', '', '', '', '', '', '', '', '', '', 0, '', '', '', '', '', '', '', '', '', '', 0, '', '', '', '', '', '', 0, '', '', '', '', '', '', 0, '', '', '', 2025, '', 'Aktif', '', 'X - DKV1', 'X.DKV1', 0),
(2030, '202559050', '1', 'INDRA APRIYATNA', 1, '0091556273', '', '0000-00-00', '', 0, '', '', '', '', '', '', '', '', '', '', 0, '', '', '', '', '', '', '', '', '', '', 0, '', '', '', '', '', '', 0, '', '', '', '', '', '', 0, '', '', '', 2025, '', 'Aktif', '', 'X - DKV1', 'X.DKV1', 0),
(2031, '202559051', '1', 'Kenzie Syaihan Haidar Arsyad', 1, '0101921259', '', '0000-00-00', '', 0, '', '', '', '', '', '', '', '', '', '', 0, '', '', '', '', '', '', '', '', '', '', 0, '', '', '', '', '', '', 0, '', '', '', '', '', '', 0, '', '', '', 2025, '', 'Aktif', '', 'X - DKV1', 'X.DKV1', 0),
(2032, '202559052', '1', 'LIBRAN BANI UMAY', 1, '0099449732', '', '0000-00-00', '', 0, '', '', '', '', '', '', '', '', '', '', 0, '', '', '', '', '', '', '', '', '', '', 0, '', '', '', '', '', '', 0, '', '', '', '', '', '', 0, '', '', '', 2025, '', 'Aktif', '', 'X - DKV1', 'X.DKV1', 0),
(2033, '202559053', '1', 'MAITA ADINDA PUTRI', 1, '0109175352', '', '0000-00-00', '', 0, '', '', '', '', '', '', '', '', '', '', 0, '', '', '', '', '', '', '', '', '', '', 0, '', '', '', '', '', '', 0, '', '', '', '', '', '', 0, '', '', '', 2025, '', 'Aktif', '', 'X - DKV1', 'X.DKV1', 0),
(2034, '202559054', '1', 'MARIYAH AL QIBTIYAH', 1, '0094693255', '', '0000-00-00', '', 0, '', '', '', '', '', '', '', '', '', '', 0, '', '', '', '', '', '', '', '', '', '', 0, '', '', '', '', '', '', 0, '', '', '', '', '', '', 0, '', '', '', 2025, '', 'Aktif', '', 'X - DKV1', 'X.DKV1', 0),
(2035, '202559055', '1', 'Maulana Fathir Malik Ibrahim', 1, '0094068539', '', '0000-00-00', '', 0, '', '', '', '', '', '', '', '', '', '', 0, '', '', '', '', '', '', '', '', '', '', 0, '', '', '', '', '', '', 0, '', '', '', '', '', '', 0, '', '', '', 2025, '', 'Aktif', '', 'X - DKV1', 'X.DKV1', 0),
(2036, '202559056', '1', 'Mohamad Ibnu Yazier', 1, '0108509927', '', '0000-00-00', '', 0, '', '', '', '', '', '', '', '', '', '', 0, '', '', '', '', '', '', '', '', '', '', 0, '', '', '', '', '', '', 0, '', '', '', '', '', '', 0, '', '', '', 2025, '', 'Aktif', '', 'X - DKV1', 'X.DKV1', 0),
(2037, '202559057', '1', 'MUHAMAD FADLAN', 1, '3098473071', '', '0000-00-00', '', 0, '', '', '', '', '', '', '', '', '', '', 0, '', '', '', '', '', '', '', '', '', '', 0, '', '', '', '', '', '', 0, '', '', '', '', '', '', 0, '', '', '', 2025, '', 'Aktif', '', 'X - DKV1', 'X.DKV1', 0),
(2038, '202559058', '1', 'MUHAMAD IMAM SUHENDAR', 1, '3097679286', '', '0000-00-00', '', 0, '', '', '', '', '', '', '', '', '', '', 0, '', '', '', '', '', '', '', '', '', '', 0, '', '', '', '', '', '', 0, '', '', '', '', '', '', 0, '', '', '', 2025, '', 'Aktif', '', 'X - DKV1', 'X.DKV1', 0),
(2039, '202559059', '1', 'Muhammad Rizhab Maliq', 1, '3098913742', '', '0000-00-00', '', 0, '', '', '', '', '', '', '', '', '', '', 0, '', '', '', '', '', '', '', '', '', '', 0, '', '', '', '', '', '', 0, '', '', '', '', '', '', 0, '', '', '', 2025, '', 'Aktif', '', 'X - DKV1', 'X.DKV1', 0),
(2040, '202559060', '1', 'Nadine Kalya Vinanta', 1, '0101534275', '', '0000-00-00', '', 0, '', '', '', '', '', '', '', '', '', '', 0, '', '', '', '', '', '', '', '', '', '', 0, '', '', '', '', '', '', 0, '', '', '', '', '', '', 0, '', '', '', 2025, '', 'Aktif', '', 'X - DKV1', 'X.DKV1', 0),
(2041, '202559061', '1', 'NAURA KHAIZY ARAYYA', 1, '0108393008', '', '0000-00-00', '', 0, '', '', '', '', '', '', '', '', '', '', 0, '', '', '', '', '', '', '', '', '', '', 0, '', '', '', '', '', '', 0, '', '', '', '', '', '', 0, '', '', '', 2025, '', 'Aktif', '', 'X - DKV1', 'X.DKV1', 0),
(2042, '202559062', '1', 'QUINZHA PUTRI RIEVIERA', 1, '3092246672', '', '0000-00-00', '', 0, '', '', '', '', '', '', '', '', '', '', 0, '', '', '', '', '', '', '', '', '', '', 0, '', '', '', '', '', '', 0, '', '', '', '', '', '', 0, '', '', '', 2025, '', 'Aktif', '', 'X - DKV1', 'X.DKV1', 0),
(2043, '202559063', '1', 'RACHMA SYAFIRA', 1, '0094483327', '', '0000-00-00', '', 0, '', '', '', '', '', '', '', '', '', '', 0, '', '', '', '', '', '', '', '', '', '', 0, '', '', '', '', '', '', 0, '', '', '', '', '', '', 0, '', '', '', 2025, '', 'Aktif', '', 'X - DKV1', 'X.DKV1', 0),
(2044, '202559064', '1', 'Raditya Alvaro Khumara Reflika', 1, '0096406658', '', '0000-00-00', '', 0, '', '', '', '', '', '', '', '', '', '', 0, '', '', '', '', '', '', '', '', '', '', 0, '', '', '', '', '', '', 0, '', '', '', '', '', '', 0, '', '', '', 2025, '', 'Aktif', '', 'X - DKV1', 'X.DKV1', 0),
(2045, '202559065', '1', 'RAFA PRATAMA', 1, '0102316609', '', '0000-00-00', '', 0, '', '', '', '', '', '', '', '', '', '', 0, '', '', '', '', '', '', '', '', '', '', 0, '', '', '', '', '', '', 0, '', '', '', '', '', '', 0, '', '', '', 2025, '', 'Aktif', '', 'X - DKV1', 'X.DKV1', 0),
(2046, '202559066', '1', 'RAFFA SYAFIQ SYADZWANI', 1, '3100439144', '', '0000-00-00', '', 0, '', '', '', '', '', '', '', '', '', '', 0, '', '', '', '', '', '', '', '', '', '', 0, '', '', '', '', '', '', 0, '', '', '', '', '', '', 0, '', '', '', 2025, '', 'Aktif', '', 'X - DKV1', 'X.DKV1', 0),
(2047, '202559067', '1', 'RAKHA AZMI WACHYUDINATA', 1, '0098722424', '', '0000-00-00', '', 0, '', '', '', '', '', '', '', '', '', '', 0, '', '', '', '', '', '', '', '', '', '', 0, '', '', '', '', '', '', 0, '', '', '', '', '', '', 0, '', '', '', 2025, '', 'Aktif', '', 'X - DKV1', 'X.DKV1', 0),
(2048, '202559068', '1', 'RAKHA MARTADINATA', 1, '0099203728', '', '0000-00-00', '', 0, '', '', '', '', '', '', '', '', '', '', 0, '', '', '', '', '', '', '', '', '', '', 0, '', '', '', '', '', '', 0, '', '', '', '', '', '', 0, '', '', '', 2025, '', 'Aktif', '', 'X - DKV1', 'X.DKV1', 0),
(2049, '202559069', '1', 'Rasya Arraftu Munadhir', 1, '0083327104', '', '0000-00-00', '', 0, '', '', '', '', '', '', '', '', '', '', 0, '', '', '', '', '', '', '', '', '', '', 0, '', '', '', '', '', '', 0, '', '', '', '', '', '', 0, '', '', '', 2025, '', 'Aktif', '', 'X - DKV1', 'X.DKV1', 0),
(2050, '202559070', '1', 'Sultan Syapiq', 1, '0083458460', '', '0000-00-00', '', 0, '', '', '', '', '', '', '', '', '', '', 0, '', '', '', '', '', '', '', '', '', '', 0, '', '', '', '', '', '', 0, '', '', '', '', '', '', 0, '', '', '', 2025, '', 'Aktif', '', 'X - DKV1', 'X.DKV1', 0),
(2051, '202559071', '1', 'YOGA SATRIA NUGRAHA', 1, '0097337944', '', '0000-00-00', '', 0, '', '', '', '', '', '', '', '', '', '', 0, '', '', '', '', '', '', '', '', '', '', 0, '', '', '', '', '', '', 0, '', '', '', '', '', '', 0, '', '', '', 2025, '', 'Aktif', '', 'X - DKV1', 'X.DKV1', 0),
(2052, '202559072', '1', 'Zaskia Mayzelda', 1, '0102439690', '', '0000-00-00', '', 0, '', '', '', '', '', '', '', '', '', '', 0, '', '', '', '', '', '', '', '', '', '', 0, '', '', '', '', '', '', 0, '', '', '', '', '', '', 0, '', '', '', 2025, '', 'Aktif', '', 'X - DKV1', 'X.DKV1', 0);
INSERT INTO `rb_siswa` (`id_siswa`, `nipd`, `password`, `nama`, `id_jenis_kelamin`, `nisn`, `tempat_lahir`, `tanggal_lahir`, `nik`, `id_agama`, `kebutuhan_khusus`, `asal_sekolah`, `tanggal_terima`, `tanggal_sah`, `alamat`, `rt`, `rw`, `dusun`, `kelurahan`, `kecamatan`, `kode_pos`, `jenis_tinggal`, `alat_transportasi`, `telepon`, `hp`, `email`, `skhun`, `penerima_kps`, `no_kps`, `foto`, `nama_ayah`, `tahun_lahir_ayah`, `pendidikan_ayah`, `pekerjaan_ayah`, `penghasilan_ayah`, `kebutuhan_khusus_ayah`, `no_telpon_ayah`, `nama_ibu`, `tahun_lahir_ibu`, `pendidikan_ibu`, `pekerjaan_ibu`, `penghasilan_ibu`, `kebutuhan_khusus_ibu`, `no_telpon_ibu`, `nama_wali`, `tahun_lahir_wali`, `pendidikan_wali`, `pekerjaan_wali`, `penghasilan_wali`, `angkatan`, `status_awal`, `status_siswa`, `tingkat`, `kode_kelas`, `kode_jurusan`, `id_sesi`) VALUES
(2053, 'nipd', 'password', 'nama', 0, 'nisn', 'tempat_lahir', '0000-00-00', 'nik', 0, 'kebutuhan_khusus', 'asal_sekolah', 'tanggal_terima', 'tanggal_sah', 'alamat', 'rt', 'rw', 'dusun', 'kelurahan', 'kecamatan', 0, 'jenis_tinggal', 'alat_transportasi', 'telepon', 'hp', 'email', 'skhun', 'penerima_kps', 'no_kps', 'foto', 'nama_ayah', 0, 'pendidikan_ayah', 'pekerjaan_ayah', 'penghasilan_ayah', 'kebutuhan_khusus_ayah', 'no_telpon_ayah', 'nama_ibu', 0, 'pendidikan_ibu', 'pekerjaan_ibu', 'penghasilan_ibu', 'kebutuhan_khusus_ibu', 'no_telpon_ibu', 'nama_wali', 0, 'pendidikan_wali', 'pekerjaan_wali', 'penghasilan_wali', 0, 'status_awal', '', 'tingkat', 'kode_kelas', 'kode_jurus', 0),
(2054, '202559073', '1', '\'ISHMATUL \'AZZAH', 1, '3100897504', '', '0000-00-00', '', 0, '', '', '', '', '', '', '', '', '', '', 0, '', '', '', '', '', '', '', '', '', '', 0, '', '', '', '', '', '', 0, '', '', '', '', '', '', 0, '', '', '', 2025, '', 'Aktif', '', 'X - DKV2', 'X.DKV2', 0),
(2055, '202559074', '1', 'Alvian Hafidz Zaky', 1, '0103228045', '', '0000-00-00', '', 0, '', '', '', '', '', '', '', '', '', '', 0, '', '', '', '', '', '', '', '', '', '', 0, '', '', '', '', '', '', 0, '', '', '', '', '', '', 0, '', '', '', 2025, '', 'Aktif', '', 'X - DKV2', 'X.DKV2', 0),
(2056, '202559075', '1', 'Andika Pratama', 1, '0085380911', '', '0000-00-00', '', 0, '', '', '', '', '', '', '', '', '', '', 0, '', '', '', '', '', '', '', '', '', '', 0, '', '', '', '', '', '', 0, '', '', '', '', '', '', 0, '', '', '', 2025, '', 'Aktif', '', 'X - DKV2', 'X.DKV2', 0),
(2057, '202559076', '1', 'ANDIRA PUTRI', 1, '3094287030', '', '0000-00-00', '', 0, '', '', '', '', '', '', '', '', '', '', 0, '', '', '', '', '', '', '', '', '', '', 0, '', '', '', '', '', '', 0, '', '', '', '', '', '', 0, '', '', '', 2025, '', 'Aktif', '', 'X - DKV2', 'X.DKV2', 0),
(2058, '202559077', '1', 'AQMARINA GHAISANI', 1, '3101636366', '', '0000-00-00', '', 0, '', '', '', '', '', '', '', '', '', '', 0, '', '', '', '', '', '', '', '', '', '', 0, '', '', '', '', '', '', 0, '', '', '', '', '', '', 0, '', '', '', 2025, '', 'Aktif', '', 'X - DKV2', 'X.DKV2', 0),
(2059, '202559078', '1', 'Ardan Permana', 1, '0085723075', '', '0000-00-00', '', 0, '', '', '', '', '', '', '', '', '', '', 0, '', '', '', '', '', '', '', '', '', '', 0, '', '', '', '', '', '', 0, '', '', '', '', '', '', 0, '', '', '', 2025, '', 'Aktif', '', 'X - DKV2', 'X.DKV2', 0),
(2060, '202559079', '1', 'ARFAN MAN SAPUTRA', 1, '3099812316', '', '0000-00-00', '', 0, '', '', '', '', '', '', '', '', '', '', 0, '', '', '', '', '', '', '', '', '', '', 0, '', '', '', '', '', '', 0, '', '', '', '', '', '', 0, '', '', '', 2025, '', 'Aktif', '', 'X - DKV2', 'X.DKV2', 0),
(2061, '202559080', '1', 'ATHIKA INAYAH TUSA\'DIAH', 1, '0101970491', '', '0000-00-00', '', 0, '', '', '', '', '', '', '', '', '', '', 0, '', '', '', '', '', '', '', '', '', '', 0, '', '', '', '', '', '', 0, '', '', '', '', '', '', 0, '', '', '', 2025, '', 'Aktif', '', 'X - DKV2', 'X.DKV2', 0),
(2062, '202559081', '1', 'Ayyasy Ghania Ali', 1, '0094025755', '', '0000-00-00', '', 0, '', '', '', '', '', '', '', '', '', '', 0, '', '', '', '', '', '', '', '', '', '', 0, '', '', '', '', '', '', 0, '', '', '', '', '', '', 0, '', '', '', 2025, '', 'Aktif', '', 'X - DKV2', 'X.DKV2', 0),
(2063, '202559082', '1', 'CAHYA KHAIRUNISA', 1, '0098132750', '', '0000-00-00', '', 0, '', '', '', '', '', '', '', '', '', '', 0, '', '', '', '', '', '', '', '', '', '', 0, '', '', '', '', '', '', 0, '', '', '', '', '', '', 0, '', '', '', 2025, '', 'Aktif', '', 'X - DKV2', 'X.DKV2', 0),
(2064, '202559083', '1', 'DIPATI YUSUF TAJRIE', 1, '0105116874', '', '0000-00-00', '', 0, '', '', '', '', '', '', '', '', '', '', 0, '', '', '', '', '', '', '', '', '', '', 0, '', '', '', '', '', '', 0, '', '', '', '', '', '', 0, '', '', '', 2025, '', 'Aktif', '', 'X - DKV2', 'X.DKV2', 0),
(2065, '202559084', '1', 'GHINA PUTRI ZHIYANI', 1, '0103706396', '', '0000-00-00', '', 0, '', '', '', '', '', '', '', '', '', '', 0, '', '', '', '', '', '', '', '', '', '', 0, '', '', '', '', '', '', 0, '', '', '', '', '', '', 0, '', '', '', 2025, '', 'Aktif', '', 'X - DKV2', 'X.DKV2', 0),
(2066, '202559085', '1', 'Habibah Nurul Aini', 1, '0164161265', '', '0000-00-00', '', 0, '', '', '', '', '', '', '', '', '', '', 0, '', '', '', '', '', '', '', '', '', '', 0, '', '', '', '', '', '', 0, '', '', '', '', '', '', 0, '', '', '', 2025, '', 'Aktif', '', 'X - DKV2', 'X.DKV2', 0),
(2067, '202559086', '1', 'HIZQIAH AINI', 1, '3092163799', '', '0000-00-00', '', 0, '', '', '', '', '', '', '', '', '', '', 0, '', '', '', '', '', '', '', '', '', '', 0, '', '', '', '', '', '', 0, '', '', '', '', '', '', 0, '', '', '', 2025, '', 'Aktif', '', 'X - DKV2', 'X.DKV2', 0),
(2068, '202559087', '1', 'KHOIRUNAS', 1, '0081478981', '', '0000-00-00', '', 0, '', '', '', '', '', '', '', '', '', '', 0, '', '', '', '', '', '', '', '', '', '', 0, '', '', '', '', '', '', 0, '', '', '', '', '', '', 0, '', '', '', 2025, '', 'Aktif', '', 'X - DKV2', 'X.DKV2', 0),
(2069, '202559088', '1', 'LUTFI AZMI', 1, '0105826345', '', '0000-00-00', '', 0, '', '', '', '', '', '', '', '', '', '', 0, '', '', '', '', '', '', '', '', '', '', 0, '', '', '', '', '', '', 0, '', '', '', '', '', '', 0, '', '', '', 2025, '', 'Aktif', '', 'X - DKV2', 'X.DKV2', 0),
(2070, '202559089', '1', 'MAULANA FIRDAUS', 1, '0099602386', '', '0000-00-00', '', 0, '', '', '', '', '', '', '', '', '', '', 0, '', '', '', '', '', '', '', '', '', '', 0, '', '', '', '', '', '', 0, '', '', '', '', '', '', 0, '', '', '', 2025, '', 'Aktif', '', 'X - DKV2', 'X.DKV2', 0),
(2071, '202559090', '1', 'MUHAMMAD ADIEB', 1, '0089474848', '', '0000-00-00', '', 0, '', '', '', '', '', '', '', '', '', '', 0, '', '', '', '', '', '', '', '', '', '', 0, '', '', '', '', '', '', 0, '', '', '', '', '', '', 0, '', '', '', 2025, '', 'Aktif', '', 'X - DKV2', 'X.DKV2', 0),
(2072, '202559091', '1', 'MUHAMMAD AZRIL HANIF', 1, '0102053844', '', '0000-00-00', '', 0, '', '', '', '', '', '', '', '', '', '', 0, '', '', '', '', '', '', '', '', '', '', 0, '', '', '', '', '', '', 0, '', '', '', '', '', '', 0, '', '', '', 2025, '', 'Aktif', '', 'X - DKV2', 'X.DKV2', 0),
(2073, '202559092', '1', 'MUHAMMAD NAJWAN ARIEF', 1, '3101724549', '', '0000-00-00', '', 0, '', '', '', '', '', '', '', '', '', '', 0, '', '', '', '', '', '', '', '', '', '', 0, '', '', '', '', '', '', 0, '', '', '', '', '', '', 0, '', '', '', 2025, '', 'Aktif', '', 'X - DKV2', 'X.DKV2', 0),
(2074, '202559093', '1', 'MUHAMMAD RAKHA APRIANSYAH', 1, '0106119786', '', '0000-00-00', '', 0, '', '', '', '', '', '', '', '', '', '', 0, '', '', '', '', '', '', '', '', '', '', 0, '', '', '', '', '', '', 0, '', '', '', '', '', '', 0, '', '', '', 2025, '', 'Aktif', '', 'X - DKV2', 'X.DKV2', 0),
(2075, '20255094', '1', 'MUHAMMAD REVANO EFFENDY', 1, '0102480708', '', '0000-00-00', '', 0, '', '', '', '', '', '', '', '', '', '', 0, '', '', '', '', '', '', '', '', '', '', 0, '', '', '', '', '', '', 0, '', '', '', '', '', '', 0, '', '', '', 2025, '', 'Aktif', '', 'X - DKV2', 'X.DKV2', 0),
(2076, '202559095', '1', 'MUHAMMAD RIFFA', 1, '3098347354', '', '0000-00-00', '', 0, '', '', '', '', '', '', '', '', '', '', 0, '', '', '', '', '', '', '', '', '', '', 0, '', '', '', '', '', '', 0, '', '', '', '', '', '', 0, '', '', '', 2025, '', 'Aktif', '', 'X - DKV2', 'X.DKV2', 0),
(2077, '202559096', '1', 'MUHAMMAD ZHAFRAN HAIDAR RIZQ', 1, '0095115829', '', '0000-00-00', '', 0, '', '', '', '', '', '', '', '', '', '', 0, '', '', '', '', '', '', '', '', '', '', 0, '', '', '', '', '', '', 0, '', '', '', '', '', '', 0, '', '', '', 2025, '', 'Aktif', '', 'X - DKV2', 'X.DKV2', 0),
(2078, '202559097', '1', 'Naurah Zahrain Wiratno', 1, '0106430561', '', '0000-00-00', '', 0, '', '', '', '', '', '', '', '', '', '', 0, '', '', '', '', '', '', '', '', '', '', 0, '', '', '', '', '', '', 0, '', '', '', '', '', '', 0, '', '', '', 2025, '', 'Aktif', '', 'X - DKV2', 'X.DKV2', 0),
(2079, '202559098', '1', 'NUR ARDYANSYAH', 1, '0107937119', '', '0000-00-00', '', 0, '', '', '', '', '', '', '', '', '', '', 0, '', '', '', '', '', '', '', '', '', '', 0, '', '', '', '', '', '', 0, '', '', '', '', '', '', 0, '', '', '', 2025, '', 'Aktif', '', 'X - DKV2', 'X.DKV2', 0),
(2080, '202559099', '1', 'Raviva Meisya Putri', 1, '0108187696', '', '0000-00-00', '', 0, '', '', '', '', '', '', '', '', '', '', 0, '', '', '', '', '', '', '', '', '', '', 0, '', '', '', '', '', '', 0, '', '', '', '', '', '', 0, '', '', '', 2025, '', 'Aktif', '', 'X - DKV2', 'X.DKV2', 0),
(2081, '202559100', '1', 'REKA PERDIAN', 1, '0096656579', '', '0000-00-00', '', 0, '', '', '', '', '', '', '', '', '', '', 0, '', '', '', '', '', '', '', '', '', '', 0, '', '', '', '', '', '', 0, '', '', '', '', '', '', 0, '', '', '', 2025, '', 'Aktif', '', 'X - DKV2', 'X.DKV2', 0),
(2082, '202559101', '1', 'REZA APRILIANSYAH', 1, '3091573076', '', '0000-00-00', '', 0, '', '', '', '', '', '', '', '', '', '', 0, '', '', '', '', '', '', '', '', '', '', 0, '', '', '', '', '', '', 0, '', '', '', '', '', '', 0, '', '', '', 2025, '', 'Aktif', '', 'X - DKV2', 'X.DKV2', 0),
(2083, '202559102', '1', 'RIDHO RAMADHAN', 1, '0098947911', '', '0000-00-00', '', 0, '', '', '', '', '', '', '', '', '', '', 0, '', '', '', '', '', '', '', '', '', '', 0, '', '', '', '', '', '', 0, '', '', '', '', '', '', 0, '', '', '', 2025, '', 'Aktif', '', 'X - DKV2', 'X.DKV2', 0),
(2084, '202559103', '1', 'RIGI FERNANDO', 1, '0091658212', '', '0000-00-00', '', 0, '', '', '', '', '', '', '', '', '', '', 0, '', '', '', '', '', '', '', '', '', '', 0, '', '', '', '', '', '', 0, '', '', '', '', '', '', 0, '', '', '', 2025, '', 'Aktif', '', 'X - DKV2', 'X.DKV2', 0),
(2085, '202559104', '1', 'Risna Ayu Astuti', 1, '0103183837', '', '0000-00-00', '', 0, '', '', '', '', '', '', '', '', '', '', 0, '', '', '', '', '', '', '', '', '', '', 0, '', '', '', '', '', '', 0, '', '', '', '', '', '', 0, '', '', '', 2025, '', 'Aktif', '', 'X - DKV2', 'X.DKV2', 0),
(2086, '202559105', '1', 'RIZKY ARMANDA', 1, '0102574208', '', '0000-00-00', '', 0, '', '', '', '', '', '', '', '', '', '', 0, '', '', '', '', '', '', '', '', '', '', 0, '', '', '', '', '', '', 0, '', '', '', '', '', '', 0, '', '', '', 2025, '', 'Aktif', '', 'X - DKV2', 'X.DKV2', 0),
(2087, '202559106', '1', 'SAMMY AZIZ ATHAFIYANTO', 1, '0102479937', '', '0000-00-00', '', 0, '', '', '', '', '', '', '', '', '', '', 0, '', '', '', '', '', '', '', '', '', '', 0, '', '', '', '', '', '', 0, '', '', '', '', '', '', 0, '', '', '', 2025, '', 'Aktif', '', 'X - DKV2', 'X.DKV2', 0),
(2088, '202559107', '1', 'Tegar Cahyo Alamsyah', 1, '0109172856', '', '0000-00-00', '', 0, '', '', '', '', '', '', '', '', '', '', 0, '', '', '', '', '', '', '', '', '', '', 0, '', '', '', '', '', '', 0, '', '', '', '', '', '', 0, '', '', '', 2025, '', 'Aktif', '', 'X - DKV2', 'X.DKV2', 0),
(2089, '202559108', '1', 'YOLLA NUR AULIA', 1, '0094872355', '', '0000-00-00', '', 0, '', '', '', '', '', '', '', '', '', '', 0, '', '', '', '', '', '', '', '', '', '', 0, '', '', '', '', '', '', 0, '', '', '', '', '', '', 0, '', '', '', 2025, '', 'Aktif', '', 'X - DKV2', 'X.DKV2', 0),
(2090, 'nipd', 'password', 'nama', 0, 'nisn', 'tempat_lahir', '0000-00-00', 'nik', 0, 'kebutuhan_khusus', 'asal_sekolah', 'tanggal_terima', 'tanggal_sah', 'alamat', 'rt', 'rw', 'dusun', 'kelurahan', 'kecamatan', 0, 'jenis_tinggal', 'alat_transportasi', 'telepon', 'hp', 'email', 'skhun', 'penerima_kps', 'no_kps', 'foto', 'nama_ayah', 0, 'pendidikan_ayah', 'pekerjaan_ayah', 'penghasilan_ayah', 'kebutuhan_khusus_ayah', 'no_telpon_ayah', 'nama_ibu', 0, 'pendidikan_ibu', 'pekerjaan_ibu', 'penghasilan_ibu', 'kebutuhan_khusus_ibu', 'no_telpon_ibu', 'nama_wali', 0, 'pendidikan_wali', 'pekerjaan_wali', 'penghasilan_wali', 0, 'status_awal', '', 'tingkat', 'kode_kelas', 'kode_jurus', 0),
(2091, '202559181', '1', 'ADE NAJRIL ILHAM', 1, '0098000543', '', '0000-00-00', '', 0, '', '', '', '', '', '', '', '', '', '', 0, '', '', '', '', '', '', '', '', '', '', 0, '', '', '', '', '', '', 0, '', '', '', '', '', '', 0, '', '', '', 2025, '', 'Aktif', '', 'X.TJKT', 'X.TJKT', 0),
(2092, '202559182', '1', 'Ahmad Dzaki', 1, '0102120848', '', '0000-00-00', '', 0, '', '', '', '', '', '', '', '', '', '', 0, '', '', '', '', '', '', '', '', '', '', 0, '', '', '', '', '', '', 0, '', '', '', '', '', '', 0, '', '', '', 2025, '', 'Aktif', '', 'X.TJKT', 'X.TJKT', 0),
(2093, '202559183', '1', 'Airlangga', 1, '0099374213', '', '0000-00-00', '', 0, '', '', '', '', '', '', '', '', '', '', 0, '', '', '', '', '', '', '', '', '', '', 0, '', '', '', '', '', '', 0, '', '', '', '', '', '', 0, '', '', '', 2025, '', 'Aktif', '', 'X.TJKT', 'X.TJKT', 0),
(2094, '202559184', '1', 'Al Muis Marcellino', 1, '0099447076', '', '0000-00-00', '', 0, '', '', '', '', '', '', '', '', '', '', 0, '', '', '', '', '', '', '', '', '', '', 0, '', '', '', '', '', '', 0, '', '', '', '', '', '', 0, '', '', '', 2025, '', 'Aktif', '', 'X.TJKT', 'X.TJKT', 0),
(2095, '2025', '1', 'Alie Fullah Hamzah', 1, '0098936897', '', '0000-00-00', '', 0, '', '', '', '', '', '', '', '', '', '', 0, '', '', '', '', '', '', '', '', '', '', 0, '', '', '', '', '', '', 0, '', '', '', '', '', '', 0, '', '', '', 2025, '', 'Aktif', '', 'X.TJKT', 'X.TJKT', 0),
(2096, '202559186', '1', 'ANDINI SALSABILA', 1, '0106384510', '', '0000-00-00', '', 0, '', '', '', '', '', '', '', '', '', '', 0, '', '', '', '', '', '', '', '', '', '', 0, '', '', '', '', '', '', 0, '', '', '', '', '', '', 0, '', '', '', 2025, '', 'Aktif', '', 'X.TJKT', 'X.TJKT', 0),
(2097, '202559187', '1', 'ARDY SYAHPUTRA AL BUCHORY', 1, '0093579721', '', '0000-00-00', '', 0, '', '', '', '', '', '', '', '', '', '', 0, '', '', '', '', '', '', '', '', '', '', 0, '', '', '', '', '', '', 0, '', '', '', '', '', '', 0, '', '', '', 2025, '', 'Aktif', '', 'X.TJKT', 'X.TJKT', 0),
(2098, '202559188', '1', 'Badar Sahril Mubarok', 1, '3096037596', '', '0000-00-00', '', 0, '', '', '', '', '', '', '', '', '', '', 0, '', '', '', '', '', '', '', '', '', '', 0, '', '', '', '', '', '', 0, '', '', '', '', '', '', 0, '', '', '', 2025, '', 'Aktif', '', 'X.TJKT', 'X.TJKT', 0),
(2099, '202559189', '1', 'Dalvian Aqsan Syahputra', 1, '0099655451', '', '0000-00-00', '', 0, '', '', '', '', '', '', '', '', '', '', 0, '', '', '', '', '', '', '', '', '', '', 0, '', '', '', '', '', '', 0, '', '', '', '', '', '', 0, '', '', '', 2025, '', 'Aktif', '', 'X.TJKT', 'X.TJKT', 0),
(2100, '202559190', '1', 'DEBBY ARIF DHUROHMAN', 1, '0095702348', '', '0000-00-00', '', 0, '', '', '', '', '', '', '', '', '', '', 0, '', '', '', '', '', '', '', '', '', '', 0, '', '', '', '', '', '', 0, '', '', '', '', '', '', 0, '', '', '', 2025, '', 'Aktif', '', 'X.TJKT', 'X.TJKT', 0),
(2101, '202559191', '1', 'DEWA TANTRA', 1, '0093692318', '', '0000-00-00', '', 0, '', '', '', '', '', '', '', '', '', '', 0, '', '', '', '', '', '', '', '', '', '', 0, '', '', '', '', '', '', 0, '', '', '', '', '', '', 0, '', '', '', 2025, '', 'Aktif', '', 'X.TJKT', 'X.TJKT', 0),
(2102, '202559192', '1', 'Dzaki Fachrurrazi', 1, '0108913334', '', '0000-00-00', '', 0, '', '', '', '', '', '', '', '', '', '', 0, '', '', '', '', '', '', '', '', '', '', 0, '', '', '', '', '', '', 0, '', '', '', '', '', '', 0, '', '', '', 2025, '', 'Aktif', '', 'X.TJKT', 'X.TJKT', 0),
(2103, '202559193', '1', 'EL ZIDANE PUTRA KURNIAWAN', 1, '3107464272', '', '0000-00-00', '', 0, '', '', '', '', '', '', '', '', '', '', 0, '', '', '', '', '', '', '', '', '', '', 0, '', '', '', '', '', '', 0, '', '', '', '', '', '', 0, '', '', '', 2025, '', 'Aktif', '', 'X.TJKT', 'X.TJKT', 0),
(2104, '202559194', '1', 'ELDO FIRMANSYAH', 1, '0103689036', '', '0000-00-00', '', 0, '', '', '', '', '', '', '', '', '', '', 0, '', '', '', '', '', '', '', '', '', '', 0, '', '', '', '', '', '', 0, '', '', '', '', '', '', 0, '', '', '', 2025, '', 'Aktif', '', 'X.TJKT', 'X.TJKT', 0),
(2105, '202559195', '1', 'ERLANGGA RAMADIAN', 1, '0108458091', '', '0000-00-00', '', 0, '', '', '', '', '', '', '', '', '', '', 0, '', '', '', '', '', '', '', '', '', '', 0, '', '', '', '', '', '', 0, '', '', '', '', '', '', 0, '', '', '', 2025, '', 'Aktif', '', 'X.TJKT', 'X.TJKT', 0),
(2106, '202559196', '1', 'EZIKHAL RAMADHAN', 1, '3094657912', '', '0000-00-00', '', 0, '', '', '', '', '', '', '', '', '', '', 0, '', '', '', '', '', '', '', '', '', '', 0, '', '', '', '', '', '', 0, '', '', '', '', '', '', 0, '', '', '', 2025, '', 'Aktif', '', 'X.TJKT', 'X.TJKT', 0),
(2107, '202559197', '1', 'FAREL AL HAPSI', 1, '3091082901', '', '0000-00-00', '', 0, '', '', '', '', '', '', '', '', '', '', 0, '', '', '', '', '', '', '', '', '', '', 0, '', '', '', '', '', '', 0, '', '', '', '', '', '', 0, '', '', '', 2025, '', 'Aktif', '', 'X.TJKT', 'X.TJKT', 0),
(2108, '202559198', '1', 'FERY FEBRYANSAH', 1, '0106683282', '', '0000-00-00', '', 0, '', '', '', '', '', '', '', '', '', '', 0, '', '', '', '', '', '', '', '', '', '', 0, '', '', '', '', '', '', 0, '', '', '', '', '', '', 0, '', '', '', 2025, '', 'Aktif', '', 'X.TJKT', 'X.TJKT', 0),
(2109, '202559199', '1', 'Khadafi Tian Sanusi', 1, '0104649531', '', '0000-00-00', '', 0, '', '', '', '', '', '', '', '', '', '', 0, '', '', '', '', '', '', '', '', '', '', 0, '', '', '', '', '', '', 0, '', '', '', '', '', '', 0, '', '', '', 2025, '', 'Aktif', '', 'X.TJKT', 'X.TJKT', 0),
(2110, '202559200', '1', 'MUHAMAD CHANDRA HERMAWAN', 1, '0107937738', '', '0000-00-00', '', 0, '', '', '', '', '', '', '', '', '', '', 0, '', '', '', '', '', '', '', '', '', '', 0, '', '', '', '', '', '', 0, '', '', '', '', '', '', 0, '', '', '', 2025, '', 'Aktif', '', 'X.TJKT', 'X.TJKT', 0),
(2111, '202559201', '1', 'MUHAMAD PANJI', 1, '3109515543', '', '0000-00-00', '', 0, '', '', '', '', '', '', '', '', '', '', 0, '', '', '', '', '', '', '', '', '', '', 0, '', '', '', '', '', '', 0, '', '', '', '', '', '', 0, '', '', '', 2025, '', 'Aktif', '', 'X.TJKT', 'X.TJKT', 0),
(2112, '202559202', '1', 'Muhamad Resky', 1, '0098268880', '', '0000-00-00', '', 0, '', '', '', '', '', '', '', '', '', '', 0, '', '', '', '', '', '', '', '', '', '', 0, '', '', '', '', '', '', 0, '', '', '', '', '', '', 0, '', '', '', 2025, '', 'Aktif', '', 'X.TJKT', 'X.TJKT', 0),
(2113, '202559203', '1', 'MUHAMMAD ALFARIZI', 1, '3102397677', '', '0000-00-00', '', 0, '', '', '', '', '', '', '', '', '', '', 0, '', '', '', '', '', '', '', '', '', '', 0, '', '', '', '', '', '', 0, '', '', '', '', '', '', 0, '', '', '', 2025, '', 'Aktif', '', 'X.TJKT', 'X.TJKT', 0),
(2114, '202559204', '1', 'Muhammad Alfu Qianu Saidi', 1, '0102791352', '', '0000-00-00', '', 0, '', '', '', '', '', '', '', '', '', '', 0, '', '', '', '', '', '', '', '', '', '', 0, '', '', '', '', '', '', 0, '', '', '', '', '', '', 0, '', '', '', 2025, '', 'Aktif', '', 'X.TJKT', 'X.TJKT', 0),
(2115, '202559205', '1', 'Muhammad Azam Al Farisy', 1, '0093481369', '', '0000-00-00', '', 0, '', '', '', '', '', '', '', '', '', '', 0, '', '', '', '', '', '', '', '', '', '', 0, '', '', '', '', '', '', 0, '', '', '', '', '', '', 0, '', '', '', 2025, '', 'Aktif', '', 'X.TJKT', 'X.TJKT', 0),
(2116, '202559206', '1', 'Muhammad Faiz Adhilah', 1, '0098722813', '', '0000-00-00', '', 0, '', '', '', '', '', '', '', '', '', '', 0, '', '', '', '', '', '', '', '', '', '', 0, '', '', '', '', '', '', 0, '', '', '', '', '', '', 0, '', '', '', 2025, '', 'Aktif', '', 'X.TJKT', 'X.TJKT', 0),
(2117, '202559207', '1', 'MUHAMMAD FAREL RAYHAN', 1, '3101949817', '', '0000-00-00', '', 0, '', '', '', '', '', '', '', '', '', '', 0, '', '', '', '', '', '', '', '', '', '', 0, '', '', '', '', '', '', 0, '', '', '', '', '', '', 0, '', '', '', 2025, '', 'Aktif', '', 'X.TJKT', 'X.TJKT', 0),
(2118, '20255', '1', 'MUHAMMAD JA\'FAR SHADIQ', 1, '0101269336', '', '0000-00-00', '', 0, '', '', '', '', '', '', '', '', '', '', 0, '', '', '', '', '', '', '', '', '', '', 0, '', '', '', '', '', '', 0, '', '', '', '', '', '', 0, '', '', '', 2025, '', 'Aktif', '', 'X.TJKT', 'X.TJKT', 0),
(2119, '202559208', '1', 'MUHAMMAD JIBRAN', 1, '0092251405', '', '0000-00-00', '', 0, '', '', '', '', '', '', '', '', '', '', 0, '', '', '', '', '', '', '', '', '', '', 0, '', '', '', '', '', '', 0, '', '', '', '', '', '', 0, '', '', '', 2025, '', 'Aktif', '', 'X.TJKT', 'X.TJKT', 0),
(2120, '202559209', '1', 'MUHAMMAD RAFFA', 1, '0094666089', '', '0000-00-00', '', 0, '', '', '', '', '', '', '', '', '', '', 0, '', '', '', '', '', '', '', '', '', '', 0, '', '', '', '', '', '', 0, '', '', '', '', '', '', 0, '', '', '', 2025, '', 'Aktif', '', 'X.TJKT', 'X.TJKT', 0),
(2121, '202559210', '1', 'Muhammad Romdhoni Saputra', 1, '0108081659', '', '0000-00-00', '', 0, '', '', '', '', '', '', '', '', '', '', 0, '', '', '', '', '', '', '', '', '', '', 0, '', '', '', '', '', '', 0, '', '', '', '', '', '', 0, '', '', '', 2025, '', 'Aktif', '', 'X.TJKT', 'X.TJKT', 0),
(2122, '202559211', '1', 'Panca Putra Hutama', 1, '0094534787', '', '0000-00-00', '', 0, '', '', '', '', '', '', '', '', '', '', 0, '', '', '', '', '', '', '', '', '', '', 0, '', '', '', '', '', '', 0, '', '', '', '', '', '', 0, '', '', '', 2025, '', 'Aktif', '', 'X.TJKT', 'X.TJKT', 0),
(2123, '202559212', '1', 'Pandu Rendi Dinata', 1, '0094914553', '', '0000-00-00', '', 0, '', '', '', '', '', '', '', '', '', '', 0, '', '', '', '', '', '', '', '', '', '', 0, '', '', '', '', '', '', 0, '', '', '', '', '', '', 0, '', '', '', 2025, '', 'Aktif', '', 'X.TJKT', 'X.TJKT', 0),
(2124, '202559213', '1', 'Putra Ezra Awalludin', 1, '0083981698', '', '0000-00-00', '', 0, '', '', '', '', '', '', '', '', '', '', 0, '', '', '', '', '', '', '', '', '', '', 0, '', '', '', '', '', '', 0, '', '', '', '', '', '', 0, '', '', '', 2025, '', 'Aktif', '', 'X.TJKT', 'X.TJKT', 0),
(2125, '202559214', '1', 'QAY\'RAN RUBY AL MAGHRIBI', 1, '0094026888', '', '0000-00-00', '', 0, '', '', '', '', '', '', '', '', '', '', 0, '', '', '', '', '', '', '', '', '', '', 0, '', '', '', '', '', '', 0, '', '', '', '', '', '', 0, '', '', '', 2025, '', 'Aktif', '', 'X.TJKT', 'X.TJKT', 0),
(2126, '202559215', '1', 'Radit Prasetya', 1, '0098206290', '', '0000-00-00', '', 0, '', '', '', '', '', '', '', '', '', '', 0, '', '', '', '', '', '', '', '', '', '', 0, '', '', '', '', '', '', 0, '', '', '', '', '', '', 0, '', '', '', 2025, '', 'Aktif', '', 'X.TJKT', 'X.TJKT', 0),
(2127, '202559216', '1', 'RAFFA RAMADANI', 1, '0099408371', '', '0000-00-00', '', 0, '', '', '', '', '', '', '', '', '', '', 0, '', '', '', '', '', '', '', '', '', '', 0, '', '', '', '', '', '', 0, '', '', '', '', '', '', 0, '', '', '', 2025, '', 'Aktif', '', 'X.TJKT', 'X.TJKT', 0),
(2128, '202559217', '1', 'Rafie Anugrah Khalis', 1, '0095694259', '', '0000-00-00', '', 0, '', '', '', '', '', '', '', '', '', '', 0, '', '', '', '', '', '', '', '', '', '', 0, '', '', '', '', '', '', 0, '', '', '', '', '', '', 0, '', '', '', 2025, '', 'Aktif', '', 'X.TJKT', 'X.TJKT', 0),
(2129, '20256', '1', 'RAMDHAN ARIFIN', 1, '0094644192', '', '0000-00-00', '', 0, '', '', '', '', '', '', '', '', '', '', 0, '', '', '', '', '', '', '', '', '', '', 0, '', '', '', '', '', '', 0, '', '', '', '', '', '', 0, '', '', '', 2025, '', 'Aktif', '', 'X.TJKT', 'X.TJKT', 0),
(2130, '202559218', '1', 'REVAN NURZAMAN', 1, '0093301697', '', '0000-00-00', '', 0, '', '', '', '', '', '', '', '', '', '', 0, '', '', '', '', '', '', '', '', '', '', 0, '', '', '', '', '', '', 0, '', '', '', '', '', '', 0, '', '', '', 2025, '', 'Aktif', '', 'X.TJKT', 'X.TJKT', 0),
(2131, '202559219', '1', 'SHAFA THALITA SABRI', 1, '0096165096', '', '0000-00-00', '', 0, '', '', '', '', '', '', '', '', '', '', 0, '', '', '', '', '', '', '', '', '', '', 0, '', '', '', '', '', '', 0, '', '', '', '', '', '', 0, '', '', '', 2025, '', 'Aktif', '', 'X.TJKT', 'X.TJKT', 0),
(2132, '202559220', '1', 'WIBOWO UTOMO', 1, '0108298331', '', '0000-00-00', '', 0, '', '', '', '', '', '', '', '', '', '', 0, '', '', '', '', '', '', '', '', '', '', 0, '', '', '', '', '', '', 0, '', '', '', '', '', '', 0, '', '', '', 2025, '', 'Aktif', '', 'X.TJKT', 'X.TJKT', 0);

-- --------------------------------------------------------

--
-- Struktur dari tabel `rb_sms`
--

CREATE TABLE `rb_sms` (
  `id_sms` int(5) NOT NULL,
  `nohp` varchar(15) NOT NULL,
  `pesan` text NOT NULL
) ENGINE=MyISAM DEFAULT CHARSET=latin1;

--
-- Dumping data untuk tabel `rb_sms`
--

INSERT INTO `rb_sms` (`id_sms`, `nohp`, `pesan`) VALUES
(6, '087782255127', 'tes admin'),
(7, '087782255127', 'aaaaaaaaaa'),
(8, '087782255127', 'test'),
(9, '087782255127', 'test');

-- --------------------------------------------------------

--
-- Struktur dari tabel `rb_sms_autoreply`
--

CREATE TABLE `rb_sms_autoreply` (
  `id_autoreply` int(5) NOT NULL,
  `keyword` varchar(100) NOT NULL,
  `isi_pesan` text NOT NULL,
  `waktu` datetime NOT NULL
) ENGINE=MyISAM DEFAULT CHARSET=latin1;

--
-- Dumping data untuk tabel `rb_sms_autoreply`
--

INSERT INTO `rb_sms_autoreply` (`id_autoreply`, `keyword`, `isi_pesan`, `waktu`) VALUES
(1, 'REG INFO', 'Diharapkan kepada semua orang tua lebih memperhatikan pergaulan anak-anaknya.', '2016-04-23 08:16:22'),
(2, 'REG KEGIATAN', 'Kegiatan Pramuka 27-04-2016, Kegiatan Paskibra 12-05-2016, Kegiatan Maraton Bersama Guru 16-05-2016.', '2016-04-23 09:23:34');

-- --------------------------------------------------------

--
-- Struktur dari tabel `rb_sms_inbox`
--

CREATE TABLE `rb_sms_inbox` (
  `id` int(11) NOT NULL,
  `pesan` text,
  `nohp` varchar(20) DEFAULT NULL,
  `waktu` datetime DEFAULT NULL,
  `modem` varchar(50) DEFAULT NULL
) ENGINE=MyISAM DEFAULT CHARSET=latin1;

-- --------------------------------------------------------

--
-- Struktur dari tabel `rb_sms_outbox`
--

CREATE TABLE `rb_sms_outbox` (
  `id_outbox` int(5) NOT NULL,
  `nohp` varchar(20) NOT NULL,
  `pesan` text NOT NULL,
  `waktu` datetime NOT NULL
) ENGINE=MyISAM DEFAULT CHARSET=latin1;

-- --------------------------------------------------------

--
-- Struktur dari tabel `rb_status_keaktifan`
--

CREATE TABLE `rb_status_keaktifan` (
  `id_status_keaktifan` int(5) NOT NULL,
  `nama_status_keaktifan` varchar(255) NOT NULL,
  `keterangan` text NOT NULL
) ENGINE=MyISAM DEFAULT CHARSET=latin1;

--
-- Dumping data untuk tabel `rb_status_keaktifan`
--

INSERT INTO `rb_status_keaktifan` (`id_status_keaktifan`, `nama_status_keaktifan`, `keterangan`) VALUES
(1, 'Aktif', ''),
(2, 'Tidak Aktif', '');

-- --------------------------------------------------------

--
-- Struktur dari tabel `rb_status_kepegawaian`
--

CREATE TABLE `rb_status_kepegawaian` (
  `id_status_kepegawaian` int(5) NOT NULL,
  `status_kepegawaian` varchar(255) NOT NULL,
  `keterangan` text NOT NULL
) ENGINE=MyISAM DEFAULT CHARSET=latin1;

--
-- Dumping data untuk tabel `rb_status_kepegawaian`
--

INSERT INTO `rb_status_kepegawaian` (`id_status_kepegawaian`, `status_kepegawaian`, `keterangan`) VALUES
(1, 'Tenaga Honor Sekolah\n', ''),
(2, 'Guru Honor Sekolah\n', ''),
(3, 'PNS\r\n', ''),
(4, 'GTY/PTY\r\n', ''),
(5, 'CPNS\r\n', '');

-- --------------------------------------------------------

--
-- Struktur dari tabel `rb_status_pernikahan`
--

CREATE TABLE `rb_status_pernikahan` (
  `id_status_pernikahan` int(5) NOT NULL,
  `status_pernikahan` varchar(150) NOT NULL,
  `keterangan` text NOT NULL
) ENGINE=MyISAM DEFAULT CHARSET=latin1;

--
-- Dumping data untuk tabel `rb_status_pernikahan`
--

INSERT INTO `rb_status_pernikahan` (`id_status_pernikahan`, `status_pernikahan`, `keterangan`) VALUES
(1, 'Menikah', ''),
(2, 'Belum Menikah', '');

-- --------------------------------------------------------

--
-- Struktur dari tabel `rb_tahun_akademik`
--

CREATE TABLE `rb_tahun_akademik` (
  `id_tahun_akademik` int(5) NOT NULL,
  `nama_tahun` varchar(255) NOT NULL,
  `keterangan` text NOT NULL,
  `titimangsa` varchar(50) NOT NULL,
  `aktif` enum('Ya','Tidak') NOT NULL
) ENGINE=MyISAM DEFAULT CHARSET=latin1;

--
-- Dumping data untuk tabel `rb_tahun_akademik`
--

INSERT INTO `rb_tahun_akademik` (`id_tahun_akademik`, `nama_tahun`, `keterangan`, `titimangsa`, `aktif`) VALUES
(20151, 'Semester Ganjil 2015/2016', '2015/2016', '', 'Tidak'),
(20152, 'Semester Genap 2015/2016', '2015/2016', '', 'Tidak'),
(20161, 'Semester Ganjil 2016/2017', '2016/2017', '', 'Tidak'),
(20162, 'Semester Genap 2016/2017', '2016/2017', '', 'Tidak'),
(20231, 'Semester Ganjil 2023/2024', '2023/2024', '15 Desember 2023', 'Tidak'),
(20232, 'Semester Genap 2023/2024', '2023/2024', '', 'Tidak'),
(20251, 'Semester Ganjil 2025/2026', '2025/2026', '', 'Ya');

-- --------------------------------------------------------

--
-- Struktur dari tabel `rb_users`
--

CREATE TABLE `rb_users` (
  `id_user` int(5) NOT NULL,
  `username` varchar(100) COLLATE latin1_general_ci NOT NULL,
  `password` text COLLATE latin1_general_ci NOT NULL,
  `nama_lengkap` varchar(100) COLLATE latin1_general_ci NOT NULL,
  `email` varchar(100) COLLATE latin1_general_ci NOT NULL,
  `no_telpon` varchar(15) COLLATE latin1_general_ci NOT NULL,
  `jabatan` varchar(150) COLLATE latin1_general_ci NOT NULL,
  `level` varchar(20) COLLATE latin1_general_ci NOT NULL DEFAULT 'sekolah',
  `aktif` enum('Y','N') COLLATE latin1_general_ci NOT NULL
) ENGINE=MyISAM DEFAULT CHARSET=latin1 COLLATE=latin1_general_ci;

--
-- Dumping data untuk tabel `rb_users`
--

INSERT INTO `rb_users` (`id_user`, `username`, `password`, `nama_lengkap`, `email`, `no_telpon`, `jabatan`, `level`, `aktif`) VALUES
(1, 'admin', '6870a69db37c26a4649f9b210aaf6b5cdbe9a6bf5cea708b5de83b9c37d72c9dde29a999dd54bfc983e6254972f0f589b23892d53418c6414f6486a3108e7d3c', 'Administrator', 'admin@almubarakbenhil.sch.id', '00000000000', 'Kepala IT', 'superuser', 'Y'),
(2, 'Kepsek', '2cd39b25613a7c5d37ff41cb39aba8ee5cb7fc1e238c3916b24ffa2f21e78652e0c0c74ea25b7f044e2275ecd16c559eb3e9c2743fa7debc8002c74657dcde14', 'Dr. IMAN SUTARYA, S.Pd.,M.Pd.', 'iman@google.com', '1234567890', 'Kepala Sekolah', 'kepala', 'Y'),
(107, 'piket', '13238760244039fb9e56abc8e86b6e1b69ceee40bf71b3e60b8865f730fc136dba1fc3af399e363fc38b374202a4786abcd9d85d0d497a46040c38571b589062', 'piket', '', '', 'asadf', 'piket', 'Y'),
(108, 'aaa', 'e00a97cf4d9044d8e58ada3a8711e58d1ab5e2378a9ba3a86b00390c51a654a4235dc7224c1b25a3ca9cf30e0f27be460ae9ffa3c1c5578a9397aea6edb90d0f', 'aaa', 'aaa', '12', 'walas', 'superuser', 'Y'),
(109, 'admin', 'bff0cc42103de1b4721370e84dc24f635a7afeca41198c9b3e03946a1b6b7191d14356408a5e57ce6daf77e6e800c66fac7ab0482d57d48d23e6808e4b562daa', 'admin', 'admin@gmail.com', '12345678909', 'Staff IT', 'superuser', 'Y');

-- --------------------------------------------------------

--
-- Struktur dari tabel `rb_users_aktivitas`
--

CREATE TABLE `rb_users_aktivitas` (
  `id_users_aktivitas` int(10) NOT NULL,
  `identitas` varchar(50) NOT NULL,
  `ip_address` varchar(50) NOT NULL,
  `browser` varchar(50) NOT NULL,
  `os` varchar(50) NOT NULL,
  `status` enum('siswa','guru','superuser') NOT NULL,
  `jam` time NOT NULL,
  `tanggal` date NOT NULL
) ENGINE=MyISAM DEFAULT CHARSET=latin1;

--
-- Dumping data untuk tabel `rb_users_aktivitas`
--

INSERT INTO `rb_users_aktivitas` (`id_users_aktivitas`, `identitas`, `ip_address`, `browser`, `os`, `status`, `jam`, `tanggal`) VALUES
(1, '195704111980032004', '::1', 'Chrome 49.0.2623.112', 'Windows 7', 'guru', '10:59:57', '2016-04-13'),
(2, '9991268756', '::1', 'Chrome 49.0.2623.112', 'Windows 7', 'siswa', '11:00:27', '2016-04-13'),
(3, '9994030915', '::1', 'Chrome 49.0.2623.112', 'Windows 7', 'siswa', '11:01:44', '2016-04-14'),
(4, '9975540740', '::1', 'Chrome 49.0.2623.112', 'Windows 7', 'siswa', '11:20:43', '2016-04-14'),
(5, '195901241986032002', '::1', 'Chrome 49.0.2623.112', 'Windows 7', 'guru', '11:21:04', '2016-04-14'),
(6, '0006223671', '::1', 'Chrome 49.0.2623.112', 'Windows 7', 'siswa', '12:18:06', '2016-04-15'),
(7, '195912121986021004', '::1', 'Chrome 49.0.2623.112', 'Windows 7', 'guru', '12:18:32', '2016-04-15'),
(8, '197110292005011003', '::1', 'Chrome 49.0.2623.112', 'Windows 7', 'guru', '12:18:40', '2016-04-15'),
(9, '196109191988031006', '::1', 'Chrome 49.0.2623.112', 'Windows 7', 'guru', '12:18:49', '2016-04-16'),
(10, '196202191990032001', '::1', 'Chrome 49.0.2623.112', 'Windows 7', 'guru', '12:19:02', '2016-04-16'),
(11, '9999344284', '::1', 'Chrome 49.0.2623.112', 'Windows 7', 'siswa', '12:19:24', '2016-04-16'),
(12, '9980725248', '::1', 'Chrome 49.0.2623.112', 'Windows 7', 'siswa', '12:19:32', '2016-04-16'),
(13, '0006223671', '::1', 'Chrome 49.0.2623.112', 'Windows 7', 'siswa', '12:19:42', '2016-04-16'),
(14, '2', '', ' Chrome 49.0.2623.112', 'Windows 7', 'guru', '06:13:43', '2016-04-23'),
(15, '195704111980032004', '::1', 'Chrome 49.0.2623.112', 'Windows 7', 'guru', '06:15:28', '2016-04-23'),
(16, '1', '', ' Chrome 49.0.2623.112', 'Windows 7', 'superuser', '06:27:20', '2016-04-23'),
(17, '195704111980032004', '::1', 'Chrome 49.0.2623.112', 'Windows 7', 'guru', '06:34:28', '2016-04-23'),
(18, '9980708111', '::1', 'Chrome 49.0.2623.112', 'Windows 7', 'siswa', '06:36:21', '2016-04-23'),
(19, '195704111980032004', '::1', 'Chrome 49.0.2623.112', 'Windows 7', 'guru', '06:37:05', '2016-04-23'),
(20, '9994030915', '::1', 'Chrome 49.0.2623.112', 'Windows 7', 'siswa', '06:41:40', '2016-04-23'),
(21, '195704111980032004', '::1', 'Chrome 49.0.2623.112', 'Windows 7', 'guru', '06:43:49', '2016-04-23'),
(22, '9991268756', '::1', 'Firefox 46.0', 'Windows 7', 'siswa', '06:46:06', '2016-04-23'),
(23, '1', '', ' Chrome 49.0.2623.112', 'Windows 7', 'superuser', '07:02:03', '2016-04-23'),
(24, '9980708111', '::1', 'Chrome 49.0.2623.112', 'Windows 7', 'siswa', '07:21:03', '2016-04-23'),
(25, '9980720559', '::1', 'Chrome 49.0.2623.112', 'Windows 7', 'siswa', '07:21:21', '2016-04-23'),
(26, '9991268756', '::1', 'Chrome 49.0.2623.112', 'Windows 7', 'siswa', '07:22:01', '2016-04-23'),
(27, '9999152999', '::1', 'Chrome 49.0.2623.112', 'Windows 7', 'siswa', '07:29:17', '2016-04-23'),
(28, '195704111980032004', '::1', 'Chrome 49.0.2623.112', 'Windows 7', 'guru', '08:40:14', '2016-04-23'),
(29, '1', '', 'Chrome 49.0.2623.112', 'Windows 7', 'superuser', '08:45:52', '2016-04-23'),
(30, '1', '::1', 'Chrome 49.0.2623.112', 'Windows 7', 'superuser', '06:13:18', '2016-04-16'),
(31, '1', '::1', 'Chrome 49.0.2623.112', 'Windows 7', 'superuser', '03:12:26', '2016-04-15'),
(32, '1', '::1', 'Chrome 49.0.2623.112', 'Windows 7', 'superuser', '06:13:18', '2016-04-14'),
(33, '1', '::1', 'Chrome 49.0.2623.112', 'Windows 7', 'superuser', '03:12:26', '2016-04-13'),
(34, '1', '::1', 'Chrome 49.0.2623.112', 'Windows 7', 'superuser', '07:13:18', '2016-04-14'),
(35, '1', '::1', 'Chrome 49.0.2623.112', 'Windows 7', 'superuser', '05:12:26', '2016-04-13'),
(36, '1', '36.68.12.49', 'Chrome 49.0.2623.112', 'Windows 7', 'superuser', '10:32:19', '2016-04-23'),
(48, '1', '114.4.79.250', 'Chrome 50.0.2661.87', 'Windows 7', 'superuser', '15:08:36', '2016-04-27'),
(47, '1', '36.84.224.134', 'Chrome 50.0.2661.87', 'Windows 7', 'superuser', '10:17:00', '2016-04-27'),
(40, '195704111980032004', '114.4.21.153', 'Chrome 50.0.2661.87', 'Windows 7', 'guru', '07:50:45', '2016-04-27'),
(41, '1', '114.4.21.153', 'Chrome 50.0.2661.87', 'Windows 7', 'superuser', '07:54:08', '2016-04-27'),
(42, '9980708111', '114.4.21.153', 'Chrome 50.0.2661.87', 'Windows 7', 'siswa', '07:55:08', '2016-04-27'),
(43, '9980722436', '114.4.21.153', 'Chrome 50.0.2661.87', 'Windows 7', 'siswa', '07:55:23', '2016-04-27'),
(44, '198605012009011001', '114.4.21.153', 'Chrome 50.0.2661.87', 'Windows 7', 'guru', '07:55:38', '2016-04-27'),
(45, '1', '114.4.21.153', 'Chrome 50.0.2661.87', 'Windows 7', 'superuser', '07:55:51', '2016-04-27'),
(46, '1', '114.4.21.153', 'Chrome 50.0.2661.87', 'Windows 7', 'superuser', '08:01:10', '2016-04-27'),
(49, '1', '::1', 'Chrome 50.0.2661.87', 'Windows 7', 'superuser', '20:16:59', '2016-04-27'),
(50, '1', '::1', 'Chrome 50.0.2661.87', 'Windows 7', 'superuser', '08:27:54', '2016-04-28'),
(51, '198710052010012011', '::1', 'Chrome 50.0.2661.87', 'Windows 7', 'guru', '10:41:56', '2016-04-28'),
(52, '195704111980032004', '::1', 'Chrome 50.0.2661.87', 'Windows 7', 'guru', '10:42:15', '2016-04-28'),
(53, '1', '::1', 'Chrome 50.0.2661.87', 'Windows 7', 'superuser', '13:12:06', '2016-04-28'),
(54, '9991268756', '::1', 'Chrome 50.0.2661.87', 'Windows 7', 'siswa', '13:30:48', '2016-04-28'),
(55, '1', '::1', 'Chrome 50.0.2661.87', 'Windows 7', 'superuser', '19:15:10', '2016-04-28'),
(56, '1', '::1', 'Chrome 50.0.2661.87', 'Windows 7', 'superuser', '10:02:22', '2016-04-29'),
(57, '195806161984000001', '::1', 'Chrome 50.0.2661.87', 'Windows 7', 'guru', '22:37:57', '2016-04-29'),
(58, '9991268756', '::1', 'Chrome 50.0.2661.87', 'Windows 7', 'siswa', '22:41:40', '2016-04-29'),
(59, '1', '::1', 'Chrome 50.0.2661.87', 'Windows 7', 'superuser', '23:09:20', '2016-04-29'),
(60, '1', '::1', 'Chrome 50.0.2661.87', 'Windows 7', 'superuser', '23:20:06', '2016-04-29'),
(61, '195704111980032004', '::1', 'Chrome 50.0.2661.87', 'Windows 7', 'guru', '06:14:36', '2016-04-30'),
(62, '1', '::1', 'Chrome 50.0.2661.87', 'Windows 7', 'superuser', '06:14:55', '2016-04-30'),
(63, '195806161984000001', '::1', 'Chrome 50.0.2661.87', 'Windows 7', 'guru', '06:18:35', '2016-04-30'),
(64, '195806161984000001', '::1', 'Chrome 50.0.2661.87', 'Windows 7', 'guru', '06:19:47', '2016-04-30'),
(65, '1', '::1', 'Chrome 50.0.2661.87', 'Windows 7', 'superuser', '10:00:28', '2016-04-30'),
(66, '9991268756', '::1', 'Chrome 50.0.2661.87', 'Windows 7', 'siswa', '10:01:25', '2016-04-30'),
(67, '1', '::1', 'Chrome 50.0.2661.87', 'Windows 7', 'superuser', '10:01:44', '2016-04-30'),
(68, '2', '::1', 'Chrome 50.0.2661.87', 'Windows 7', '', '10:02:29', '2016-04-30'),
(69, '196209051987031007', '::1', 'Chrome 50.0.2661.87', 'Windows 7', 'guru', '10:02:51', '2016-04-30'),
(70, '1', '::1', 'Chrome 50.0.2661.87', 'Windows 7', 'superuser', '10:37:52', '2016-04-30'),
(71, '195806161984000001', '::1', 'Chrome 50.0.2661.87', 'Windows 7', 'guru', '10:58:18', '2016-04-30'),
(72, '1', '::1', 'Chrome 50.0.2661.87', 'Windows 7', 'superuser', '12:57:17', '2016-04-30'),
(74, '1', '::1', 'Chrome 50.0.2661.94', 'Windows 7', 'superuser', '20:17:11', '2016-05-04'),
(75, '1', '::1', 'Chrome 50.0.2661.94', 'Windows 7', 'superuser', '22:34:59', '2016-05-11'),
(76, '1', '::1', 'Chrome 50.0.2661.102', 'Windows 7', 'superuser', '07:21:10', '2016-06-02'),
(77, '1', '::1', 'Chrome 51.0.2704.103', 'Windows 7', 'superuser', '22:52:32', '2016-06-19'),
(78, '1', '::1', 'Chrome 51.0.2704.103', 'Windows 7', 'superuser', '15:06:29', '2016-06-22'),
(79, '1', '::1', 'Chrome 51.0.2704.103', 'Windows 7', 'superuser', '15:45:59', '2016-06-22'),
(80, '1', '::1', 'Chrome 51.0.2704.103', 'Windows 7', 'superuser', '07:40:52', '2016-06-23'),
(81, '1', '::1', 'Chrome 51.0.2704.103', 'Windows 7', 'superuser', '11:41:34', '2016-06-23'),
(82, '9991268756', '::1', 'Chrome 51.0.2704.103', 'Windows 7', 'siswa', '04:56:37', '2016-06-29'),
(83, '1', '::1', 'Chrome 51.0.2704.103', 'Windows 7', 'superuser', '08:46:48', '2016-07-01'),
(84, '1', '::1', 'Chrome 51.0.2704.103', 'Windows 7', 'superuser', '15:32:49', '2016-07-02'),
(85, '1', '::1', 'Chrome 51.0.2704.103', 'Windows 7', 'superuser', '06:37:49', '2016-07-03'),
(86, '1', '::1', 'Chrome 51.0.2704.103', 'Windows 7', 'superuser', '11:24:00', '2016-07-04'),
(87, '9991268756', '::1', 'Chrome 51.0.2704.103', 'Windows 7', 'siswa', '12:24:55', '2016-07-04'),
(88, '1', '::1', 'Chrome 51.0.2704.103', 'Windows 7', 'superuser', '13:38:17', '2016-07-04'),
(89, '1', '::1', 'Chrome 51.0.2704.103', 'Windows 7', 'superuser', '16:41:51', '2016-07-04'),
(90, '1', '::1', 'Chrome 51.0.2704.103', 'Windows 7', 'superuser', '05:45:25', '2016-07-05'),
(91, '195704111980032004', '::1', 'Chrome 51.0.2704.103', 'Windows 7', 'guru', '09:59:50', '2016-07-05'),
(92, '1', '::1', 'Chrome 51.0.2704.103', 'Windows 7', 'superuser', '10:12:22', '2016-07-05'),
(93, '1', '::1', 'Chrome 51.0.2704.103', 'Windows 7', 'superuser', '10:34:34', '2016-07-05'),
(94, '1', '::1', 'Chrome 51.0.2704.103', 'Windows 7', 'superuser', '08:09:08', '2016-07-08'),
(95, '195806161984000002', '::1', 'Chrome 51.0.2704.103', 'Windows 7', 'guru', '11:15:49', '2016-07-08'),
(96, '1', '::1', 'Chrome 51.0.2704.103', 'Windows 7', 'superuser', '11:32:28', '2016-07-08'),
(97, '1', '::1', 'Chrome 51.0.2704.103', 'Windows 7', 'superuser', '13:30:18', '2016-07-08'),
(98, '9991268756', '::1', 'Chrome 51.0.2704.103', 'Windows 7', 'siswa', '13:31:00', '2016-07-08'),
(99, '1', '::1', 'Chrome 51.0.2704.103', 'Windows 7', 'superuser', '13:49:22', '2016-07-08'),
(100, '9991268756', '::1', 'Chrome 51.0.2704.103', 'Windows 7', 'siswa', '13:50:02', '2016-07-08'),
(101, '1', '::1', 'Chrome 51.0.2704.103', 'Windows 7', 'superuser', '15:27:03', '2016-07-08'),
(102, '9991268756', '::1', 'Chrome 51.0.2704.103', 'Windows 7', 'siswa', '15:54:51', '2016-07-08'),
(103, '1', '::1', 'Chrome 51.0.2704.103', 'Windows 7', 'superuser', '05:36:38', '2016-07-09'),
(104, '9991268756', '::1', 'Chrome 51.0.2704.103', 'Windows 7', 'siswa', '06:12:14', '2016-07-09'),
(105, '2', '::1', 'Chrome 51.0.2704.103', 'Windows 7', '', '06:18:50', '2016-07-09'),
(106, '1', '::1', 'Chrome 51.0.2704.103', 'Windows 7', 'superuser', '06:27:53', '2016-07-09'),
(107, '1', '::1', 'Chrome 51.0.2704.103', 'Windows 7', 'superuser', '06:57:52', '2016-07-09'),
(108, '195806161984000002', '::1', 'Chrome 51.0.2704.103', 'Windows 7', 'guru', '07:01:50', '2016-07-09'),
(109, '1', '::1', 'Chrome 51.0.2704.103', 'Windows 7', 'superuser', '05:41:14', '2016-07-10'),
(110, '1', '::1', 'Chrome 85.0.4183.121', 'Windows 10', 'superuser', '14:18:13', '2020-10-03'),
(111, '1', '::1', 'Chrome 116.0.0.0', 'Windows 10', 'superuser', '11:16:10', '2023-08-29'),
(112, '1', '::1', 'Chrome 116.0.0.0', 'Windows 10', 'superuser', '11:18:02', '2023-08-29'),
(113, '195806161984000002', '::1', 'Chrome 116.0.0.0', 'Windows 10', 'guru', '11:19:28', '2023-08-29'),
(114, '1', '::1', 'Chrome 116.0.0.0', 'Windows 10', 'superuser', '11:20:23', '2023-08-29'),
(115, '1', '::1', 'Chrome 116.0.0.0', 'Windows 10', 'superuser', '11:57:03', '2023-08-29'),
(116, '195806161984000002', '::1', 'Chrome 116.0.0.0', 'Windows 10', 'guru', '11:57:26', '2023-08-29'),
(117, '1', '::1', 'Chrome 116.0.0.0', 'Windows 10', 'superuser', '11:59:15', '2023-08-29'),
(118, '195704111980032004', '::1', 'Chrome 116.0.0.0', 'Windows 10', 'guru', '12:01:10', '2023-08-29'),
(119, '1', '::1', 'Chrome 116.0.0.0', 'Windows 10', 'superuser', '12:02:08', '2023-08-29'),
(120, '1', '::1', 'Chrome 116.0.0.0', 'Windows 10', 'superuser', '22:59:02', '2023-09-05'),
(121, '1', '::1', 'Chrome 116.0.0.0', 'Windows 10', 'superuser', '02:00:56', '2023-09-13'),
(122, '1', '::1', 'Chrome 116.0.0.0', 'Windows 10', 'superuser', '02:01:57', '2023-09-13'),
(123, '1', '::1', 'Chrome 116.0.0.0', 'Windows 10', 'superuser', '02:12:00', '2023-09-13'),
(124, '1', '::1', 'Chrome 116.0.0.0', 'Windows 10', 'superuser', '01:09:09', '2023-09-15'),
(125, '1', '::1', 'Chrome 116.0.0.0', 'Windows 10', 'superuser', '03:34:30', '2023-09-15'),
(126, '1', '::1', 'Chrome 116.0.0.0', 'Windows 10', 'superuser', '02:09:25', '2023-09-18'),
(127, '198411032008032001', '::1', 'Chrome 116.0.0.0', 'Windows 10', 'guru', '02:10:15', '2023-09-18'),
(128, '1', '::1', 'Chrome 116.0.0.0', 'Windows 10', 'superuser', '02:10:49', '2023-09-18'),
(129, '1', '::1', 'Chrome 116.0.0.0', 'Windows 10', 'superuser', '02:11:30', '2023-09-18'),
(130, '195704111980032004', '::1', 'Chrome 116.0.0.0', 'Windows 10', 'guru', '02:13:57', '2023-09-18'),
(131, '1', '::1', 'Chrome 116.0.0.0', 'Windows 10', 'superuser', '02:14:58', '2023-09-18'),
(132, '195704111980032004', '::1', 'Chrome 116.0.0.0', 'Windows 10', 'guru', '02:24:30', '2023-09-18'),
(133, '1', '::1', 'Chrome 116.0.0.0', 'Windows 10', 'superuser', '02:29:01', '2023-09-18'),
(134, '198710052010012011', '::1', 'Chrome 116.0.0.0', 'Windows 10', 'guru', '02:31:24', '2023-09-18'),
(135, '1', '::1', 'Chrome 116.0.0.0', 'Windows 10', 'superuser', '02:32:04', '2023-09-18'),
(136, '1', '::1', 'Chrome 116.0.0.0', 'Windows 10', 'superuser', '02:33:34', '2023-09-18'),
(137, '2', '::1', 'Chrome 116.0.0.0', 'Windows 10', '', '02:34:09', '2023-09-18'),
(138, '1', '::1', 'Chrome 116.0.0.0', 'Windows 10', 'superuser', '02:48:39', '2023-09-18'),
(139, '0', '::1', 'Chrome 116.0.0.0', 'Windows 10', 'guru', '03:01:35', '2023-09-18'),
(140, '0', '::1', 'Chrome 116.0.0.0', 'Windows 10', 'guru', '03:05:34', '2023-09-18'),
(141, '195704111980032004', '::1', 'Chrome 116.0.0.0', 'Windows 10', 'guru', '03:21:00', '2023-09-18'),
(142, '0', '::1', 'Chrome 116.0.0.0', 'Windows 10', 'guru', '03:22:29', '2023-09-18'),
(143, '195704111980032004', '::1', 'Chrome 116.0.0.0', 'Windows 10', 'guru', '03:31:23', '2023-09-18'),
(144, '0', '::1', 'Chrome 116.0.0.0', 'Windows 10', 'guru', '03:31:35', '2023-09-18'),
(145, '1', '::1', 'Chrome 116.0.0.0', 'Windows 10', 'superuser', '03:32:46', '2023-09-18'),
(146, '195704111980032004', '::1', 'Chrome 116.0.0.0', 'Windows 10', 'guru', '03:46:09', '2023-09-18'),
(147, '195704111980032004', '::1', 'Chrome 116.0.0.0', 'Windows 10', 'guru', '04:19:18', '2023-09-18'),
(148, '195704111980032004', '::1', 'Chrome 116.0.0.0', 'Windows 10', 'guru', '04:26:47', '2023-09-18'),
(149, '1', '::1', 'Chrome 116.0.0.0', 'Windows 10', 'superuser', '04:29:03', '2023-09-18'),
(150, '195704111980032004', '::1', 'Chrome 116.0.0.0', 'Windows 10', 'guru', '04:30:54', '2023-09-18'),
(151, '195704111980032004', '::1', 'Chrome 116.0.0.0', 'Windows 10', 'guru', '04:33:25', '2023-09-18'),
(152, '1', '::1', 'Chrome 116.0.0.0', 'Windows 10', 'superuser', '04:34:21', '2023-09-18'),
(153, '1', '::1', 'Chrome 116.0.0.0', 'Windows 10', 'superuser', '04:37:14', '2023-09-18'),
(154, '195704111980032004', '::1', 'Chrome 116.0.0.0', 'Windows 10', 'guru', '04:43:19', '2023-09-18'),
(155, '1', '::1', 'Chrome 116.0.0.0', 'Windows 10', 'superuser', '13:11:49', '2023-09-18'),
(156, '195704111980032004', '::1', 'Chrome 116.0.0.0', 'Windows 10', 'guru', '13:13:44', '2023-09-18'),
(157, '1', '::1', 'Chrome 116.0.0.0', 'Windows 10', 'superuser', '13:18:52', '2023-09-18'),
(158, '1', '::1', 'Chrome 116.0.0.0', 'Windows 10', 'superuser', '13:19:34', '2023-09-18'),
(159, '1', '::1', 'Chrome 116.0.0.0', 'Windows 10', 'superuser', '13:20:33', '2023-09-18'),
(160, '195806161984032002', '::1', 'Chrome 116.0.0.0', 'Windows 10', 'guru', '13:21:35', '2023-09-18'),
(161, '1', '::1', 'Chrome 116.0.0.0', 'Windows 10', 'superuser', '13:22:00', '2023-09-18'),
(162, '196209051987031007', '::1', 'Chrome 116.0.0.0', 'Windows 10', 'guru', '13:23:28', '2023-09-18'),
(163, '1', '::1', 'Chrome 116.0.0.0', 'Windows 10', 'superuser', '13:23:57', '2023-09-18'),
(164, '0', '::1', 'Chrome 116.0.0.0', 'Windows 10', 'guru', '14:04:42', '2023-09-18'),
(165, '', '::1', 'Chrome 116.0.0.0', 'Windows 10', '', '14:05:24', '2023-09-18'),
(166, '', '::1', 'Chrome 116.0.0.0', 'Windows 10', '', '14:05:31', '2023-09-18'),
(167, '', '::1', 'Chrome 116.0.0.0', 'Windows 10', '', '14:22:00', '2023-09-18'),
(168, '', '::1', 'Chrome 116.0.0.0', 'Windows 10', '', '14:22:59', '2023-09-18'),
(169, '', '::1', 'Chrome 116.0.0.0', 'Windows 10', '', '14:24:31', '2023-09-18'),
(170, '', '::1', 'Chrome 116.0.0.0', 'Windows 10', '', '14:26:24', '2023-09-18'),
(171, '', '::1', 'Chrome 116.0.0.0', 'Windows 10', '', '14:26:37', '2023-09-18'),
(172, '1', '::1', 'Chrome 116.0.0.0', 'Windows 10', 'superuser', '14:30:02', '2023-09-18'),
(173, '107', '::1', 'Chrome 116.0.0.0', 'Windows 10', '', '14:30:51', '2023-09-18'),
(174, '195704111980032004', '::1', 'Chrome 116.0.0.0', 'Windows 10', 'guru', '14:31:25', '2023-09-18'),
(175, '107', '::1', 'Chrome 116.0.0.0', 'Windows 10', '', '14:31:33', '2023-09-18'),
(176, '107', '::1', 'Chrome 116.0.0.0', 'Windows 10', '', '14:32:15', '2023-09-18'),
(177, '195704111980032004', '::1', 'Chrome 116.0.0.0', 'Windows 10', 'guru', '14:33:40', '2023-09-18'),
(178, '107', '::1', 'Chrome 116.0.0.0', 'Windows 10', '', '14:33:51', '2023-09-18'),
(179, '195704111980032004', '::1', 'Chrome 116.0.0.0', 'Windows 10', 'guru', '14:35:12', '2023-09-18'),
(180, '107', '::1', 'Chrome 116.0.0.0', 'Windows 10', '', '14:36:13', '2023-09-18'),
(181, '107', '::1', 'Chrome 116.0.0.0', 'Windows 10', '', '14:49:10', '2023-09-18'),
(182, '195704111980032004', '::1', 'Chrome 116.0.0.0', 'Windows 10', 'guru', '14:54:23', '2023-09-18'),
(183, '1', '::1', 'Chrome 116.0.0.0', 'Windows 10', 'superuser', '14:57:48', '2023-09-18'),
(184, '195704111980032004', '::1', 'Chrome 116.0.0.0', 'Windows 10', 'guru', '06:55:52', '2023-09-19'),
(185, '1', '::1', 'Chrome 116.0.0.0', 'Windows 10', 'superuser', '07:18:00', '2023-09-19'),
(186, '1', '::1', 'Chrome 116.0.0.0', 'Windows 10', 'superuser', '07:19:11', '2023-09-19'),
(187, '2', '::1', 'Chrome 116.0.0.0', 'Windows 10', '', '07:19:43', '2023-09-19'),
(188, '195704111980032004', '::1', 'Chrome 116.0.0.0', 'Windows 10', 'guru', '07:23:08', '2023-09-19'),
(189, '1', '::1', 'Chrome 117.0.0.0', 'Windows 10', 'superuser', '13:22:17', '2023-09-22'),
(190, '1', '::1', 'Chrome 117.0.0.0', 'Windows 10', 'superuser', '07:22:32', '2023-09-24'),
(191, '1', '::1', 'Chrome 117.0.0.0', 'Windows 10', 'superuser', '09:49:51', '2023-09-24'),
(192, '195704111980032004', '::1', 'Chrome 117.0.0.0', 'Windows 10', 'guru', '09:54:17', '2023-09-24'),
(193, '1', '::1', 'Chrome 117.0.0.0', 'Windows 10', 'superuser', '13:40:39', '2023-09-24'),
(194, '1', '::1', 'Chrome 117.0.0.0', 'Windows 10', 'superuser', '23:13:31', '2023-09-24'),
(195, '1', '::1', 'Chrome 117.0.0.0', 'Windows 10', 'superuser', '10:25:04', '2023-10-08'),
(196, '1', '::1', 'Chrome 118.0.0.0', 'Windows 10', 'superuser', '21:24:06', '2023-10-18'),
(197, '1', '::1', 'Chrome 118.0.0.0', 'Windows 10', 'superuser', '21:30:35', '2023-10-18'),
(198, '2', '::1', 'Chrome 118.0.0.0', 'Windows 10', '', '21:31:02', '2023-10-18'),
(199, '1', '::1', 'Chrome 118.0.0.0', 'Windows 10', 'superuser', '21:35:25', '2023-10-18'),
(200, '11', '::1', 'Chrome 118.0.0.0', 'Windows 10', 'siswa', '21:35:58', '2023-10-18'),
(201, '1', '::1', 'Chrome 118.0.0.0', 'Windows 10', 'superuser', '21:38:28', '2023-10-18'),
(202, '198605012009011001', '::1', 'Chrome 118.0.0.0', 'Windows 10', 'guru', '21:39:04', '2023-10-18'),
(203, '1', '::1', 'Chrome 118.0.0.0', 'Windows 10', 'superuser', '21:39:44', '2023-10-18'),
(204, '198710052010012011', '::1', 'Chrome 118.0.0.0', 'Windows 10', 'guru', '21:43:31', '2023-10-18'),
(205, '1', '::1', 'Chrome 118.0.0.0', 'Windows 10', 'superuser', '21:44:08', '2023-10-18'),
(206, '1', '::1', 'Chrome 118.0.0.0', 'Windows 10', 'superuser', '23:58:50', '2023-10-18'),
(207, '107', '::1', 'Chrome 118.0.0.0', 'Windows 10', '', '00:02:23', '2023-10-19'),
(208, '1', '::1', 'Chrome 118.0.0.0', 'Windows 10', 'superuser', '00:03:52', '2023-10-19'),
(209, '12345', '::1', 'Chrome 118.0.0.0', 'Windows 10', 'guru', '00:06:37', '2023-10-19'),
(210, '1', '::1', 'Chrome 118.0.0.0', 'Windows 10', 'superuser', '00:16:08', '2023-10-19'),
(211, '12345', '::1', 'Chrome 118.0.0.0', 'Windows 10', 'guru', '00:39:55', '2023-10-19'),
(212, '12', '::1', 'Chrome 118.0.0.0', 'Windows 10', 'siswa', '00:42:45', '2023-10-19'),
(213, '12345', '::1', 'Chrome 118.0.0.0', 'Windows 10', 'guru', '00:43:33', '2023-10-19'),
(214, '1', '::1', 'Chrome 118.0.0.0', 'Windows 10', 'superuser', '00:44:29', '2023-10-19'),
(215, '12345', '::1', 'Chrome 118.0.0.0', 'Windows 10', 'guru', '00:56:36', '2023-10-19'),
(216, '1', '::1', 'Chrome 118.0.0.0', 'Windows 10', 'superuser', '01:32:35', '2023-10-19'),
(217, '2', '::1', 'Chrome 118.0.0.0', 'Windows 10', '', '01:42:37', '2023-10-19'),
(218, '12345', '::1', 'Chrome 118.0.0.0', 'Windows 10', 'guru', '01:53:00', '2023-10-19'),
(219, '1', '::1', 'Chrome 118.0.0.0', 'Windows 10', 'superuser', '01:54:24', '2023-10-19'),
(220, '1', '::1', 'Chrome 118.0.0.0', 'Windows 10', 'superuser', '02:17:13', '2023-10-19'),
(221, '1', '::1', 'Chrome 118.0.0.0', 'Windows 10', 'superuser', '08:03:04', '2023-10-20'),
(222, '1', '::1', 'Chrome 118.0.0.0', 'Windows 10', 'superuser', '10:12:37', '2023-10-22'),
(223, '1', '::1', 'Chrome 118.0.0.0', 'Windows 10', 'superuser', '16:07:22', '2023-10-22'),
(224, '1', '::1', 'Chrome 118.0.0.0', 'Windows 10', 'superuser', '08:19:25', '2023-10-27'),
(225, '1', '::1', 'Chrome 118.0.0.0', 'Windows 10', 'superuser', '09:12:53', '2023-11-08'),
(226, '1', '::1', 'Chrome 118.0.0.0', 'Windows 10', 'siswa', '10:30:41', '2023-11-08'),
(227, '1', '::1', 'Chrome 119.0.0.0', 'Windows 10', 'superuser', '21:44:13', '2023-11-08'),
(228, '1', '::1', 'Chrome 119.0.0.0', 'Windows 10', 'superuser', '21:56:11', '2023-11-08'),
(229, '1', '::1', 'Chrome 119.0.0.0', 'Windows 10', 'guru', '21:56:37', '2023-11-08'),
(230, '1', '::1', 'Chrome 119.0.0.0', 'Windows 10', 'superuser', '21:57:22', '2023-11-08'),
(0, '1', '::1', 'Chrome 119.0.0.0', 'Windows 10', 'superuser', '11:17:39', '2023-11-12'),
(231, '1', '::1', 'Chrome 119.0.0.0', 'Windows 10', 'superuser', '22:53:11', '2023-11-18'),
(232, '18', '::1', 'Chrome 119.0.0.0', 'Windows 10', 'guru', '17:45:29', '2023-11-20'),
(233, '1', '::1', 'Chrome 119.0.0.0', 'Windows 10', 'superuser', '17:45:52', '2023-11-20'),
(234, '18', '::1', 'Chrome 119.0.0.0', 'Windows 10', 'guru', '17:58:34', '2023-11-20'),
(235, '1', '::1', 'Chrome 119.0.0.0', 'Windows 10', 'superuser', '18:00:59', '2023-11-20'),
(236, '0054826670', '::1', 'Chrome 119.0.0.0', 'Windows 10', 'siswa', '18:01:46', '2023-11-20'),
(237, '18', '::1', 'Chrome 119.0.0.0', 'Windows 10', 'guru', '18:02:31', '2023-11-20'),
(238, '1', '::1', 'Chrome 119.0.0.0', 'Windows 10', 'superuser', '18:04:42', '2023-11-20'),
(239, '18', '::1', 'Chrome 119.0.0.0', 'Windows 10', 'guru', '18:05:28', '2023-11-20'),
(240, '0054826670', '::1', 'Chrome 119.0.0.0', 'Windows 10', 'siswa', '18:06:34', '2023-11-20'),
(241, '18', '::1', 'Chrome 119.0.0.0', 'Windows 10', 'guru', '18:07:09', '2023-11-20'),
(242, '1', '::1', 'Chrome 119.0.0.0', 'Windows 10', 'superuser', '18:07:58', '2023-11-20'),
(243, '18', '::1', 'Chrome 119.0.0.0', 'Windows 10', 'guru', '01:11:36', '2023-11-21'),
(244, '1', '::1', 'Chrome 119.0.0.0', 'Windows 10', 'superuser', '01:12:50', '2023-11-21'),
(245, '18', '::1', 'Chrome 119.0.0.0', 'Windows 10', 'guru', '01:13:32', '2023-11-21'),
(246, '1', '::1', 'Chrome 119.0.0.0', 'Windows 10', 'superuser', '01:14:39', '2023-11-21'),
(247, '18', '::1', 'Chrome 119.0.0.0', 'Windows 10', 'guru', '01:16:39', '2023-11-21'),
(248, '1', '::1', 'Chrome 119.0.0.0', 'Windows 10', 'superuser', '01:17:05', '2023-11-21'),
(249, '18', '::1', 'Chrome 119.0.0.0', 'Windows 10', 'guru', '01:17:36', '2023-11-21'),
(250, '1', '::1', 'Chrome 119.0.0.0', 'Windows 10', 'superuser', '01:18:06', '2023-11-21'),
(251, '18', '::1', 'Chrome 119.0.0.0', 'Windows 10', 'guru', '01:18:19', '2023-11-21'),
(252, '18', '::1', 'Chrome 119.0.0.0', 'Windows 10', 'guru', '01:18:45', '2023-11-21'),
(253, '18', '::1', 'Chrome 119.0.0.0', 'Windows 10', 'guru', '01:19:19', '2023-11-21'),
(254, '1', '::1', 'Chrome 119.0.0.0', 'Windows 10', 'superuser', '01:19:33', '2023-11-21'),
(255, '18', '::1', 'Chrome 119.0.0.0', 'Windows 10', 'guru', '01:26:01', '2023-11-21'),
(256, '1', '::1', 'Chrome 119.0.0.0', 'Windows 10', 'superuser', '01:26:21', '2023-11-21'),
(257, '18', '::1', 'Chrome 119.0.0.0', 'Windows 10', 'guru', '01:28:19', '2023-11-21'),
(258, '1', '::1', 'Chrome 119.0.0.0', 'Windows 10', 'superuser', '01:28:37', '2023-11-21'),
(259, '19', '::1', 'Chrome 119.0.0.0', 'Windows 10', 'guru', '02:24:33', '2023-11-21'),
(260, '1', '::1', 'Chrome 119.0.0.0', 'Windows 10', 'superuser', '02:27:16', '2023-11-21'),
(261, '3', '::1', 'Chrome 119.0.0.0', 'Windows 10', 'guru', '02:29:07', '2023-11-21'),
(262, '18', '::1', 'Chrome 119.0.0.0', 'Windows 10', 'guru', '02:29:37', '2023-11-21'),
(263, '1', '::1', 'Chrome 119.0.0.0', 'Windows 10', 'superuser', '02:36:06', '2023-11-21'),
(264, '9', '::1', 'Chrome 119.0.0.0', 'Windows 10', 'guru', '02:36:47', '2023-11-21'),
(265, '1', '::1', 'Chrome 119.0.0.0', 'Windows 10', 'superuser', '02:37:32', '2023-11-21'),
(266, '9', '::1', 'Chrome 119.0.0.0', 'Windows 10', 'guru', '02:37:57', '2023-11-21'),
(267, '1', '::1', 'Chrome 119.0.0.0', 'Windows 10', 'superuser', '02:38:13', '2023-11-21'),
(268, '2', '::1', 'Chrome 119.0.0.0', 'Windows 10', '', '02:41:55', '2023-11-21'),
(269, '3', '::1', 'Chrome 119.0.0.0', 'Windows 10', 'guru', '02:44:27', '2023-11-21'),
(270, '2', '::1', 'Chrome 119.0.0.0', 'Windows 10', '', '02:44:41', '2023-11-21'),
(271, '1', '::1', 'Chrome 119.0.0.0', 'Windows 10', 'superuser', '02:45:13', '2023-11-21'),
(272, '18', '::1', 'Chrome 119.0.0.0', 'Windows 10', 'guru', '02:48:08', '2023-11-21'),
(273, '1', '::1', 'Chrome 119.0.0.0', 'Windows 10', 'superuser', '02:48:43', '2023-11-21'),
(274, '18', '::1', 'Chrome 119.0.0.0', 'Windows 10', 'guru', '02:49:13', '2023-11-21'),
(275, '1', '::1', 'Chrome 119.0.0.0', 'Windows 10', 'superuser', '02:49:43', '2023-11-21'),
(276, '18', '::1', 'Chrome 119.0.0.0', 'Windows 10', 'guru', '02:50:22', '2023-11-21'),
(277, '1', '::1', 'Chrome 119.0.0.0', 'Windows 10', 'superuser', '02:50:38', '2023-11-21'),
(278, '19', '::1', 'Chrome 119.0.0.0', 'Windows 10', 'guru', '03:01:07', '2023-11-21'),
(279, '18', '::1', 'Chrome 119.0.0.0', 'Windows 10', 'guru', '03:01:31', '2023-11-21'),
(280, '1', '::1', 'Chrome 119.0.0.0', 'Windows 10', 'superuser', '23:16:54', '2023-11-21'),
(281, '1', '::1', 'Chrome 119.0.0.0', 'Windows 10', 'superuser', '16:21:27', '2023-11-23'),
(282, '1', '::1', 'Chrome 119.0.0.0', 'Windows 10', 'superuser', '10:54:23', '2023-11-26'),
(283, '1', '::1', 'Chrome 119.0.0.0', 'Windows 10', 'superuser', '11:02:41', '2023-11-26'),
(284, '1', '::1', 'Chrome 119.0.0.0', 'Windows 10', 'superuser', '14:55:43', '2023-11-26'),
(285, '23', '::1', 'Chrome 119.0.0.0', 'Windows 10', 'guru', '17:49:03', '2023-11-26'),
(286, '1', '::1', 'Chrome 119.0.0.0', 'Windows 10', 'superuser', '17:49:29', '2023-11-26'),
(287, '23', '::1', 'Chrome 119.0.0.0', 'Windows 10', 'guru', '17:50:08', '2023-11-26'),
(288, '1', '::1', 'Chrome 119.0.0.0', 'Windows 10', 'superuser', '17:50:33', '2023-11-26'),
(289, '23', '::1', 'Chrome 119.0.0.0', 'Windows 10', 'guru', '17:51:36', '2023-11-26'),
(290, '1', '::1', 'Chrome 119.0.0.0', 'Windows 10', 'superuser', '17:53:51', '2023-11-26'),
(291, '31', '::1', 'Chrome 119.0.0.0', 'Windows 10', 'guru', '17:57:06', '2023-11-26'),
(292, '1', '::1', 'Chrome 119.0.0.0', 'Windows 10', 'superuser', '17:58:15', '2023-11-26'),
(293, '31', '::1', 'Chrome 119.0.0.0', 'Windows 10', 'guru', '17:59:46', '2023-11-26'),
(294, '1', '::1', 'Chrome 119.0.0.0', 'Windows 10', 'superuser', '18:00:00', '2023-11-26'),
(295, '30', '::1', 'Chrome 119.0.0.0', 'Windows 10', 'guru', '18:02:24', '2023-11-26'),
(296, '1', '::1', 'Chrome 119.0.0.0', 'Windows 10', 'superuser', '18:03:05', '2023-11-26'),
(297, '15', '::1', 'Chrome 119.0.0.0', 'Windows 10', 'guru', '18:08:22', '2023-11-26'),
(298, '1', '::1', 'Chrome 119.0.0.0', 'Windows 10', 'superuser', '18:09:45', '2023-11-26'),
(299, '31', '::1', 'Chrome 119.0.0.0', 'Windows 10', 'guru', '23:37:06', '2023-11-26'),
(300, '1', '::1', 'Chrome 119.0.0.0', 'Windows 10', 'superuser', '23:37:51', '2023-11-26'),
(301, '30', '::1', 'Chrome 119.0.0.0', 'Windows 10', 'guru', '23:38:31', '2023-11-26'),
(302, '1', '::1', 'Chrome 119.0.0.0', 'Windows 10', 'superuser', '23:39:30', '2023-11-26'),
(303, '30', '::1', 'Chrome 119.0.0.0', 'Windows 10', 'guru', '19:35:16', '2023-11-27'),
(304, '1', '::1', 'Chrome 119.0.0.0', 'Windows 10', 'superuser', '21:40:38', '2023-11-27'),
(305, '19', '::1', 'Chrome 119.0.0.0', 'Windows 10', 'guru', '22:20:55', '2023-11-27'),
(306, '1', '::1', 'Chrome 119.0.0.0', 'Windows 10', 'superuser', '23:09:55', '2023-11-27'),
(307, '107', '::1', 'Chrome 119.0.0.0', 'Windows 10', '', '23:13:22', '2023-11-27'),
(308, '1', '::1', 'Chrome 119.0.0.0', 'Windows 10', 'superuser', '23:13:53', '2023-11-27'),
(309, '21', '::1', 'Chrome 119.0.0.0', 'Windows 10', 'guru', '23:19:12', '2023-11-27'),
(310, '30', '::1', 'Chrome 119.0.0.0', 'Windows 10', 'guru', '23:19:44', '2023-11-27'),
(311, '1', '::1', 'Chrome 119.0.0.0', 'Windows 10', 'superuser', '23:59:20', '2023-11-27'),
(312, '21', '::1', 'Chrome 119.0.0.0', 'Windows 10', 'guru', '00:00:55', '2023-11-28'),
(313, '1', '::1', 'Chrome 119.0.0.0', 'Windows 10', 'superuser', '00:04:22', '2023-11-28'),
(314, '21', '::1', 'Chrome 119.0.0.0', 'Windows 10', 'guru', '00:05:26', '2023-11-28'),
(315, '1', '::1', 'Chrome 119.0.0.0', 'Windows 10', 'superuser', '00:06:04', '2023-11-28'),
(316, '21', '::1', 'Chrome 119.0.0.0', 'Windows 10', 'guru', '00:06:41', '2023-11-28'),
(317, '1', '::1', 'Chrome 119.0.0.0', 'Windows 10', 'superuser', '00:12:05', '2023-11-28'),
(318, '21', '::1', 'Chrome 119.0.0.0', 'Windows 10', 'guru', '00:24:06', '2023-11-28'),
(319, '1', '::1', 'Chrome 119.0.0.0', 'Windows 10', 'superuser', '00:37:46', '2023-11-28'),
(320, '23', '::1', 'Chrome 119.0.0.0', 'Windows 10', 'guru', '00:40:14', '2023-11-28'),
(321, '1', '::1', 'Chrome 119.0.0.0', 'Windows 10', 'superuser', '00:42:01', '2023-11-28'),
(322, '1', '::1', 'Chrome 119.0.0.0', 'Windows 10', 'superuser', '00:43:56', '2023-11-28'),
(323, '1', '::1', 'Chrome 119.0.0.0', 'Windows 10', 'superuser', '00:44:36', '2023-11-28'),
(324, '345123', '::1', 'Chrome 119.0.0.0', 'Windows 10', 'siswa', '00:45:41', '2023-11-28'),
(325, '1', '::1', 'Chrome 119.0.0.0', 'Windows 10', 'superuser', '00:47:41', '2023-11-28'),
(326, '1', '::1', 'Chrome 119.0.0.0', 'Windows 10', 'superuser', '08:12:03', '2023-11-28'),
(327, '1', '::1', 'Chrome 119.0.0.0', 'Windows 10', 'superuser', '09:34:29', '2023-11-28'),
(328, '2', '::1', 'Chrome 119.0.0.0', 'Windows 10', '', '21:49:33', '2023-11-28'),
(329, '1', '::1', 'Chrome 119.0.0.0', 'Windows 10', 'superuser', '21:51:14', '2023-11-28'),
(330, '1', '::1', 'Chrome 119.0.0.0', 'Windows 10', 'superuser', '22:25:45', '2023-11-28'),
(331, '1', '::1', 'Chrome 119.0.0.0', 'Windows 10', 'superuser', '22:26:55', '2023-11-28'),
(332, '1', '::1', 'Chrome 119.0.0.0', 'Windows 10', 'superuser', '23:41:37', '2023-11-28'),
(333, '1', '::1', 'Chrome 119.0.0.0', 'Windows 10', 'superuser', '23:42:27', '2023-11-28'),
(334, '1', '::1', 'Chrome 119.0.0.0', 'Windows 10', 'superuser', '23:44:13', '2023-11-28'),
(335, '1', '::1', 'Chrome 119.0.0.0', 'Windows 10', 'superuser', '11:03:49', '2023-11-29'),
(336, '31', '::1', 'Chrome 119.0.0.0', 'Windows 10', 'guru', '11:04:19', '2023-11-29'),
(337, '1', '::1', 'Chrome 119.0.0.0', 'Windows 10', 'superuser', '11:34:39', '2023-11-29'),
(338, '31', '::1', 'Chrome 119.0.0.0', 'Windows 10', 'guru', '11:52:16', '2023-11-29'),
(339, '1', '::1', 'Chrome 119.0.0.0', 'Windows 10', 'superuser', '21:00:52', '2023-11-29'),
(340, '1', '::1', 'Chrome 119.0.0.0', 'Windows 10', 'superuser', '09:17:12', '2023-11-30'),
(341, '2', '::1', 'Chrome 119.0.0.0', 'Windows 10', 'guru', '09:19:02', '2023-11-30'),
(342, '1', '::1', 'Chrome 119.0.0.0', 'Windows 10', 'superuser', '09:19:42', '2023-11-30'),
(343, '6', '::1', 'Chrome 119.0.0.0', 'Windows 10', 'guru', '09:32:13', '2023-11-30'),
(344, '1', '::1', 'Chrome 119.0.0.0', 'Windows 10', 'superuser', '09:32:23', '2023-11-30'),
(345, '1', '::1', 'Chrome 119.0.0.0', 'Windows 10', 'superuser', '17:33:43', '2023-11-30'),
(346, '23', '::1', 'Chrome 119.0.0.0', 'Windows 10', 'guru', '17:34:42', '2023-11-30'),
(347, '1', '::1', 'Chrome 119.0.0.0', 'Windows 10', 'superuser', '17:35:50', '2023-11-29'),
(348, '1', '::1', 'Chrome 119.0.0.0', 'Windows 10', 'superuser', '17:37:40', '2023-11-29'),
(349, '2', '::1', 'Chrome 119.0.0.0', 'Windows 10', '', '17:37:59', '2023-11-29'),
(350, '1', '::1', 'Chrome 119.0.0.0', 'Windows 10', 'superuser', '17:40:21', '2023-11-29'),
(351, '21', '::1', 'Chrome 119.0.0.0', 'Windows 10', 'guru', '20:32:03', '2023-11-30'),
(352, '1', '::1', 'Chrome 119.0.0.0', 'Windows 10', 'superuser', '15:09:05', '2023-12-01'),
(353, '23', '::1', 'Chrome 119.0.0.0', 'Windows 10', 'guru', '10:45:30', '2023-12-02'),
(354, '1', '::1', 'Chrome 119.0.0.0', 'Windows 10', 'superuser', '10:47:07', '2023-12-02'),
(355, '1', '::1', 'Chrome 119.0.0.0', 'Windows 10', 'superuser', '10:51:29', '2023-12-02'),
(356, '3', '::1', 'Chrome 119.0.0.0', 'Windows 10', 'guru', '10:51:55', '2023-12-02'),
(357, '1', '::1', 'Chrome 119.0.0.0', 'Windows 10', 'superuser', '10:52:29', '2023-12-02'),
(358, '3', '::1', 'Chrome 119.0.0.0', 'Windows 10', 'guru', '11:15:39', '2023-12-02'),
(359, '1', '::1', 'Chrome 119.0.0.0', 'Windows 10', 'superuser', '12:46:09', '2023-12-02'),
(360, '3', '::1', 'Chrome 119.0.0.0', 'Windows 10', 'guru', '00:21:52', '2023-12-03'),
(361, '1', '::1', 'Chrome 119.0.0.0', 'Windows 10', 'superuser', '00:41:24', '2023-12-03'),
(362, '3', '::1', 'Chrome 119.0.0.0', 'Windows 10', 'guru', '00:54:28', '2023-12-03'),
(363, '1', '::1', 'Chrome 119.0.0.0', 'Windows 10', 'superuser', '01:53:50', '2023-12-03'),
(364, '1', '::1', 'Chrome 119.0.0.0', 'Windows 10', 'superuser', '01:57:22', '2023-12-03'),
(365, '3', '::1', 'Chrome 119.0.0.0', 'Windows 10', 'guru', '01:58:38', '2023-12-03'),
(366, '1', '::1', 'Chrome 119.0.0.0', 'Windows 10', 'superuser', '01:59:17', '2023-12-03'),
(367, '1', '::1', 'Chrome 119.0.0.0', 'Windows 10', 'superuser', '14:58:39', '2023-12-04'),
(368, '1', '::1', 'Chrome 119.0.0.0', 'Windows 10', 'superuser', '15:03:27', '2023-12-04'),
(369, '1', '::1', 'Chrome 119.0.0.0', 'Windows 10', 'superuser', '15:08:28', '2023-12-04'),
(370, '1', '::1', 'Chrome 119.0.0.0', 'Windows 10', 'superuser', '15:09:35', '2023-12-04'),
(371, '3', '::1', 'Chrome 119.0.0.0', 'Windows 10', 'guru', '15:12:25', '2023-12-04'),
(372, '1', '::1', 'Chrome 119.0.0.0', 'Windows 10', 'superuser', '15:15:19', '2023-12-04'),
(373, '8', '::1', 'Chrome 119.0.0.0', 'Windows 10', 'guru', '16:20:53', '2023-12-04'),
(374, '10', '::1', 'Chrome 119.0.0.0', 'Windows 10', 'guru', '16:21:36', '2023-12-04'),
(375, '11', '::1', 'Chrome 119.0.0.0', 'Windows 10', 'guru', '16:21:46', '2023-12-04'),
(376, '12', '::1', 'Chrome 119.0.0.0', 'Windows 10', 'guru', '16:21:54', '2023-12-04'),
(377, '1', '::1', 'Chrome 119.0.0.0', 'Windows 10', 'superuser', '16:22:36', '2023-12-04'),
(378, '25', '::1', 'Chrome 119.0.0.0', 'Windows 10', 'guru', '16:23:11', '2023-12-04'),
(379, '1', '::1', 'Chrome 119.0.0.0', 'Windows 10', 'superuser', '16:30:16', '2023-12-04'),
(380, '3', '::1', 'Chrome 119.0.0.0', 'Windows 10', 'guru', '07:50:19', '2023-12-05'),
(381, '1', '::1', 'Chrome 119.0.0.0', 'Windows 10', 'superuser', '07:57:39', '2023-12-05'),
(382, '1', '::1', 'Chrome 119.0.0.0', 'Windows 10', 'superuser', '08:53:05', '2023-12-05'),
(383, '3', '::1', 'Chrome 119.0.0.0', 'Windows 10', 'guru', '08:53:18', '2023-12-05'),
(384, '1', '66.96.225.90', 'Chrome 119.0.0.0', 'Windows 10', 'superuser', '09:29:53', '2023-12-05'),
(385, '4', '66.96.225.90', 'Chrome 119.0.0.0', 'Windows 10', 'guru', '09:30:13', '2023-12-05'),
(386, '1', '66.96.225.133', 'Chrome 119.0.0.0', 'Windows 10', 'superuser', '09:35:04', '2023-12-05'),
(387, '1', '66.96.225.133', 'Chrome 119.0.0.0', 'Windows 10', 'superuser', '09:35:31', '2023-12-05'),
(388, '3', '66.96.225.93', 'Chrome 119.0.0.0', 'Windows 10', 'guru', '09:36:31', '2023-12-05'),
(389, '3', '66.96.225.76', 'Chrome 119.0.0.0', 'Windows 10', 'guru', '10:02:50', '2023-12-05'),
(390, '3', '66.96.225.105', 'Chrome 119.0.0.0', 'Windows 10', 'guru', '10:13:54', '2023-12-05'),
(391, '1', '66.96.225.110', 'Chrome 119.0.0.0', 'Windows 10', 'superuser', '10:59:42', '2023-12-05'),
(392, '1', '66.96.225.110', 'Chrome 119.0.0.0', 'Windows 10', 'superuser', '11:00:05', '2023-12-05'),
(393, '31', '140.213.137.152', 'Handheld 17.1.1', 'iPhone', 'guru', '13:39:13', '2023-12-05'),
(394, '3', '111.95.186.47', 'Handheld ', 'Android', 'guru', '14:52:35', '2023-12-05'),
(395, '31', '112.215.231.166', 'Handheld 17.1.1', 'iPhone', 'guru', '15:10:08', '2023-12-05'),
(396, '3', '111.95.186.47', 'Chrome 119.0.0.0', 'Windows 10', 'guru', '16:54:51', '2023-12-05'),
(397, '1', '66.96.225.81', 'Chrome 119.0.0.0', 'Windows 10', 'superuser', '02:30:39', '2023-12-06'),
(398, '3', '66.96.225.81', 'Chrome 119.0.0.0', 'Windows 10', 'guru', '02:31:06', '2023-12-06'),
(399, '4', '66.96.225.81', 'Chrome 119.0.0.0', 'Windows 10', 'guru', '02:31:27', '2023-12-06'),
(400, '3', '66.96.225.81', 'Chrome 119.0.0.0', 'Windows 10', 'guru', '02:31:42', '2023-12-06'),
(401, '1', '66.96.225.81', 'Chrome 119.0.0.0', 'Windows 10', 'superuser', '02:32:01', '2023-12-06'),
(402, '3', '66.96.225.127', 'Chrome 119.0.0.0', 'Windows 10', 'guru', '06:54:58', '2023-12-06'),
(403, '3', '66.96.225.75', 'Chrome 119.0.0.0', 'Windows 10', 'guru', '10:43:39', '2023-12-06'),
(404, '13', '182.2.145.81', 'Chrome 120.0.0.0', 'Windows 10', 'guru', '13:22:28', '2023-12-06'),
(405, '6', '103.47.135.136', 'Chrome 119.0.0.0', 'Windows 10', 'guru', '17:43:18', '2023-12-10'),
(406, '3', '103.47.135.136', 'Chrome 119.0.0.0', 'Windows 10', 'guru', '17:43:31', '2023-12-10'),
(407, '4', '66.96.225.142', 'Chrome 119.0.0.0', 'Windows 10', 'guru', '07:15:48', '2023-12-11'),
(408, '5', '66.96.225.142', 'Chrome 119.0.0.0', 'Windows 10', 'guru', '07:16:05', '2023-12-11'),
(409, '5', '66.96.225.86', 'Chrome 120.0.0.0', 'Windows 10', 'guru', '09:28:57', '2023-12-11'),
(410, '1', '103.125.43.60', 'Chrome 121.0.0.0', 'Windows 10', 'superuser', '08:44:31', '2024-02-18'),
(411, '23', '103.125.43.3', 'Chrome 122.0.0.0', 'Windows 10', 'guru', '11:48:33', '2024-03-03'),
(412, '30', '114.10.15.93', 'Chrome 122.0.0.0', 'Linux', 'guru', '20:21:20', '2024-03-18'),
(413, '23', '103.47.135.96', 'Chrome 125.0.0.0', 'Windows 10', 'guru', '23:31:02', '2024-06-01'),
(414, '1', '203.83.40.26', 'Chrome 141.0.0.0', 'Windows 10', 'superuser', '21:54:46', '2025-10-14'),
(415, '1', '203.83.40.26', 'Chrome 141.0.0.0', 'Windows 10', 'superuser', '21:57:56', '2025-10-14'),
(416, '8', '203.83.40.26', 'Chrome 141.0.0.0', 'Windows 10', 'guru', '21:58:49', '2025-10-14'),
(417, '8', '203.83.40.26', 'Chrome 141.0.0.0', 'Windows 10', 'guru', '22:02:49', '2025-10-14'),
(418, '8', '203.83.40.26', 'Chrome 141.0.0.0', 'Windows 10', 'guru', '22:58:36', '2025-10-14'),
(419, '1', '203.83.40.26', 'Chrome 141.0.0.0', 'Windows 10', 'superuser', '00:04:40', '2025-10-15'),
(420, '8', '203.83.40.26', 'Chrome 141.0.0.0', 'Windows 10', 'guru', '00:16:40', '2025-10-15'),
(421, '8', '203.83.40.61', 'Chrome 141.0.0.0', 'Windows 10', 'guru', '03:18:43', '2025-10-15'),
(422, '1', '203.83.40.61', 'Chrome 141.0.0.0', 'Windows 10', 'superuser', '03:28:02', '2025-10-15'),
(423, '1', '203.83.40.61', 'Chrome 141.0.0.0', 'Windows 10', 'superuser', '03:31:58', '2025-10-15'),
(424, '1', '112.215.151.159', 'Chrome 141.0.0.0', 'Windows 10', 'superuser', '08:25:39', '2025-10-15'),
(425, '1', '112.215.238.211', 'Chrome 141.0.0.0', 'Windows 10', 'superuser', '12:36:58', '2025-10-15'),
(426, '1', '::1', 'Chrome 141.0.0.0', 'Windows 10', 'superuser', '11:18:52', '2025-10-15'),
(427, '8', '::1', 'Chrome 141.0.0.0', 'Windows 10', 'guru', '15:17:38', '2025-10-15'),
(428, '1', '::1', 'Chrome 141.0.0.0', 'Windows 10', 'superuser', '15:24:22', '2025-10-15'),
(429, '8', '::1', 'Chrome 141.0.0.0', 'Windows 10', 'guru', '15:24:31', '2025-10-15'),
(430, '8', '::1', 'Chrome 141.0.0.0', 'Windows 10', 'guru', '06:06:19', '2025-10-16'),
(431, '8', '::1', 'Chrome 141.0.0.0', 'Windows 10', 'guru', '12:00:25', '2025-10-16'),
(432, '8', '::1', 'Chrome 141.0.0.0', 'Windows 10', 'guru', '18:24:17', '2025-10-16'),
(433, '1', '::1', 'Chrome 141.0.0.0', 'Windows 10', 'superuser', '18:32:22', '2025-10-16'),
(434, '8', '::1', 'Chrome 138.0.0.0', 'Windows 10', 'guru', '18:33:51', '2025-10-16'),
(435, '8', '::1', 'Chrome 141.0.0.0', 'Windows 10', 'guru', '18:43:54', '2025-10-16'),
(436, '8', '::1', 'Chrome 141.0.0.0', 'Windows 10', 'guru', '18:44:51', '2025-10-16'),
(437, '1', '::1', 'Chrome 141.0.0.0', 'Windows 10', 'superuser', '20:21:19', '2025-10-16'),
(438, '8', '::1', 'Chrome 141.0.0.0', 'Windows 10', 'guru', '01:28:10', '2025-10-17'),
(439, '1', '::1', 'Chrome 141.0.0.0', 'Windows 10', 'superuser', '01:29:27', '2025-10-17'),
(440, '1', '::1', 'Chrome 141.0.0.0', 'Windows 10', 'superuser', '02:10:17', '2025-10-17'),
(441, '1232123432112345', '::1', 'Chrome 141.0.0.0', 'Windows 10', 'guru', '02:11:05', '2025-10-17'),
(442, '1', '::1', 'Chrome 141.0.0.0', 'Windows 10', 'superuser', '02:11:36', '2025-10-17'),
(443, '1232123432112345', '::1', 'Chrome 141.0.0.0', 'Windows 10', 'guru', '02:16:50', '2025-10-17'),
(444, '1', '::1', 'Chrome 141.0.0.0', 'Windows 10', 'superuser', '02:30:39', '2025-10-17'),
(445, '20235901', '::1', 'Chrome 141.0.0.0', 'Windows 10', 'siswa', '02:31:08', '2025-10-17'),
(446, '1232123432112345', '::1', 'Chrome 141.0.0.0', 'Windows 10', 'guru', '02:32:11', '2025-10-17'),
(447, '20235901', '::1', 'Chrome 141.0.0.0', 'Windows 10', 'siswa', '02:32:35', '2025-10-17'),
(448, '1232123432112345', '::1', 'Chrome 141.0.0.0', 'Windows 10', 'guru', '02:34:11', '2025-10-17'),
(449, '20235901', '::1', 'Chrome 141.0.0.0', 'Windows 10', 'siswa', '02:38:00', '2025-10-17'),
(450, '1232123432112345', '::1', 'Chrome 141.0.0.0', 'Windows 10', 'guru', '02:38:51', '2025-10-17'),
(451, '20235901', '::1', 'Chrome 141.0.0.0', 'Windows 10', 'siswa', '02:41:34', '2025-10-17'),
(452, '1232123432112345', '::1', 'Chrome 141.0.0.0', 'Windows 10', 'guru', '02:43:43', '2025-10-17'),
(453, '8', '::1', 'Chrome 141.0.0.0', 'Windows 10', 'guru', '12:03:48', '2025-10-16'),
(454, '20235901', '::1', 'Chrome 141.0.0.0', 'Windows 10', 'siswa', '08:50:22', '2025-10-17'),
(455, '1232123432112345', '::1', 'Chrome 141.0.0.0', 'Windows 10', 'guru', '08:52:34', '2025-10-17'),
(456, '8', '::1', 'Chrome 141.0.0.0', 'Windows 10', 'guru', '17:40:05', '2025-10-18'),
(457, '1', '::1', 'Chrome 141.0.0.0', 'Windows 10', 'superuser', '17:47:31', '2025-10-18'),
(458, '1', '::1', 'Chrome 141.0.0.0', 'Windows 10', 'superuser', '18:56:42', '2025-10-18'),
(459, '8', '::1', 'Chrome 141.0.0.0', 'Windows 10', 'guru', '21:59:13', '2025-10-18'),
(460, '8', '::1', 'Chrome 141.0.0.0', 'Windows 10', 'guru', '14:09:52', '2025-10-19'),
(461, '1', '::1', 'Chrome 141.0.0.0', 'Windows 10', 'superuser', '18:51:45', '2025-10-19'),
(462, '2', '::1', 'Chrome 141.0.0.0', 'Windows 10', '', '18:52:43', '2025-10-19'),
(463, '8', '::1', 'Chrome 141.0.0.0', 'Windows 10', 'guru', '18:54:07', '2025-10-19'),
(464, '2', '::1', 'Chrome 141.0.0.0', 'Windows 10', '', '18:54:38', '2025-10-19'),
(465, '8', '::1', 'Chrome 141.0.0.0', 'Windows 10', 'guru', '18:57:20', '2025-10-19'),
(466, '1', '::1', 'Chrome 141.0.0.0', 'Windows 10', 'superuser', '20:29:14', '2025-10-19'),
(467, '8', '::1', 'Chrome 141.0.0.0', 'Windows 10', 'guru', '23:35:50', '2025-10-20'),
(468, '1', '::1', 'Chrome 141.0.0.0', 'Windows 10', 'superuser', '23:46:37', '2025-10-19'),
(469, '8', '::1', 'Chrome 141.0.0.0', 'Windows 10', 'guru', '00:15:53', '2025-10-20'),
(470, '1', '::1', 'Chrome 141.0.0.0', 'Windows 10', 'superuser', '00:16:20', '2025-10-20'),
(471, '8', '::1', 'Chrome 141.0.0.0', 'Windows 10', 'guru', '00:17:17', '2025-10-20'),
(472, '1', '::1', 'Chrome 141.0.0.0', 'Windows 10', 'superuser', '00:24:57', '2025-10-20'),
(473, '1', '::1', 'Chrome 142.0.0.0', 'Windows 10', 'superuser', '09:32:25', '2025-11-05'),
(474, '1', '::1', 'Chrome 142.0.0.0', 'Windows 10', 'superuser', '09:35:06', '2025-11-05'),
(475, '8', '::1', 'Chrome 142.0.0.0', 'Windows 10', 'guru', '09:37:46', '2025-11-05'),
(476, '8', '::1', 'Chrome 142.0.0.0', 'Windows 10', 'guru', '07:37:14', '2025-11-06'),
(477, '8', '::1', 'Chrome 142.0.0.0', 'Windows 10', 'guru', '07:45:16', '2025-11-06'),
(478, '1', '::1', 'Chrome 142.0.0.0', 'Windows 10', 'superuser', '07:45:40', '2025-11-06'),
(479, '111', '::1', 'Chrome 142.0.0.0', 'Windows 10', 'siswa', '07:47:05', '2025-11-06'),
(480, '8', '::1', 'Chrome 142.0.0.0', 'Windows 10', 'guru', '07:47:53', '2025-11-06'),
(481, '111', '::1', 'Chrome 142.0.0.0', 'Windows 10', 'siswa', '07:51:22', '2025-11-06'),
(482, '8', '::1', 'Chrome 142.0.0.0', 'Windows 10', 'guru', '07:52:41', '2025-11-06'),
(483, '111', '::1', 'Chrome 142.0.0.0', 'Windows 10', 'siswa', '07:54:31', '2025-11-06'),
(484, '8', '::1', 'Chrome 142.0.0.0', 'Windows 10', 'guru', '07:56:19', '2025-11-06'),
(485, '111', '::1', 'Chrome 142.0.0.0', 'Windows 10', 'siswa', '08:02:24', '2025-11-06'),
(486, '8', '::1', 'Chrome 142.0.0.0', 'Windows 10', 'guru', '08:04:29', '2025-11-06'),
(487, '111', '::1', 'Chrome 142.0.0.0', 'Windows 10', 'siswa', '08:09:02', '2025-11-06'),
(488, '8', '::1', 'Chrome 142.0.0.0', 'Windows 10', 'guru', '08:10:29', '2025-11-06'),
(489, '8', '::1', 'Chrome 142.0.0.0', 'Windows 10', 'guru', '11:05:11', '2025-11-06'),
(490, '1', '::1', 'Chrome 142.0.0.0', 'Windows 10', 'superuser', '11:06:26', '2025-11-06'),
(491, '8', '::1', 'Chrome 142.0.0.0', 'Windows 10', 'guru', '11:22:10', '2025-11-06'),
(492, '8', '::1', 'Chrome 142.0.0.0', 'Windows 10', 'guru', '10:36:04', '2025-11-10'),
(493, '8', '103.47.134.76', 'Chrome 142.0.0.0', 'Windows 10', 'guru', '23:44:30', '2025-11-12'),
(494, '8', '103.47.134.76', 'Chrome 142.0.0.0', 'Windows 10', 'guru', '00:00:46', '2025-11-13'),
(495, '8', '103.47.134.76', 'Chrome 142.0.0.0', 'Windows 10', 'guru', '02:35:29', '2025-11-13'),
(496, '1', '103.47.134.76', 'Chrome 142.0.0.0', 'Windows 10', 'superuser', '02:36:02', '2025-11-13'),
(497, '7', '103.47.134.76', 'Chrome 142.0.0.0', 'Windows 10', 'guru', '02:36:20', '2025-11-13'),
(498, '1', '103.47.134.76', 'Chrome 142.0.0.0', 'Windows 10', 'superuser', '02:36:36', '2025-11-13'),
(499, '23', '103.47.134.76', 'Chrome 142.0.0.0', 'Windows 10', 'guru', '02:37:39', '2025-11-13'),
(500, '1', '103.47.134.76', 'Chrome 142.0.0.0', 'Windows 10', 'superuser', '02:38:09', '2025-11-13'),
(501, '23', '103.47.134.76', 'Chrome 142.0.0.0', 'Windows 10', 'guru', '02:39:00', '2025-11-13'),
(502, '1', '103.47.134.76', 'Chrome 142.0.0.0', 'Windows 10', 'superuser', '02:39:26', '2025-11-13'),
(503, '23', '103.47.134.76', 'Chrome 142.0.0.0', 'Windows 10', 'guru', '02:41:14', '2025-11-13'),
(504, '1', '103.47.134.76', 'Chrome 142.0.0.0', 'Windows 10', 'superuser', '02:42:47', '2025-11-13'),
(505, '2', '103.47.134.76', 'Chrome 142.0.0.0', 'Windows 10', '', '02:43:17', '2025-11-13'),
(506, '1', '103.47.134.76', 'Chrome 142.0.0.0', 'Windows 10', 'superuser', '02:45:35', '2025-11-13'),
(507, 'tenaga@gmail.com', '103.47.134.76', 'Chrome 142.0.0.0', 'Windows 10', 'guru', '02:47:05', '2025-11-13'),
(508, '1', '103.47.134.76', 'Chrome 142.0.0.0', 'Windows 10', 'superuser', '02:47:55', '2025-11-13'),
(509, 'ade@albin.sch.id', '103.47.134.76', 'Chrome 142.0.0.0', 'Windows 10', 'guru', '02:48:43', '2025-11-13'),
(510, '8', '114.10.66.226', 'Chrome 123.0.6312.118', 'Windows Server 2003/XP x64', 'guru', '03:18:31', '2025-11-13'),
(511, '1', '140.213.130.120', 'Chrome 142.0.0.0', 'Windows 10', 'superuser', '13:00:16', '2025-11-18'),
(512, '10', '140.213.130.120', 'Chrome 142.0.0.0', 'Windows 10', 'guru', '13:43:22', '2025-11-18'),
(513, '1', '140.213.142.162', 'Chrome 142.0.0.0', 'Windows 10', 'superuser', '13:47:37', '2025-11-18'),
(514, '3', '140.213.142.162', 'Chrome 142.0.0.0', 'Windows 10', 'guru', '13:50:02', '2025-11-18'),
(515, '1', '140.213.130.120', 'Chrome 142.0.0.0', 'Windows 10', 'superuser', '13:51:00', '2025-11-18'),
(516, '3', '140.213.142.162', 'Chrome 142.0.0.0', 'Windows 10', 'guru', '13:56:55', '2025-11-18'),
(517, '1', '140.213.142.162', 'Chrome 142.0.0.0', 'Windows 10', 'superuser', '13:58:13', '2025-11-18'),
(518, '32', '203.83.40.51', 'Chrome 142.0.0.0', 'Windows 10', 'guru', '18:27:35', '2025-11-18'),
(519, '1', '203.83.40.51', 'Chrome 142.0.0.0', 'Windows 10', 'superuser', '18:28:54', '2025-11-18'),
(520, '1', '203.83.40.51', 'Chrome 142.0.0.0', 'Windows 10', 'superuser', '20:54:12', '2025-11-18'),
(521, '8', '203.83.40.51', 'Chrome 142.0.0.0', 'Windows 10', 'guru', '21:00:33', '2025-11-18'),
(522, '2', '203.83.40.51', 'Chrome 142.0.0.0', 'Windows 10', '', '21:15:06', '2025-11-18'),
(523, '8', '203.83.40.51', 'Chrome 142.0.0.0', 'Windows 10', 'guru', '21:28:53', '2025-11-18'),
(524, '1', '203.83.40.51', 'Chrome 142.0.0.0', 'Windows 10', 'superuser', '21:32:14', '2025-11-18'),
(525, '8', '203.83.40.51', 'Chrome 142.0.0.0', 'Windows 10', 'guru', '23:35:35', '2025-11-18'),
(526, '21', '203.83.40.51', 'Chrome 142.0.0.0', 'Windows 10', 'guru', '23:36:31', '2025-11-18'),
(527, '1', '203.83.40.51', 'Chrome 142.0.0.0', 'Windows 10', 'superuser', '23:38:08', '2025-11-18'),
(528, '21', '203.83.40.51', 'Chrome 142.0.0.0', 'Windows 10', 'guru', '23:38:53', '2025-11-18'),
(529, '1', '203.83.40.51', 'Chrome 142.0.0.0', 'Windows 10', 'superuser', '23:40:07', '2025-11-18'),
(530, '22', '203.83.40.51', 'Chrome 142.0.0.0', 'Windows 10', 'guru', '23:41:02', '2025-11-18'),
(531, '1', '203.83.40.51', 'Chrome 142.0.0.0', 'Windows 10', 'superuser', '23:41:19', '2025-11-18'),
(532, '1', '203.83.40.51', 'Chrome 142.0.0.0', 'Windows 10', 'superuser', '02:11:08', '2025-11-19'),
(533, '0082027662', '203.83.40.51', 'Chrome 142.0.0.0', 'Windows 10', 'siswa', '02:14:02', '2025-11-19'),
(534, '1', '203.83.40.51', 'Chrome 142.0.0.0', 'Windows 10', 'superuser', '02:14:26', '2025-11-19'),
(535, '0087325980', '203.83.40.51', 'Chrome 142.0.0.0', 'Windows 10', 'siswa', '03:27:30', '2025-11-19'),
(536, '0097298759', '203.83.40.51', 'Chrome 142.0.0.0', 'Windows 10', 'siswa', '03:31:40', '2025-11-19'),
(537, '0097298759', '114.8.210.179', 'Chrome 142.0.0.0', 'Windows 10', 'siswa', '03:45:04', '2025-11-19'),
(538, '30', '114.8.210.179', 'Chrome 142.0.0.0', 'Windows 10', 'guru', '03:46:07', '2025-11-19'),
(539, '0098000543', '114.8.210.179', 'Chrome 142.0.0.0', 'Windows 10', 'siswa', '03:47:16', '2025-11-19'),
(540, '2', '103.121.145.97', 'Chrome 142.0.0.0', 'Linux', '', '06:38:05', '2025-11-19'),
(541, '8', '112.215.235.4', 'Handheld ', 'Android', 'guru', '08:49:43', '2025-11-19'),
(542, '52', '180.214.247.106', 'Chrome 142.0.0.0', 'Windows 10', 'guru', '10:32:01', '2025-11-19'),
(543, '32', '114.10.69.216', 'Handheld ', 'Android', 'guru', '11:09:43', '2025-11-19'),
(544, '16', '114.4.78.30', 'Chrome 142.0.0.0', 'Linux', 'guru', '11:11:17', '2025-11-19'),
(545, '32', '114.10.69.216', 'Handheld ', 'Android', 'guru', '11:15:00', '2025-11-19');
INSERT INTO `rb_users_aktivitas` (`id_users_aktivitas`, `identitas`, `ip_address`, `browser`, `os`, `status`, `jam`, `tanggal`) VALUES
(546, '11', '111.95.174.20', 'Chrome 141.0.0.0', 'Windows 10', 'guru', '11:40:00', '2025-11-19'),
(547, '4', '182.2.141.39', 'Chrome 142.0.0.0', 'Windows 10', 'guru', '12:11:02', '2025-11-19'),
(548, '30', '114.10.67.161', 'Chrome 142.0.0.0', 'Windows 10', 'guru', '14:06:54', '2025-11-19'),
(549, '29', '114.10.67.161', 'Chrome 142.0.0.0', 'Windows 10', 'guru', '14:08:20', '2025-11-19'),
(550, '30', '114.10.67.161', 'Chrome 142.0.0.0', 'Windows 10', 'guru', '14:09:35', '2025-11-19'),
(551, '2', '114.10.67.161', 'Chrome 142.0.0.0', 'Windows 10', '', '14:15:24', '2025-11-19'),
(552, '2', '182.2.147.54', 'Chrome 141.0.0.0', 'Windows 10', '', '14:32:13', '2025-11-19'),
(553, '5', '182.2.165.190', 'Chrome 142.0.0.0', 'Windows 10', 'guru', '19:21:54', '2025-11-19'),
(554, '8', '112.215.151.34', 'Chrome 142.0.0.0', 'Windows 10', 'guru', '09:11:01', '2025-11-20'),
(555, '1', '112.215.151.34', 'Chrome 142.0.0.0', 'Windows 10', 'superuser', '09:12:43', '2025-11-20'),
(556, '22', '112.215.151.34', 'Chrome 142.0.0.0', 'Windows 10', 'guru', '09:13:11', '2025-11-20'),
(557, '8', '140.213.140.109', 'Chrome 142.0.0.0', 'Windows 10', 'guru', '11:55:06', '2025-11-20'),
(558, '0091788922', '140.213.140.109', 'Chrome 142.0.0.0', 'Windows 10', 'siswa', '12:02:28', '2025-11-20'),
(559, '8', '140.213.140.109', 'Chrome 142.0.0.0', 'Windows 10', 'guru', '12:02:53', '2025-11-20'),
(560, '0091788922', '140.213.140.109', 'Chrome 142.0.0.0', 'Windows 10', 'siswa', '12:03:21', '2025-11-20'),
(561, '8', '140.213.140.109', 'Chrome 142.0.0.0', 'Windows 10', 'guru', '12:03:39', '2025-11-20'),
(562, '0091788922', '140.213.140.109', 'Chrome 142.0.0.0', 'Windows 10', 'siswa', '12:04:09', '2025-11-20'),
(563, '8', '140.213.250.20', 'Chrome 142.0.0.0', 'Windows 10', 'guru', '14:30:57', '2025-11-20'),
(564, '8', '112.215.225.212', 'Chrome 142.0.0.0', 'Windows 10', 'guru', '14:46:32', '2025-11-20'),
(565, '8', '140.213.250.20', 'Chrome 142.0.0.0', 'Windows 10', 'guru', '14:52:53', '2025-11-20'),
(566, '8', '140.213.250.20', 'Chrome 142.0.0.0', 'Windows 10', 'guru', '15:02:49', '2025-11-20'),
(567, '8', '112.215.225.212', 'Chrome 142.0.0.0', 'Windows 10', 'guru', '15:09:31', '2025-11-20'),
(568, '1', '203.83.40.51', 'Chrome 142.0.0.0', 'Windows 10', 'superuser', '18:29:43', '2025-11-20'),
(569, '8', '203.83.40.51', 'Chrome 142.0.0.0', 'Windows 10', 'guru', '18:30:55', '2025-11-20'),
(570, '1', '203.83.40.51', 'Chrome 142.0.0.0', 'Windows 10', 'superuser', '18:31:29', '2025-11-20'),
(571, '8', '203.83.40.51', 'Chrome 142.0.0.0', 'Windows 10', 'guru', '18:36:50', '2025-11-20'),
(572, '8', '203.83.40.51', 'Chrome 142.0.0.0', 'Windows 10', 'guru', '18:56:01', '2025-11-20'),
(573, '1', '140.213.2.130', 'Chrome 142.0.0.0', 'Windows 10', 'superuser', '19:47:10', '2025-11-20'),
(574, '0082027662', '140.213.0.181', 'Chrome 142.0.0.0', 'Windows 10', 'siswa', '19:51:37', '2025-11-20'),
(575, '8', '140.213.0.181', 'Chrome 142.0.0.0', 'Windows 10', 'guru', '19:52:00', '2025-11-20'),
(576, '0082027662', '140.213.0.181', 'Chrome 142.0.0.0', 'Windows 10', 'siswa', '19:52:41', '2025-11-20'),
(577, '8', '140.213.0.181', 'Chrome 142.0.0.0', 'Windows 10', 'guru', '19:53:34', '2025-11-20'),
(578, '1', '112.215.65.180', 'Chrome 142.0.0.0', 'Windows 10', 'superuser', '22:00:42', '2025-11-21'),
(579, '61', '140.213.2.174', 'Chrome 142.0.0.0', 'Windows 10', 'guru', '22:26:56', '2025-11-21'),
(580, '2', '140.213.2.174', 'Chrome 142.0.0.0', 'Windows 10', '', '22:28:09', '2025-11-21'),
(581, '1', '140.213.2.174', 'Chrome 142.0.0.0', 'Windows 10', 'superuser', '22:32:58', '2025-11-21'),
(582, '8', '::1', 'Chrome 142.0.0.0', 'Windows 10', 'guru', '06:31:33', '2025-11-22'),
(583, '8', '::1', 'Chrome 142.0.0.0', 'Windows 10', 'guru', '06:33:12', '2025-11-22'),
(584, '1', '::1', 'Chrome 142.0.0.0', 'Windows 10', 'superuser', '06:33:38', '2025-11-22'),
(585, '2', '::1', 'Chrome 142.0.0.0', 'Windows 10', '', '06:34:17', '2025-11-22'),
(586, '2', '127.0.0.1', 'Firefox 145.0', 'Windows 10', '', '07:28:14', '2025-11-22'),
(587, '2', '::1', 'Chrome 142.0.0.0', 'Windows 10', '', '07:41:52', '2025-11-22'),
(588, '2', '::1', 'Chrome 142.0.0.0', 'Windows 10', '', '07:42:32', '2025-11-22'),
(589, '1', '::1', 'Chrome 142.0.0.0', 'Windows 10', 'superuser', '08:06:20', '2025-11-22'),
(590, '2', '::1', 'Chrome 142.0.0.0', 'Windows 10', '', '08:14:19', '2025-11-22'),
(591, '1', '::1', 'Chrome 142.0.0.0', 'Windows 10', 'superuser', '09:10:02', '2025-11-22'),
(592, '2', '::1', 'Chrome 142.0.0.0', 'Windows 10', '', '09:10:14', '2025-11-22'),
(593, '8', '::1', 'Chrome 142.0.0.0', 'Windows 10', 'guru', '09:21:59', '2025-11-22'),
(594, '1', '::1', 'Chrome 139.0.0.0', 'Windows 10', 'superuser', '11:01:42', '2025-11-22'),
(595, '8', '::1', 'Chrome 142.0.0.0', 'Windows 10', 'guru', '23:33:17', '2025-11-27'),
(596, '21', '::1', 'Chrome 142.0.0.0', 'Windows 10', 'guru', '23:33:37', '2025-11-27'),
(597, '1', '::1', 'Chrome 142.0.0.0', 'Windows 10', 'superuser', '23:33:47', '2025-11-27'),
(598, 'ade@albin.sch.id', '::1', 'Chrome 142.0.0.0', 'Windows 10', 'guru', '23:34:16', '2025-11-27'),
(599, '2', '::1', 'Chrome 142.0.0.0', 'Windows 10', '', '09:43:06', '2025-11-30'),
(600, '8', '::1', 'Chrome 142.0.0.0', 'Windows 10', 'guru', '09:50:02', '2025-11-30'),
(601, '2', '::1', 'Chrome 142.0.0.0', 'Windows 10', '', '10:17:57', '2025-12-02'),
(602, '1', '::1', 'Chrome 142.0.0.0', 'Windows 10', 'superuser', '19:44:58', '2025-12-02'),
(603, '2', '::1', 'Chrome 142.0.0.0', 'Windows 10', '', '19:45:38', '2025-12-02'),
(604, '8', '::1', 'Chrome 142.0.0.0', 'Windows 10', 'guru', '21:48:36', '2025-12-02'),
(605, '1', '::1', 'Chrome 142.0.0.0', 'Windows 10', 'superuser', '21:50:08', '2025-12-02'),
(606, 'demo', '::1', 'Chrome 142.0.0.0', 'Windows 10', 'guru', '21:51:29', '2025-12-02'),
(607, '1', '::1', 'Chrome 142.0.0.0', 'Windows 10', 'superuser', '08:21:39', '2025-12-13'),
(608, '8', '::1', 'Chrome 142.0.0.0', 'Windows 10', 'guru', '08:28:15', '2025-12-13'),
(609, '1', '::1', 'Chrome 142.0.0.0', 'Windows 10', 'superuser', '08:42:53', '2025-12-13'),
(610, '1', '::1', 'Chrome 142.0.0.0', 'Windows 10', 'superuser', '08:43:26', '2025-12-13'),
(611, '0098000543', '::1', 'Chrome 142.0.0.0', 'Windows 10', 'siswa', '08:43:44', '2025-12-13'),
(612, '1', '::1', 'Chrome 142.0.0.0', 'Windows 10', 'superuser', '08:54:09', '2025-12-13'),
(613, '8', '::1', 'Chrome 142.0.0.0', 'Windows 10', 'guru', '09:13:45', '2025-12-13'),
(614, '0098000543', '::1', 'Chrome 142.0.0.0', 'Windows 10', 'siswa', '09:20:46', '2025-12-13'),
(615, '1', '::1', 'Chrome 142.0.0.0', 'Windows 10', 'superuser', '13:37:38', '2025-12-14'),
(616, '8', '::1', 'Chrome 142.0.0.0', 'Windows 10', 'guru', '15:05:13', '2025-12-14'),
(617, '0098000543', '::1', 'Chrome 142.0.0.0', 'Windows 10', 'siswa', '15:25:15', '2025-12-14'),
(618, '1', '::1', 'Chrome 142.0.0.0', 'Windows 10', 'superuser', '01:31:33', '2025-12-15'),
(619, '109', '::1', 'Chrome 142.0.0.0', 'Windows 10', 'superuser', '01:48:57', '2025-12-15'),
(620, '8', '::1', 'Chrome 142.0.0.0', 'Windows 10', 'guru', '01:49:11', '2025-12-15'),
(621, '0098000543', '::1', 'Chrome 142.0.0.0', 'Windows 10', 'siswa', '01:50:40', '2025-12-15'),
(622, '109', '::1', 'Chrome 142.0.0.0', 'Windows 10', 'superuser', '01:56:45', '2025-12-15');

--
-- Indexes for dumped tables
--

--
-- Indeks untuk tabel `rb_absensi_guru`
--
ALTER TABLE `rb_absensi_guru`
  ADD PRIMARY KEY (`id_absensi_guru`);

--
-- Indeks untuk tabel `rb_absensi_siswa`
--
ALTER TABLE `rb_absensi_siswa`
  ADD PRIMARY KEY (`id_absensi_siswa`);

--
-- Indeks untuk tabel `rb_agama`
--
ALTER TABLE `rb_agama`
  ADD PRIMARY KEY (`id_agama`);

--
-- Indeks untuk tabel `rb_elearning`
--
ALTER TABLE `rb_elearning`
  ADD PRIMARY KEY (`id_elearning`);

--
-- Indeks untuk tabel `rb_elearning1`
--
ALTER TABLE `rb_elearning1`
  ADD PRIMARY KEY (`id_elearning`);

--
-- Indeks untuk tabel `rb_elearning_jawab`
--
ALTER TABLE `rb_elearning_jawab`
  ADD PRIMARY KEY (`id_elearning_jawab`);

--
-- Indeks untuk tabel `rb_forum_komentar`
--
ALTER TABLE `rb_forum_komentar`
  ADD PRIMARY KEY (`id_forum_komentar`);

--
-- Indeks untuk tabel `rb_forum_topic`
--
ALTER TABLE `rb_forum_topic`
  ADD PRIMARY KEY (`id_forum_topic`);

--
-- Indeks untuk tabel `rb_gedung`
--
ALTER TABLE `rb_gedung`
  ADD PRIMARY KEY (`kode_gedung`);

--
-- Indeks untuk tabel `rb_golongan`
--
ALTER TABLE `rb_golongan`
  ADD PRIMARY KEY (`id_golongan`);

--
-- Indeks untuk tabel `rb_guru`
--
ALTER TABLE `rb_guru`
  ADD PRIMARY KEY (`nip`);

--
-- Indeks untuk tabel `rb_halaman`
--
ALTER TABLE `rb_halaman`
  ADD PRIMARY KEY (`id_halaman`);

--
-- Indeks untuk tabel `rb_identitas_sekolah`
--
ALTER TABLE `rb_identitas_sekolah`
  ADD PRIMARY KEY (`id_identitas_sekolah`);

--
-- Indeks untuk tabel `rb_jadwal_pelajaran`
--
ALTER TABLE `rb_jadwal_pelajaran`
  ADD PRIMARY KEY (`kodejdwl`);

--
-- Indeks untuk tabel `rb_jawaban_essai`
--
ALTER TABLE `rb_jawaban_essai`
  ADD PRIMARY KEY (`id_jawaban_essai`);

--
-- Indeks untuk tabel `rb_jawaban_objektif`
--
ALTER TABLE `rb_jawaban_objektif`
  ADD PRIMARY KEY (`id_jawaban_objektif`);

--
-- Indeks untuk tabel `rb_jenis_kelamin`
--
ALTER TABLE `rb_jenis_kelamin`
  ADD PRIMARY KEY (`id_jenis_kelamin`);

--
-- Indeks untuk tabel `rb_jenis_ptk`
--
ALTER TABLE `rb_jenis_ptk`
  ADD PRIMARY KEY (`id_jenis_ptk`);

--
-- Indeks untuk tabel `rb_journal_list`
--
ALTER TABLE `rb_journal_list`
  ADD PRIMARY KEY (`id_journal`);

--
-- Indeks untuk tabel `rb_jurusan`
--
ALTER TABLE `rb_jurusan`
  ADD PRIMARY KEY (`kode_jurusan`);

--
-- Indeks untuk tabel `rb_kategori_elearning`
--
ALTER TABLE `rb_kategori_elearning`
  ADD PRIMARY KEY (`id_kategori_elearning`);

--
-- Indeks untuk tabel `rb_kategori_elearning1`
--
ALTER TABLE `rb_kategori_elearning1`
  ADD PRIMARY KEY (`id_kategori_elearning`);

--
-- Indeks untuk tabel `rb_kategori_quiz_ujian`
--
ALTER TABLE `rb_kategori_quiz_ujian`
  ADD PRIMARY KEY (`id_kategori_quiz_ujian`);

--
-- Indeks untuk tabel `rb_kehadiran`
--
ALTER TABLE `rb_kehadiran`
  ADD PRIMARY KEY (`kode_kehadiran`);

--
-- Indeks untuk tabel `rb_kelas`
--
ALTER TABLE `rb_kelas`
  ADD PRIMARY KEY (`kode_kelas`);

--
-- Indeks untuk tabel `rb_kelompok_mata_pelajaran`
--
ALTER TABLE `rb_kelompok_mata_pelajaran`
  ADD PRIMARY KEY (`id_kelompok_mata_pelajaran`);

--
-- Indeks untuk tabel `rb_kompetensi_dasar`
--
ALTER TABLE `rb_kompetensi_dasar`
  ADD PRIMARY KEY (`id_kompetensi_dasar`);

--
-- Indeks untuk tabel `rb_kurikulum`
--
ALTER TABLE `rb_kurikulum`
  ADD PRIMARY KEY (`kode_kurikulum`);

--
-- Indeks untuk tabel `rb_mata_pelajaran`
--
ALTER TABLE `rb_mata_pelajaran`
  ADD PRIMARY KEY (`kode_pelajaran`);

--
-- Indeks untuk tabel `rb_menu`
--
ALTER TABLE `rb_menu`
  ADD PRIMARY KEY (`id_menu`);

--
-- Indeks untuk tabel `rb_nilai_extrakulikuler`
--
ALTER TABLE `rb_nilai_extrakulikuler`
  ADD PRIMARY KEY (`id_nilai_extrakulikuler`);

--
-- Indeks untuk tabel `rb_nilai_kehadiran`
--
ALTER TABLE `rb_nilai_kehadiran`
  ADD PRIMARY KEY (`id_nilai_prestasi`);

--
-- Indeks untuk tabel `rb_nilai_keterampilan`
--
ALTER TABLE `rb_nilai_keterampilan`
  ADD PRIMARY KEY (`id_nilai_keterampilan`);

--
-- Indeks untuk tabel `rb_nilai_pengetahuan`
--
ALTER TABLE `rb_nilai_pengetahuan`
  ADD PRIMARY KEY (`id_nilai_pengetahuan`);

--
-- Indeks untuk tabel `rb_nilai_pertanyaan_essai`
--
ALTER TABLE `rb_nilai_pertanyaan_essai`
  ADD PRIMARY KEY (`id_nilai_pertanyaan_essai`);

--
-- Indeks untuk tabel `rb_nilai_prakerin`
--
ALTER TABLE `rb_nilai_prakerin`
  ADD PRIMARY KEY (`id_nilai_extrakulikuler`);

--
-- Indeks untuk tabel `rb_nilai_prestasi`
--
ALTER TABLE `rb_nilai_prestasi`
  ADD PRIMARY KEY (`id_nilai_prestasi`);

--
-- Indeks untuk tabel `rb_nilai_sikap`
--
ALTER TABLE `rb_nilai_sikap`
  ADD PRIMARY KEY (`id_nilai_sikap`);

--
-- Indeks untuk tabel `rb_nilai_sikap_semester`
--
ALTER TABLE `rb_nilai_sikap_semester`
  ADD PRIMARY KEY (`id_nilai_sikap_semester`);

--
-- Indeks untuk tabel `rb_nilai_uts`
--
ALTER TABLE `rb_nilai_uts`
  ADD PRIMARY KEY (`id_nilai_uts`);

--
-- Indeks untuk tabel `rb_pertanyaan_essai`
--
ALTER TABLE `rb_pertanyaan_essai`
  ADD PRIMARY KEY (`id_pertanyaan_essai`);

--
-- Indeks untuk tabel `rb_pertanyaan_objektif`
--
ALTER TABLE `rb_pertanyaan_objektif`
  ADD PRIMARY KEY (`id_pertanyaan_objektif`);

--
-- Indeks untuk tabel `rb_pertanyaan_penilaian`
--
ALTER TABLE `rb_pertanyaan_penilaian`
  ADD PRIMARY KEY (`id_pertanyaan_penilaian`);

--
-- Indeks untuk tabel `rb_pertanyaan_penilaian_jawab`
--
ALTER TABLE `rb_pertanyaan_penilaian_jawab`
  ADD PRIMARY KEY (`id_pertanyaan_penilaian_jawab`);

--
-- Indeks untuk tabel `rb_piket`
--
ALTER TABLE `rb_piket`
  ADD PRIMARY KEY (`nip`);

--
-- Indeks untuk tabel `rb_predikat`
--
ALTER TABLE `rb_predikat`
  ADD PRIMARY KEY (`id_predikat`);

--
-- Indeks untuk tabel `rb_psb_aktivasi`
--
ALTER TABLE `rb_psb_aktivasi`
  ADD PRIMARY KEY (`id_aktivasi`);

--
-- Indeks untuk tabel `rb_psb_pendaftaran`
--
ALTER TABLE `rb_psb_pendaftaran`
  ADD PRIMARY KEY (`id_pendaftaran`);

--
-- Indeks untuk tabel `rb_psb_pendaftaran_saudara`
--
ALTER TABLE `rb_psb_pendaftaran_saudara`
  ADD PRIMARY KEY (`id_saudara`);

--
-- Indeks untuk tabel `rb_quiz_ujian`
--
ALTER TABLE `rb_quiz_ujian`
  ADD PRIMARY KEY (`id_quiz_ujian`);

--
-- Indeks untuk tabel `rb_ruangan`
--
ALTER TABLE `rb_ruangan`
  ADD PRIMARY KEY (`kode_ruangan`);

--
-- Indeks untuk tabel `rb_sesi`
--
ALTER TABLE `rb_sesi`
  ADD PRIMARY KEY (`id_sesi`);

--
-- Indeks untuk tabel `rb_siswa`
--
ALTER TABLE `rb_siswa`
  ADD PRIMARY KEY (`id_siswa`);

--
-- Indeks untuk tabel `rb_sms`
--
ALTER TABLE `rb_sms`
  ADD PRIMARY KEY (`id_sms`);

--
-- Indeks untuk tabel `rb_sms_autoreply`
--
ALTER TABLE `rb_sms_autoreply`
  ADD PRIMARY KEY (`id_autoreply`);

--
-- Indeks untuk tabel `rb_sms_inbox`
--
ALTER TABLE `rb_sms_inbox`
  ADD PRIMARY KEY (`id`);

--
-- Indeks untuk tabel `rb_sms_outbox`
--
ALTER TABLE `rb_sms_outbox`
  ADD PRIMARY KEY (`id_outbox`);

--
-- Indeks untuk tabel `rb_status_keaktifan`
--
ALTER TABLE `rb_status_keaktifan`
  ADD PRIMARY KEY (`id_status_keaktifan`);

--
-- Indeks untuk tabel `rb_status_kepegawaian`
--
ALTER TABLE `rb_status_kepegawaian`
  ADD PRIMARY KEY (`id_status_kepegawaian`);

--
-- Indeks untuk tabel `rb_status_pernikahan`
--
ALTER TABLE `rb_status_pernikahan`
  ADD PRIMARY KEY (`id_status_pernikahan`);

--
-- Indeks untuk tabel `rb_tahun_akademik`
--
ALTER TABLE `rb_tahun_akademik`
  ADD PRIMARY KEY (`id_tahun_akademik`);

--
-- Indeks untuk tabel `rb_users`
--
ALTER TABLE `rb_users`
  ADD PRIMARY KEY (`id_user`);

--
-- Indeks untuk tabel `rb_users_aktivitas`
--
ALTER TABLE `rb_users_aktivitas`
  ADD PRIMARY KEY (`id_users_aktivitas`);

--
-- AUTO_INCREMENT untuk tabel yang dibuang
--

--
-- AUTO_INCREMENT untuk tabel `rb_absensi_guru`
--
ALTER TABLE `rb_absensi_guru`
  MODIFY `id_absensi_guru` int(5) NOT NULL AUTO_INCREMENT, AUTO_INCREMENT=38;

--
-- AUTO_INCREMENT untuk tabel `rb_absensi_siswa`
--
ALTER TABLE `rb_absensi_siswa`
  MODIFY `id_absensi_siswa` int(5) NOT NULL AUTO_INCREMENT, AUTO_INCREMENT=418;

--
-- AUTO_INCREMENT untuk tabel `rb_agama`
--
ALTER TABLE `rb_agama`
  MODIFY `id_agama` int(5) NOT NULL AUTO_INCREMENT, AUTO_INCREMENT=5;

--
-- AUTO_INCREMENT untuk tabel `rb_elearning`
--
ALTER TABLE `rb_elearning`
  MODIFY `id_elearning` int(10) NOT NULL AUTO_INCREMENT, AUTO_INCREMENT=50;

--
-- AUTO_INCREMENT untuk tabel `rb_elearning1`
--
ALTER TABLE `rb_elearning1`
  MODIFY `id_elearning` int(10) NOT NULL AUTO_INCREMENT, AUTO_INCREMENT=69;

--
-- AUTO_INCREMENT untuk tabel `rb_elearning_jawab`
--
ALTER TABLE `rb_elearning_jawab`
  MODIFY `id_elearning_jawab` int(5) NOT NULL AUTO_INCREMENT, AUTO_INCREMENT=7;

--
-- AUTO_INCREMENT untuk tabel `rb_forum_komentar`
--
ALTER TABLE `rb_forum_komentar`
  MODIFY `id_forum_komentar` int(10) NOT NULL AUTO_INCREMENT, AUTO_INCREMENT=17;

--
-- AUTO_INCREMENT untuk tabel `rb_forum_topic`
--
ALTER TABLE `rb_forum_topic`
  MODIFY `id_forum_topic` int(10) NOT NULL AUTO_INCREMENT, AUTO_INCREMENT=9;

--
-- AUTO_INCREMENT untuk tabel `rb_golongan`
--
ALTER TABLE `rb_golongan`
  MODIFY `id_golongan` int(5) NOT NULL AUTO_INCREMENT, AUTO_INCREMENT=2;

--
-- AUTO_INCREMENT untuk tabel `rb_halaman`
--
ALTER TABLE `rb_halaman`
  MODIFY `id_halaman` int(11) NOT NULL AUTO_INCREMENT, AUTO_INCREMENT=5;

--
-- AUTO_INCREMENT untuk tabel `rb_identitas_sekolah`
--
ALTER TABLE `rb_identitas_sekolah`
  MODIFY `id_identitas_sekolah` int(5) NOT NULL AUTO_INCREMENT, AUTO_INCREMENT=2;

--
-- AUTO_INCREMENT untuk tabel `rb_jadwal_pelajaran`
--
ALTER TABLE `rb_jadwal_pelajaran`
  MODIFY `kodejdwl` int(10) NOT NULL AUTO_INCREMENT, AUTO_INCREMENT=364;

--
-- AUTO_INCREMENT untuk tabel `rb_jawaban_essai`
--
ALTER TABLE `rb_jawaban_essai`
  MODIFY `id_jawaban_essai` int(5) NOT NULL AUTO_INCREMENT, AUTO_INCREMENT=14;

--
-- AUTO_INCREMENT untuk tabel `rb_jawaban_objektif`
--
ALTER TABLE `rb_jawaban_objektif`
  MODIFY `id_jawaban_objektif` int(5) NOT NULL AUTO_INCREMENT, AUTO_INCREMENT=31;

--
-- AUTO_INCREMENT untuk tabel `rb_jenis_kelamin`
--
ALTER TABLE `rb_jenis_kelamin`
  MODIFY `id_jenis_kelamin` int(5) NOT NULL AUTO_INCREMENT, AUTO_INCREMENT=3;

--
-- AUTO_INCREMENT untuk tabel `rb_jenis_ptk`
--
ALTER TABLE `rb_jenis_ptk`
  MODIFY `id_jenis_ptk` int(5) NOT NULL AUTO_INCREMENT, AUTO_INCREMENT=5;

--
-- AUTO_INCREMENT untuk tabel `rb_journal_list`
--
ALTER TABLE `rb_journal_list`
  MODIFY `id_journal` int(10) NOT NULL AUTO_INCREMENT, AUTO_INCREMENT=17;

--
-- AUTO_INCREMENT untuk tabel `rb_kategori_elearning`
--
ALTER TABLE `rb_kategori_elearning`
  MODIFY `id_kategori_elearning` int(5) NOT NULL AUTO_INCREMENT, AUTO_INCREMENT=3;

--
-- AUTO_INCREMENT untuk tabel `rb_kategori_elearning1`
--
ALTER TABLE `rb_kategori_elearning1`
  MODIFY `id_kategori_elearning` int(5) NOT NULL AUTO_INCREMENT, AUTO_INCREMENT=4;

--
-- AUTO_INCREMENT untuk tabel `rb_kategori_quiz_ujian`
--
ALTER TABLE `rb_kategori_quiz_ujian`
  MODIFY `id_kategori_quiz_ujian` int(5) NOT NULL AUTO_INCREMENT, AUTO_INCREMENT=3;

--
-- AUTO_INCREMENT untuk tabel `rb_kelompok_mata_pelajaran`
--
ALTER TABLE `rb_kelompok_mata_pelajaran`
  MODIFY `id_kelompok_mata_pelajaran` int(5) NOT NULL AUTO_INCREMENT, AUTO_INCREMENT=15;

--
-- AUTO_INCREMENT untuk tabel `rb_kompetensi_dasar`
--
ALTER TABLE `rb_kompetensi_dasar`
  MODIFY `id_kompetensi_dasar` int(10) NOT NULL AUTO_INCREMENT, AUTO_INCREMENT=18;

--
-- AUTO_INCREMENT untuk tabel `rb_kurikulum`
--
ALTER TABLE `rb_kurikulum`
  MODIFY `kode_kurikulum` int(5) NOT NULL AUTO_INCREMENT, AUTO_INCREMENT=7;

--
-- AUTO_INCREMENT untuk tabel `rb_menu`
--
ALTER TABLE `rb_menu`
  MODIFY `id_menu` int(5) NOT NULL AUTO_INCREMENT, AUTO_INCREMENT=137;

--
-- AUTO_INCREMENT untuk tabel `rb_nilai_extrakulikuler`
--
ALTER TABLE `rb_nilai_extrakulikuler`
  MODIFY `id_nilai_extrakulikuler` int(10) NOT NULL AUTO_INCREMENT, AUTO_INCREMENT=10;

--
-- AUTO_INCREMENT untuk tabel `rb_nilai_kehadiran`
--
ALTER TABLE `rb_nilai_kehadiran`
  MODIFY `id_nilai_prestasi` int(10) NOT NULL AUTO_INCREMENT, AUTO_INCREMENT=17;

--
-- AUTO_INCREMENT untuk tabel `rb_nilai_keterampilan`
--
ALTER TABLE `rb_nilai_keterampilan`
  MODIFY `id_nilai_keterampilan` int(10) NOT NULL AUTO_INCREMENT, AUTO_INCREMENT=44;

--
-- AUTO_INCREMENT untuk tabel `rb_nilai_pengetahuan`
--
ALTER TABLE `rb_nilai_pengetahuan`
  MODIFY `id_nilai_pengetahuan` int(10) NOT NULL AUTO_INCREMENT, AUTO_INCREMENT=52;

--
-- AUTO_INCREMENT untuk tabel `rb_nilai_pertanyaan_essai`
--
ALTER TABLE `rb_nilai_pertanyaan_essai`
  MODIFY `id_nilai_pertanyaan_essai` int(5) NOT NULL AUTO_INCREMENT, AUTO_INCREMENT=9;

--
-- AUTO_INCREMENT untuk tabel `rb_nilai_prakerin`
--
ALTER TABLE `rb_nilai_prakerin`
  MODIFY `id_nilai_extrakulikuler` int(10) NOT NULL AUTO_INCREMENT, AUTO_INCREMENT=8;

--
-- AUTO_INCREMENT untuk tabel `rb_nilai_prestasi`
--
ALTER TABLE `rb_nilai_prestasi`
  MODIFY `id_nilai_prestasi` int(10) NOT NULL AUTO_INCREMENT, AUTO_INCREMENT=9;

--
-- AUTO_INCREMENT untuk tabel `rb_nilai_sikap`
--
ALTER TABLE `rb_nilai_sikap`
  MODIFY `id_nilai_sikap` int(10) NOT NULL AUTO_INCREMENT, AUTO_INCREMENT=20;

--
-- AUTO_INCREMENT untuk tabel `rb_nilai_sikap_semester`
--
ALTER TABLE `rb_nilai_sikap_semester`
  MODIFY `id_nilai_sikap_semester` int(10) NOT NULL AUTO_INCREMENT, AUTO_INCREMENT=5;

--
-- AUTO_INCREMENT untuk tabel `rb_nilai_uts`
--
ALTER TABLE `rb_nilai_uts`
  MODIFY `id_nilai_uts` int(10) NOT NULL AUTO_INCREMENT, AUTO_INCREMENT=10;

--
-- AUTO_INCREMENT untuk tabel `rb_pertanyaan_essai`
--
ALTER TABLE `rb_pertanyaan_essai`
  MODIFY `id_pertanyaan_essai` int(11) NOT NULL AUTO_INCREMENT, AUTO_INCREMENT=21;

--
-- AUTO_INCREMENT untuk tabel `rb_pertanyaan_objektif`
--
ALTER TABLE `rb_pertanyaan_objektif`
  MODIFY `id_pertanyaan_objektif` int(11) NOT NULL AUTO_INCREMENT, AUTO_INCREMENT=18;

--
-- AUTO_INCREMENT untuk tabel `rb_pertanyaan_penilaian`
--
ALTER TABLE `rb_pertanyaan_penilaian`
  MODIFY `id_pertanyaan_penilaian` int(5) NOT NULL AUTO_INCREMENT, AUTO_INCREMENT=6;

--
-- AUTO_INCREMENT untuk tabel `rb_pertanyaan_penilaian_jawab`
--
ALTER TABLE `rb_pertanyaan_penilaian_jawab`
  MODIFY `id_pertanyaan_penilaian_jawab` int(10) NOT NULL AUTO_INCREMENT, AUTO_INCREMENT=29;

--
-- AUTO_INCREMENT untuk tabel `rb_predikat`
--
ALTER TABLE `rb_predikat`
  MODIFY `id_predikat` int(5) NOT NULL AUTO_INCREMENT, AUTO_INCREMENT=11;

--
-- AUTO_INCREMENT untuk tabel `rb_psb_aktivasi`
--
ALTER TABLE `rb_psb_aktivasi`
  MODIFY `id_aktivasi` int(10) NOT NULL AUTO_INCREMENT, AUTO_INCREMENT=7;

--
-- AUTO_INCREMENT untuk tabel `rb_psb_pendaftaran`
--
ALTER TABLE `rb_psb_pendaftaran`
  MODIFY `id_pendaftaran` int(10) NOT NULL AUTO_INCREMENT, AUTO_INCREMENT=6;

--
-- AUTO_INCREMENT untuk tabel `rb_psb_pendaftaran_saudara`
--
ALTER TABLE `rb_psb_pendaftaran_saudara`
  MODIFY `id_saudara` int(10) NOT NULL AUTO_INCREMENT, AUTO_INCREMENT=12;

--
-- AUTO_INCREMENT untuk tabel `rb_quiz_ujian`
--
ALTER TABLE `rb_quiz_ujian`
  MODIFY `id_quiz_ujian` int(5) NOT NULL AUTO_INCREMENT, AUTO_INCREMENT=18;

--
-- AUTO_INCREMENT untuk tabel `rb_sesi`
--
ALTER TABLE `rb_sesi`
  MODIFY `id_sesi` int(5) NOT NULL AUTO_INCREMENT, AUTO_INCREMENT=7;

--
-- AUTO_INCREMENT untuk tabel `rb_siswa`
--
ALTER TABLE `rb_siswa`
  MODIFY `id_siswa` int(10) NOT NULL AUTO_INCREMENT, AUTO_INCREMENT=2133;

--
-- AUTO_INCREMENT untuk tabel `rb_sms`
--
ALTER TABLE `rb_sms`
  MODIFY `id_sms` int(5) NOT NULL AUTO_INCREMENT, AUTO_INCREMENT=10;

--
-- AUTO_INCREMENT untuk tabel `rb_sms_autoreply`
--
ALTER TABLE `rb_sms_autoreply`
  MODIFY `id_autoreply` int(5) NOT NULL AUTO_INCREMENT, AUTO_INCREMENT=3;

--
-- AUTO_INCREMENT untuk tabel `rb_sms_inbox`
--
ALTER TABLE `rb_sms_inbox`
  MODIFY `id` int(11) NOT NULL AUTO_INCREMENT, AUTO_INCREMENT=3;

--
-- AUTO_INCREMENT untuk tabel `rb_sms_outbox`
--
ALTER TABLE `rb_sms_outbox`
  MODIFY `id_outbox` int(5) NOT NULL AUTO_INCREMENT;

--
-- AUTO_INCREMENT untuk tabel `rb_status_keaktifan`
--
ALTER TABLE `rb_status_keaktifan`
  MODIFY `id_status_keaktifan` int(5) NOT NULL AUTO_INCREMENT, AUTO_INCREMENT=3;

--
-- AUTO_INCREMENT untuk tabel `rb_status_kepegawaian`
--
ALTER TABLE `rb_status_kepegawaian`
  MODIFY `id_status_kepegawaian` int(5) NOT NULL AUTO_INCREMENT, AUTO_INCREMENT=7;

--
-- AUTO_INCREMENT untuk tabel `rb_status_pernikahan`
--
ALTER TABLE `rb_status_pernikahan`
  MODIFY `id_status_pernikahan` int(5) NOT NULL AUTO_INCREMENT, AUTO_INCREMENT=3;

--
-- AUTO_INCREMENT untuk tabel `rb_tahun_akademik`
--
ALTER TABLE `rb_tahun_akademik`
  MODIFY `id_tahun_akademik` int(5) NOT NULL AUTO_INCREMENT, AUTO_INCREMENT=20252;

--
-- AUTO_INCREMENT untuk tabel `rb_users`
--
ALTER TABLE `rb_users`
  MODIFY `id_user` int(5) NOT NULL AUTO_INCREMENT, AUTO_INCREMENT=110;

--
-- AUTO_INCREMENT untuk tabel `rb_users_aktivitas`
--
ALTER TABLE `rb_users_aktivitas`
  MODIFY `id_users_aktivitas` int(10) NOT NULL AUTO_INCREMENT, AUTO_INCREMENT=623;
COMMIT;

/*!40101 SET CHARACTER_SET_CLIENT=@OLD_CHARACTER_SET_CLIENT */;
/*!40101 SET CHARACTER_SET_RESULTS=@OLD_CHARACTER_SET_RESULTS */;
/*!40101 SET COLLATION_CONNECTION=@OLD_COLLATION_CONNECTION */;
